Bell No,Actual Time,Contest Model,HawkEar Model,RWP Model,Metronomic Model
1,55150,55150,55150,55438.9,55150
2,55470,55393.5,55393.5,55665.7,55370.6
3,55710,55637,55637,55892.5,55591.2
4,55970,55880.4,55880.4,56119.4,55811.8
5,56280,56123.9,56123.9,56346.2,56032.4
6,56480,56367.4,56367.4,56573.1,56253
7,56760,56610.9,56610.9,56799.9,56473.5
8,56970,56854.3,56854.3,57026.7,56694.1
9,57310,57097.8,57097.8,57253.6,56914.7
10,57530,57341.3,57341.3,57480.4,57135.3
11,57790,57584.8,57584.8,57707.2,57355.9
12,57940,57828.3,57828.3,57934.1,57576.5
1,58160,58071.7,58071.7,58160.9,57797.1
2,58420,58315.2,58315.2,58387.8,58017.7
3,58730,58558.7,58558.7,58614.6,58238.3
4,58900,58802.2,58802.2,58841.4,58458.9
5,59180,59045.7,59045.7,59068.3,58679.5
6,59390,59289.1,59289.1,59295.1,58900.1
7,59600,59532.6,59532.6,59521.9,59120.6
8,59840,59776.1,59776.1,59748.8,59341.2
9,60050,60019.6,60019.6,59975.6,59561.8
10,60280,60263,60263,60202.5,59782.4
11,60480,60506.5,60506.5,60429.3,60003
12,60750,60750,60750,60656.1,60223.6
1,61190,61176.2,61196.6,61132.6,60664.8
2,61380,61399.6,61418.7,61359.5,60885.4
3,61580,61623,61640.8,61586.3,61106
4,61780,61846.4,61862.9,61813.1,61326.6
5,62030,62069.9,62085,62040,61547.2
6,62290,62293.3,62307.1,62266.8,61767.7
7,62490,62516.7,62529.2,62493.6,61988.3
8,62750,62740.1,62751.3,62720.5,62208.9
9,63010,62963.5,62973.4,62947.3,62429.5
10,63190,63186.9,63195.6,63174.2,62650.1
11,63370,63410.3,63417.7,63401,62870.7
12,63710,63633.7,63639.8,63627.8,63091.3
1,63870,63857.1,63861.9,63854.7,63311.9
2,64070,64080.5,64084,64081.5,63532.5
3,64370,64304,64306.1,64308.3,63753.1
4,64560,64527.4,64528.2,64535.2,63973.7
5,64730,64750.8,64750.3,64762,64194.2
6,64950,64974.2,64972.4,64988.9,64414.8
7,65160,65197.6,65194.6,65215.7,64635.4
8,65370,65421,65416.7,65442.5,64856
9,65620,65644.4,65638.8,65669.4,65076.6
10,65860,65867.8,65860.9,65896.2,65297.2
11,66050,66091.2,66083,66123,65517.8
12,66410,66314.6,66305.1,66349.9,65738.4
1,66770,66779.4,66768.9,66762.5,66179.6
2,67050,67001.2,66991.4,66985.9,66400.2
3,67250,67223,67213.9,67209.4,66620.8
4,67460,67444.8,67436.3,67432.8,66841.3
5,67670,67666.6,67658.8,67656.2,67061.9
6,67910,67888.4,67881.3,67879.7,67282.5
7,68070,68110.2,68103.8,68103.1,67503.1
8,68310,68332,68326.2,68326.6,67723.7
9,68560,68553.8,68548.7,68550,67944.3
10,68750,68775.6,68771.2,68773.5,68164.9
11,68980,68997.4,68993.7,68996.9,68385.5
12,69250,69219.3,69216.1,69220.4,68606.1
1,69470,69441.1,69438.6,69443.8,68826.7
2,69680,69662.9,69661.1,69667.3,69047.3
3,69900,69884.7,69883.6,69890.7,69267.8
4,70120,70106.5,70106,70114.1,69488.4
5,70260,70328.3,70328.5,70337.6,69709
6,70540,70550.1,70551,70561,69929.6
7,70780,70771.9,70773.5,70784.5,70150.2
8,70960,70993.7,70995.9,71007.9,70370.8
9,71190,71215.5,71218.4,71231.4,70591.4
10,71430,71437.3,71440.9,71454.8,70812
11,71690,71659.2,71663.4,71678.3,71032.6
12,71920,71881,71885.8,71901.7,71253.2
1,72340,72326.4,72326.4,72303.3,71694.4
2,72560,72546.5,72546.6,72525.3,71914.9
3,72750,72766.7,72766.7,72747.4,72135.5
4,72990,72986.8,72986.9,72969.5,72356.1
5,73210,73207,73207,73191.5,72576.7
6,73410,73427.1,73427.2,73413.6,72797.3
7,73640,73647.3,73647.3,73635.7,73017.9
8,73850,73867.4,73867.5,73857.8,73238.5
9,74090,74087.6,74087.6,74079.8,73459.1
10,74320,74307.7,74307.8,74301.9,73679.7
11,74510,74527.9,74527.9,74524,73900.3
12,74750,74748,74748,74746,74120.9
1,75000,74968.2,74968.2,74968.1,74341.5
2,75190,75188.3,75188.3,75190.2,74562
3,75430,75408.5,75408.5,75412.3,74782.6
4,75600,75628.6,75628.6,75634.3,75003.2
5,75810,75848.8,75848.8,75856.4,75223.8
6,76020,76068.9,76068.9,76078.5,75444.4
7,76280,76289.1,76289.1,76300.5,75665
8,76480,76509.2,76509.2,76522.6,75885.6
9,76770,76729.4,76729.3,76744.7,76106.2
10,76980,76949.5,76949.5,76966.8,76326.8
11,77160,77169.7,77169.6,77188.8,76547.4
12,77430,77389.8,77389.8,77410.9,76768
1,77850,77838.4,77839.1,77828.8,77209.1
2,78070,78059.4,78059.5,78050.6,77429.7
3,78290,78280.4,78279.9,78272.5,77650.3
4,78490,78501.4,78500.3,78494.3,77870.9
5,78710,78722.4,78720.8,78716.1,78091.5
6,78970,78943.3,78941.2,78937.9,78312.1
7,79160,79164.3,79161.6,79159.7,78532.7
8,79370,79385.3,79382,79381.5,78753.3
9,79580,79606.3,79602.5,79603.3,78973.9
10,79830,79827.3,79822.9,79825.1,79194.5
11,80000,80048.2,80043.3,80046.9,79415.1
12,80270,80269.2,80263.7,80268.7,79635.6
1,80500,80490.2,80484.2,80490.5,79856.2
2,80710,80711.2,80704.6,80712.3,80076.8
3,80930,80932.2,80925,80934.1,80297.4
4,81150,81153.1,81145.5,81155.9,80518
5,81400,81374.1,81365.9,81377.7,80738.6
6,81610,81595.1,81586.3,81599.5,80959.2
7,81820,81816.1,81806.7,81821.3,81179.8
8,82030,82037.1,82027.2,82043.1,81400.4
9,82250,82258,82247.6,82264.9,81621
10,82480,82479,82468,82486.7,81841.6
11,82690,82700,82688.4,82708.5,82062.1
12,82950,82921,82908.9,82930.3,82282.7
1,83350,83360.2,83353,83343.9,82723.9
2,83580,83580.5,83573.6,83565.4,82944.5
3,83790,83800.8,83794.1,83786.9,83165.1
4,83990,84021.1,84014.6,84008.4,83385.7
5,84210,84241.4,84235.1,84229.9,83606.3
6,84510,84461.6,84455.7,84451.4,83826.9
7,84680,84681.9,84676.2,84672.9,84047.5
8,84910,84902.2,84896.7,84894.5,84268.1
9,85130,85122.5,85117.3,85116,84488.7
10,85340,85342.8,85337.8,85337.5,84709.2
11,85540,85563.1,85558.3,85559,84929.8
12,85760,85783.3,85778.8,85780.5,85150.4
1,85990,86003.6,85999.4,86002,85371
2,86230,86223.9,86219.9,86223.5,85591.6
3,86450,86444.2,86440.4,86445,85812.2
4,86640,86664.5,86660.9,86666.5,86032.8
5,86880,86884.8,86881.5,86888,86253.4
6,87140,87105.1,87102,87109.6,86474
7,87360,87325.3,87322.5,87331.1,86694.6
8,87560,87545.6,87543,87552.6,86915.2
9,87760,87765.9,87763.6,87774.1,87135.8
10,87990,87986.2,87984.1,87995.6,87356.3
11,88150,88206.5,88204.6,88217.1,87576.9
12,88450,88426.8,88425.2,88438.6,87797.5
1,88850,88867.5,88864.7,88852.5,88238.7
2,89080,89087.8,89085.2,89073.9,88459.3
3,89320,89308.1,89305.7,89295.4,88679.9
4,89500,89528.4,89526.2,89516.8,88900.5
5,89730,89748.7,89746.7,89738.3,89121.1
6,90000,89968.9,89967.2,89959.7,89341.7
7,90210,90189.2,90187.7,90181.2,89562.3
8,90440,90409.5,90408.2,90402.6,89782.8
9,90650,90629.8,90628.7,90624.1,90003.4
10,90810,90850.1,90849.1,90845.5,90224
11,91060,91070.3,91069.6,91067,90444.6
12,91300,91290.6,91290.1,91288.4,90665.2
1,91490,91510.9,91510.6,91509.9,90885.8
2,91720,91731.2,91731.1,91731.3,91106.4
3,91930,91951.5,91951.6,91952.8,91327
4,92150,92171.7,92172.1,92174.2,91547.6
5,92390,92392,92392.6,92395.7,91768.2
6,92630,92612.3,92613.1,92617.1,91988.8
7,92810,92832.6,92833.6,92838.6,92209.4
8,93020,93052.9,93054.1,93060.1,92429.9
9,93270,93273.1,93274.6,93281.5,92650.5
10,93530,93493.4,93495.1,93503,92871.1
11,93710,93713.7,93715.5,93724.4,93091.7
12,93980,93934,93936,93945.9,93312.3
1,94390,94376.7,94374.6,94363.2,93753.5
2,94610,94596.8,94595.1,94584.4,93974.1
3,94800,94817,94815.5,94805.7,94194.7
4,95040,95037.2,95035.9,95027,94415.3
5,95220,95257.3,95256.3,95248.3,94635.9
6,95490,95477.5,95476.7,95469.6,94856.4
7,95710,95697.6,95697.2,95690.9,95077
8,95890,95917.8,95917.6,95912.1,95297.6
9,96130,96137.9,96138,96133.4,95518.2
10,96340,96358.1,96358.4,96354.7,95738.8
11,96580,96578.3,96578.8,96576,95959.4
12,96810,96798.4,96799.3,96797.3,96180
1,97040,97018.6,97019.7,97018.6,96400.6
2,97250,97238.7,97240.1,97239.8,96621.2
3,97470,97458.9,97460.5,97461.1,96841.8
4,97710,97679,97680.9,97682.4,97062.4
5,97880,97899.2,97901.4,97903.7,97283
6,98120,98119.4,98121.8,98125,97503.5
7,98330,98339.5,98342.2,98346.3,97724.1
8,98520,98559.7,98562.6,98567.5,97944.7
9,98770,98779.8,98783,98788.8,98165.3
10,99010,99000,99003.5,99010.1,98385.9
11,99200,99220.1,99223.9,99231.4,98606.5
12,99480,99440.3,99444.3,99452.7,98827.1
1,99870,99883.1,99878.8,99868.6,99268.3
2,100090,100103,100099,100089,99488.9
3,100350,100322,100319,100310,99709.5
4,100530,100542,100539,100531,99930.1
5,100770,100761,100760,100752,100151
6,101000,100981,100980,100972,100371
7,101220,101200,101200,101193,100592
8,101440,101420,101420,101414,100812
9,101660,101639,101641,101635,101033
10,101840,101859,101861,101856,101254
11,102040,102078,102081,102076,101474
12,102320,102298,102301,102297,101695
1,102520,102517,102521,102518,101915
2,102720,102737,102742,102739,102136
3,102940,102957,102962,102959,102357
4,103160,103176,103182,103180,102577
5,103380,103396,103402,103401,102798
6,103620,103615,103622,103622,103018
7,103820,103835,103843,103843,103239
8,103990,104054,104063,104063,103460
9,104280,104274,104283,104284,103680
10,104550,104493,104503,104505,103901
11,104710,104713,104724,104726,104121
12,104960,104932,104944,104946,104342
1,105370,105369,105371,105353,104783
2,105580,105589,105591,105574,105004
3,105810,105808,105811,105795,105224
4,106000,106028,106031,106015,105445
5,106250,106247,106251,106236,105665
6,106470,106467,106471,106457,105886
7,106690,106686,106691,106677,106107
8,106880,106906,106910,106898,106327
9,107100,107125,107130,107119,106548
10,107330,107344,107350,107339,106768
11,107580,107564,107570,107560,106989
12,107800,107783,107790,107781,107210
1,107990,108003,108010,108001,107430
2,108220,108222,108230,108222,107651
3,108450,108442,108449,108442,107871
4,108650,108661,108669,108663,108092
5,108890,108880,108889,108884,108313
6,109110,109100,109109,109104,108533
7,109320,109319,109329,109325,108754
8,109540,109539,109549,109546,108974
9,109740,109758,109769,109766,109195
10,109980,109978,109988,109987,109415
11,110150,110197,110208,110208,109636
12,110480,110417,110428,110428,109857
1,110870,110855,110862,110834,110298
2,111080,111075,111082,111056,110518
3,111310,111296,111302,111278,110739
4,111500,111516,111521,111499,110960
5,111720,111736,111741,111721,111180
6,111960,111956,111961,111943,111401
7,112140,112176,112181,112165,111621
8,112360,112396,112400,112387,111842
9,112610,112616,112620,112608,112063
10,112840,112836,112840,112830,112283
11,113040,113056,113060,113052,112504
12,113270,113276,113279,113274,112724
1,113490,113496,113499,113495,112945
2,113710,113716,113719,113717,113166
3,113930,113936,113938,113939,113386
4,114160,114156,114158,114161,113607
5,114420,114376,114378,114383,113827
6,114590,114596,114598,114604,114048
7,114850,114816,114817,114826,114268
8,115050,115036,115037,115048,114489
9,115250,115256,115257,115270,114710
10,115470,115476,115477,115491,114930
11,115680,115697,115696,115713,115151
12,115930,115917,115916,115935,115371
2,116390,116371,116376,116366,115813
1,116600,116592,116597,116588,116033
4,116800,116814,116817,116811,116254
3,117070,117036,117037,117033,116474
6,117270,117258,117258,117256,116695
5,117500,117479,117478,117478,116916
8,117710,117701,117698,117701,117136
7,117920,117923,117919,117923,117357
10,118090,118145,118139,118145,117577
9,118380,118366,118359,118368,117798
12,118590,118588,118580,118590,118019
11,118820,118810,118800,118813,118239
1,119050,119032,119020,119035,118460
2,119290,119253,119241,119257,118680
4,119470,119475,119461,119480,118901
6,119720,119697,119681,119702,119122
3,119910,119919,119902,119925,119342
8,120130,120140,120122,120147,119563
5,120330,120362,120342,120369,119783
10,120540,120584,120563,120592,120004
7,120730,120806,120783,120814,120224
12,121040,121027,121003,121037,120445
9,121310,121249,121224,121259,120666
11,121510,121471,121444,121481,120886
2,121950,121914,121899,121891,121327
1,122150,122135,122120,122114,121548
6,122360,122355,122341,122336,121769
4,122580,122575,122562,122558,121989
8,122810,122796,122782,122781,122210
3,123040,123016,123003,123003,122430
10,123200,123236,123224,123226,122651
5,123440,123457,123445,123448,122872
12,123690,123677,123665,123670,123092
7,123810,123897,123886,123893,123313
11,124100,124118,124107,124115,123533
9,124380,124338,124327,124338,123754
2,124530,124558,124548,124560,123975
6,124820,124779,124769,124782,124195
1,125030,124999,124990,125005,124416
4,125220,125219,125210,125227,124636
3,125480,125440,125431,125450,124857
8,125660,125660,125652,125672,125077
5,125880,125880,125873,125894,125298
10,126030,126101,126093,126117,125519
7,126290,126321,126314,126339,125739
12,126530,126541,126535,126562,125960
9,126790,126762,126756,126784,126180
11,127000,126982,126976,127006,126401
6,127520,127438,127433,127429,126842
2,127710,127660,127654,127651,127063
4,127880,127881,127875,127874,127283
1,128120,128102,128097,128096,127504
8,128340,128324,128318,128319,127725
3,128540,128545,128539,128541,127945
10,128720,128767,128760,128764,128166
5,128960,128988,128981,128986,128386
12,129190,129209,129202,129209,128607
7,129340,129431,129424,129431,128828
11,129620,129652,129645,129654,129048
9,129900,129874,129866,129876,129269
6,130120,130095,130087,130099,129489
2,130350,130316,130308,130321,129710
1,130570,130538,130529,130544,129930
4,130760,130759,130750,130766,130151
8,130990,130981,130972,130989,130372
10,131150,131202,131193,131211,130592
3,131440,131423,131414,131434,130813
12,131690,131645,131635,131656,131033
5,131880,131866,131856,131879,131254
11,132090,132088,132077,132101,131475
7,132290,132309,132299,132324,131695
9,132530,132530,132520,132546,131916
2,132980,132974,132968,132961,132357
6,133210,133195,133189,133184,132578
4,133400,133416,133410,133406,132798
1,133640,133638,133632,133628,133019
10,133820,133859,133853,133850,133239
8,134060,134080,134074,134072,133460
12,134360,134301,134296,134295,133681
3,134520,134522,134517,134517,133901
11,134710,134743,134738,134739,134122
5,134950,134965,134959,134961,134342
9,135160,135186,135181,135183,134563
7,135360,135407,135402,135406,134783
6,135680,135628,135623,135628,135004
2,135870,135849,135845,135850,135225
4,136080,136070,136066,136072,135445
10,136320,136292,136287,136294,135666
1,136520,136513,136509,136517,135886
8,136720,136734,136730,136739,136107
3,136970,136955,136951,136961,136328
12,137180,137176,137173,137183,136548
5,137400,137397,137394,137405,136769
11,137630,137619,137615,137627,136989
7,137820,137840,137837,137850,137210
9,138040,138061,138058,138072,137431
2,138540,138501,138498,138487,137872
6,138730,138722,138719,138710,138092
10,138900,138943,138941,138932,138313
4,139200,139164,139162,139154,138534
8,139400,139385,139383,139376,138754
1,139580,139606,139604,139598,138975
12,139850,139827,139826,139820,139195
3,140050,140048,140047,140042,139416
11,140270,140269,140268,140264,139637
5,140470,140490,140489,140486,139857
9,140700,140711,140711,140708,140078
7,140870,140932,140932,140930,140298
2,141120,141153,141153,141152,140519
10,141320,141374,141374,141374,140739
6,141590,141595,141596,141596,140960
4,141820,141816,141817,141818,141181
1,142030,142037,142038,142040,141401
8,142240,142258,142259,142262,141622
12,142480,142479,142481,142484,141842
11,142760,142700,142702,142706,142063
3,142930,142921,142923,142928,142284
9,143140,143142,143144,143150,142504
5,143350,143362,143366,143372,142725
7,143640,143583,143587,143594,142945
10,144010,144018,144024,144011,143387
2,144220,144240,144245,144233,143607
4,144450,144461,144466,144455,143828
6,144690,144683,144687,144676,144048
8,144920,144904,144908,144898,144269
1,145110,145126,145130,145120,144490
11,145280,145347,145351,145342,144710
12,145560,145569,145572,145564,144931
9,145760,145790,145793,145786,145151
3,146000,146012,146014,146007,145372
7,146280,146233,146235,146229,145592
5,146490,146455,146456,146451,145813
2,146670,146676,146678,146673,146034
10,146880,146898,146899,146895,146254
6,147100,147119,147120,147117,146475
4,147360,147340,147341,147339,146695
8,147580,147562,147562,147560,146916
11,147780,147783,147783,147782,147137
1,147970,148005,148004,148004,147357
12,148200,148226,148226,148226,147578
3,148430,148448,148447,148448,147798
9,148670,148669,148668,148670,148019
5,148920,148891,148889,148891,148240
7,149160,149112,149110,149113,148460
10,149560,149547,149543,149529,148901
2,149750,149767,149764,149751,149122
4,149980,149987,149985,149972,149343
6,150190,150207,150206,150194,149563
11,150450,150427,150426,150415,149784
8,150660,150648,150647,150637,150004
12,150870,150868,150868,150858,150225
1,151020,151088,151089,151080,150445
9,151290,151308,151310,151301,150666
3,151500,151528,151531,151523,150887
7,151740,151748,151751,151744,151107
5,151970,151968,151972,151966,151328
10,152190,152188,152193,152187,151548
4,152460,152409,152414,152409,151769
2,152630,152629,152635,152630,151990
11,152890,152849,152856,152852,152210
6,153080,153069,153077,153073,152431
8,153340,153289,153297,153295,152651
1,153490,153509,153518,153516,152872
12,153730,153729,153739,153738,153093
9,153950,153950,153960,153959,153313
7,154140,154170,154181,154181,153534
3,154340,154390,154402,154402,153754
5,154620,154610,154623,154624,153975
4,155020,155044,155053,155038,154416
10,155260,155265,155274,155259,154637
11,155470,155486,155494,155480,154857
2,155700,155707,155715,155701,155078
8,155910,155928,155935,155923,155298
6,156170,156148,156156,156144,155519
12,156420,156369,156377,156365,155740
1,156590,156590,156597,156586,155960
7,156770,156811,156818,156807,156181
9,157000,157032,157038,157028,156401
5,157200,157252,157259,157250,156622
3,157440,157473,157480,157471,156843
10,157710,157694,157700,157692,157063
4,157940,157915,157921,157913,157284
2,158150,158136,158141,158134,157504
11,158340,158356,158362,158355,157725
6,158600,158577,158582,158576,157946
8,158810,158798,158803,158798,158166
12,159060,159019,159024,159019,158387
7,159250,159240,159244,159240,158607
1,159420,159460,159465,159461,158828
9,159700,159681,159685,159682,159049
3,159900,159902,159906,159903,159269
5,160120,160123,160126,160124,159490
4,160530,160546,160555,160533,159931
10,160750,160766,160775,160755,160151
11,161010,160987,160996,160976,160372
2,161190,161208,161216,161197,160593
8,161390,161428,161436,161419,160813
6,161680,161649,161656,161640,161034
7,161850,161870,161877,161861,161254
12,162130,162090,162097,162082,161475
9,162270,162311,162317,162304,161696
1,162500,162532,162538,162525,161916
5,162680,162752,162758,162746,162137
3,162970,162973,162978,162968,162357
4,163160,163193,163198,163189,162578
11,163400,163414,163419,163410,162799
10,163640,163635,163639,163632,163019
8,163860,163855,163859,163853,163240
2,164080,164076,164080,164074,163460
7,164320,164297,164300,164295,163681
6,164510,164517,164520,164517,163902
12,164740,164738,164740,164738,164122
1,164950,164959,164961,164959,164343
9,165200,165179,165181,165181,164563
3,165400,165400,165401,165402,164784
5,165670,165620,165622,165623,165005
11,166100,166058,166060,166043,165446
4,166240,166278,166280,166264,165666
8,166490,166498,166500,166486,165887
10,166710,166718,166720,166708,166107
7,166970,166938,166940,166929,166328
2,167180,167159,167161,167151,166549
12,167380,167379,167381,167372,166769
6,167600,167599,167601,167594,166990
9,167840,167819,167821,167815,167210
1,168030,168039,168041,168037,167431
5,168220,168259,168262,168258,167652
3,168430,168480,168482,168480,167872
4,168700,168700,168702,168701,168093
11,168920,168920,168922,168923,168313
10,169160,169140,169142,169144,168534
8,169380,169360,169363,169366,168755
2,169620,169580,169583,169587,168975
7,169790,169801,169803,169809,169196
6,170030,170021,170023,170030,169416
12,170260,170241,170243,170252,169637
9,170460,170461,170464,170473,169858
5,170680,170681,170684,170695,170078
1,170890,170901,170904,170916,170299
3,171090,171122,171124,171138,170519
11,171560,171557,171566,171552,170960
4,171760,171778,171786,171773,171181
8,172050,171999,172006,171994,171402
10,172220,172220,172226,172216,171622
7,172400,172441,172447,172437,171843
2,172650,172662,172667,172659,172063
12,172930,172883,172887,172880,172284
6,173110,173104,173107,173102,172505
5,173320,173325,173328,173323,172725
9,173540,173546,173548,173545,172946
3,173730,173767,173768,173766,173166
1,173950,173988,173988,173988,173387
11,174210,174209,174209,174209,173608
8,174420,174431,174429,174431,173828
4,174640,174652,174649,174652,174049
7,174860,174873,174870,174873,174269
10,175090,175094,175090,175095,174490
12,175360,175315,175310,175316,174711
2,175530,175536,175530,175538,174931
5,175720,175757,175751,175759,175152
6,175990,175978,175971,175981,175372
9,176230,176199,176191,176202,175593
1,176440,176420,176411,176424,175813
3,176650,176641,176632,176645,176034
8,177020,177065,177074,177057,176475
11,177250,177287,177294,177279,176696
7,177510,177508,177514,177501,176916
4,177690,177729,177735,177723,177137
12,177970,177951,177955,177944,177358
10,178170,178172,178176,178166,177578
5,178360,178393,178396,178388,177799
2,178650,178615,178616,178610,178019
9,178880,178836,178837,178831,178240
6,179120,179058,179057,179053,178461
3,179270,179279,179277,179275,178681
1,179480,179500,179498,179497,178902
11,179680,179722,179718,179718,179122
8,179950,179943,179939,179940,179343
4,180150,180164,180159,180162,179564
7,180330,180386,180379,180384,179784
10,180590,180607,180600,180605,180005
12,180810,180829,180820,180827,180225
2,181050,181050,181041,181049,180446
5,181240,181271,181261,181271,180666
6,181510,181493,181481,181492,180887
9,181820,181714,181702,181714,181108
3,181930,181936,181922,181936,181328
1,182150,182157,182142,182158,181549
8,182590,182579,182590,182574,181990
11,182810,182801,182810,182797,182211
7,182970,183023,183031,183019,182431
4,183250,183245,183252,183241,182652
12,183440,183468,183472,183463,182872
10,183690,183690,183693,183685,183093
5,183860,183912,183914,183908,183314
2,184080,184134,184134,184130,183534
9,184410,184356,184355,184352,183755
6,184610,184578,184575,184574,183975
1,184790,184800,184796,184796,184196
3,185030,185022,185017,185018,184417
8,185250,185244,185237,185241,184637
7,185430,185466,185458,185463,184858
11,185690,185688,185679,185685,185078
12,185900,185910,185899,185907,185299
4,186150,186132,186120,186129,185520
5,186330,186354,186341,186352,185740
10,186560,186576,186561,186574,185961
9,186790,186798,186782,186796,186181
2,186980,187020,187003,187018,186402
6,187260,187242,187223,187240,186622
3,187530,187464,187444,187463,186843
1,187710,187687,187665,187685,187064
7,188100,188109,188115,188101,187505
8,188350,188331,188336,188324,187725
12,188530,188553,188557,188546,187946
11,188760,188775,188778,188769,188167
5,188970,188998,188999,188992,188387
4,189240,189220,189220,189214,188608
9,189460,189442,189441,189437,188828
10,189670,189664,189662,189660,189049
6,189900,189886,189883,189882,189270
2,190100,190108,190104,190105,189490
1,190290,190330,190325,190327,189711
3,190560,190552,190546,190550,189931
8,190750,190774,190767,190773,190152
7,190970,190997,190988,190995,190373
11,191190,191219,191209,191218,190593
12,191440,191441,191430,191440,190814
4,191650,191663,191651,191663,191034
5,191900,191885,191872,191886,191255
10,192080,192107,192093,192108,191475
9,192370,192329,192313,192331,191696
6,192590,192551,192534,192553,191917
1,192800,192774,192755,192776,192137
2,192990,192996,192976,192999,192358
3,193210,193218,193197,193221,192578
7,193660,193648,193651,193646,193020
8,193880,193870,193872,193869,193240
12,194100,194092,194094,194091,193461
11,194310,194314,194315,194314,193681
5,194530,194536,194536,194536,193902
4,194760,194759,194758,194758,194123
9,194960,194981,194979,194981,194343
10,195230,195203,195200,195203,194564
1,195420,195425,195422,195425,194784
6,195680,195648,195643,195648,195005
3,195880,195870,195864,195870,195226
2,196110,196092,196086,196093,195446
7,196250,196314,196307,196315,195667
12,196550,196537,196528,196537,195887
8,196750,196759,196750,196760,196108
5,196950,196981,196971,196982,196328
11,197200,197203,197192,197204,196549
9,197400,197426,197414,197427,196770
4,197590,197648,197635,197649,196990
10,197910,197870,197856,197872,197211
6,198150,198092,198078,198094,197431
1,198320,198314,198299,198316,197652
2,198540,198537,198520,198539,197873
3,198760,198759,198742,198761,198093
12,199220,199177,199182,199173,198534
7,199350,199399,199403,199395,198755
5,199580,199621,199624,199617,198976
8,199830,199842,199846,199839,199196
9,200050,200064,200067,200060,199417
11,200280,200286,200288,200282,199637
10,200540,200508,200510,200504,199858
4,200740,200729,200731,200726,200079
1,200970,200951,200952,200948,200299
6,201190,201173,201173,201170,200520
3,201370,201394,201395,201391,200740
2,201630,201616,201616,201613,200961
7,201790,201838,201837,201835,201181
12,202060,202060,202059,202057,201402
8,202240,202281,202280,202279,201623
5,202480,202503,202501,202501,201843
11,202720,202725,202723,202722,202064
9,202950,202946,202944,202944,202284
10,203170,203168,203165,203166,202505
1,203360,203390,203386,203388,202726
4,203620,203612,203608,203610,202946
6,203910,203833,203829,203832,203167
2,204040,204055,204050,204053,203387
3,204290,204277,204272,204275,203608
12,204710,204696,204704,204694,204049
7,204880,204918,204925,204915,204270
5,205120,205139,205147,205137,204490
8,205350,205360,205368,205358,204711
9,205560,205581,205589,205579,204932
11,205840,205803,205810,205801,205152
1,206010,206024,206031,206022,205373
10,206250,206245,206252,206243,205593
6,206460,206467,206473,206465,205814
4,206720,206688,206694,206686,206035
3,206910,206909,206915,206907,206255
2,207140,207130,207136,207129,206476
12,207370,207352,207357,207350,206696
5,207590,207573,207578,207571,206917
7,207750,207794,207799,207792,207137
9,208010,208015,208020,208014,207358
8,208200,208237,208241,208235,207579
11,208460,208458,208462,208456,207799
10,208670,208679,208683,208678,208020
1,208890,208901,208904,208899,208240
6,209100,209122,209125,209120,208461
3,209350,209343,209346,209342,208682
4,209600,209564,209567,209563,208902
2,209800,209786,209788,209784,209123
5,210180,210197,210212,210196,209564
12,210410,210418,210432,210417,209785
9,210620,210639,210653,210637,210005
7,210840,210860,210874,210858,210226
11,211070,211081,211094,211079,210446
8,211330,211302,211315,211300,210667
1,211520,211523,211535,211520,210888
10,211750,211744,211756,211741,211108
3,211950,211965,211976,211962,211329
6,212170,212186,212197,212182,211549
2,212350,212407,212417,212403,211770
4,212600,212628,212638,212624,211990
12,212860,212849,212859,212845,212211
5,213080,213070,213079,213065,212432
7,213290,213291,213300,213286,212652
9,213510,213512,213520,213507,212873
11,213750,213733,213741,213727,213093
1,213930,213954,213961,213948,213314
8,214170,214175,214182,214169,213535
10,214390,214396,214403,214390,213755
6,214630,214617,214623,214610,213976
3,214850,214838,214844,214831,214196
4,215090,215058,215064,215052,214417
2,215280,215279,215285,215272,214638
5,215670,215691,215705,215685,215079
12,215910,215911,215925,215906,215299
9,216090,216131,216145,216126,215520
7,216290,216351,216365,216346,215741
1,216560,216571,216585,216567,215961
11,216840,216791,216805,216787,216182
10,217060,217011,217025,217007,216402
8,217280,217232,217245,217228,216623
3,217460,217452,217465,217448,216843
6,217670,217672,217685,217668,217064
2,217870,217892,217905,217889,217285
4,218120,218112,218125,218109,217505
5,218310,218332,218344,218329,217726
9,218520,218552,218564,218550,217946
12,218770,218772,218784,218770,218167
7,218900,218992,219004,218990,218388
11,219220,219212,219224,219211,218608
1,219430,219432,219444,219431,218829
10,219680,219653,219664,219651,219049
3,219910,219873,219884,219872,219270
8,220140,220093,220104,220092,219491
2,220270,220313,220324,220312,219711
6,220500,220533,220544,220533,219932
4,220790,220753,220764,220753,220152
9,221160,221166,221185,221159,220594
5,221380,221386,221404,221380,220814
7,221620,221606,221624,221600,221035
12,221850,221826,221843,221821,221255
1,222040,222046,222063,222041,221476
11,222230,222266,222282,222262,221696
3,222500,222486,222502,222482,221917
10,222700,222706,222721,222702,222138
2,222880,222926,222941,222923,222358
8,223150,223147,223160,223143,222579
4,223360,223367,223380,223364,222799
6,223560,223587,223599,223584,223020
5,223790,223807,223819,223805,223241
9,224020,224027,224038,224025,223461
7,224290,224247,224258,224246,223682
1,224470,224467,224477,224466,223902
12,224690,224687,224697,224687,224123
11,224860,224907,224916,224907,224344
10,225140,225127,225136,225128,224564
3,225310,225347,225355,225348,224785
8,225580,225568,225575,225569,225005
2,225800,225788,225794,225789,225226
6,226030,226008,226014,226010,225447
4,226260,226228,226233,226230,225667
9,226660,226647,226668,226648,226108
5,226840,226868,226887,226869,226329
1,227100,227089,227107,227090,226550
7,227290,227309,227326,227311,226770
11,227540,227530,227546,227531,226991
12,227740,227751,227765,227752,227211
3,227950,227972,227984,227973,227432
10,228180,228193,228204,228194,227652
2,228430,228414,228423,228414,227873
8,228650,228635,228643,228635,228094
4,228880,228856,228862,228856,228314
6,229120,229077,229082,229077,228535
9,229310,229298,229301,229297,228755
5,229510,229519,229520,229518,228976
7,229750,229739,229740,229739,229197
1,229960,229960,229959,229960,229417
11,230140,230181,230179,230181,229638
3,230380,230402,230398,230401,229858
12,230580,230623,230618,230622,230079
2,230820,230844,230837,230843,230300
10,231060,231065,231056,231064,230520
4,231330,231286,231276,231284,230741
8,231520,231507,231495,231505,230961
6,231750,231728,231715,231726,231182
5,232150,232140,232154,232138,231623
9,232350,232361,232374,232359,231844
1,232570,232581,232593,232580,232064
7,232820,232802,232813,232801,232285
3,233020,233023,233032,233021,232505
11,233260,233244,233252,233242,232726
2,233450,233465,233471,233463,232947
12,233680,233686,233691,233684,233167
4,233900,233906,233910,233905,233388
10,234130,234127,234130,234125,233608
6,234320,234348,234349,234346,233829
8,234570,234569,234569,234567,234050
5,234770,234790,234788,234788,234270
1,234950,235010,235008,235009,234491
9,235260,235231,235227,235230,234711
7,235420,235452,235447,235450,234932
11,235700,235673,235666,235671,235153
3,235880,235894,235886,235892,235373
12,236140,236114,236105,236113,235594
2,236330,236335,236325,236334,235814
10,236550,236556,236544,236554,236035
4,236800,236777,236764,236775,236256
8,237010,236998,236983,236996,236476
6,237230,237219,237203,237217,236697
1,237640,237637,237645,237630,237138
5,237870,237857,237865,237851,237358
7,238100,238078,238084,238072,237579
9,238320,238298,238304,238293,237800
3,238510,238519,238524,238514,238020
11,238720,238739,238743,238735,238241
2,238970,238959,238963,238957,238461
12,239200,239180,239182,239178,238682
4,239390,239400,239402,239399,238903
10,239580,239621,239622,239620,239123
6,239820,239841,239841,239841,239344
8,240080,240062,240061,240062,239564
5,240300,240282,240280,240283,239785
1,240500,240502,240500,240504,240006
7,240720,240723,240720,240725,240226
3,240950,240943,240939,240946,240447
9,241160,241164,241159,241167,240667
2,241380,241384,241379,241388,240888
11,241590,241605,241598,241610,241109
4,241800,241825,241818,241831,241329
12,242060,242045,242037,242052,241550
6,242280,242266,242257,242273,241770
10,242470,242486,242477,242494,241991
8,242730,242707,242696,242715,242211
1,243150,243128,243143,243132,242653
5,243340,243349,243363,243354,242873
3,243590,243571,243583,243575,243094
7,243850,243792,243803,243796,243314
2,244020,244014,244023,244017,243535
9,244240,244235,244243,244238,243756
4,244410,244457,244462,244459,243976
11,244650,244678,244682,244681,244197
6,244900,244900,244902,244902,244417
12,245090,245121,245122,245123,244638
8,245300,245343,245342,245344,244859
10,245560,245564,245562,245565,245079
1,245800,245786,245782,245786,245300
5,246010,246007,246002,246008,245520
7,246260,246229,246222,246229,245741
3,246440,246450,246441,246450,245962
9,246660,246672,246661,246671,246182
2,246910,246893,246881,246892,246403
11,247110,247115,247101,247113,246623
4,247310,247336,247321,247335,246844
12,247570,247558,247541,247556,247065
6,247810,247779,247761,247777,247285
10,248010,248001,247981,247998,247506
8,248230,248222,248201,248219,247726
5,248620,248635,248644,248633,248167
1,248850,248856,248864,248854,248388
3,249070,249077,249084,249075,248609
7,249320,249298,249304,249296,248829
2,249510,249519,249524,249517,249050
9,249760,249740,249744,249738,249270
4,249960,249961,249964,249959,249491
11,250190,250182,250184,250180,249712
6,250400,250403,250404,250401,249932
12,250630,250624,250624,250622,250153
8,250820,250845,250844,250843,250373
10,251120,251066,251064,251064,250594
1,251260,251287,251284,251286,250815
5,251510,251508,251504,251507,251035
3,251690,251729,251724,251728,251256
2,251910,251950,251944,251949,251476
7,252140,252170,252164,252170,251697
4,252400,252391,252384,252391,251918
9,252610,252612,252604,252612,252138
6,252870,252833,252824,252833,252359
11,253030,253054,253044,253054,252579
8,253260,253275,253264,253275,252800
12,253530,253496,253484,253496,253020
10,253740,253717,253704,253717,253241
5,254140,254131,254144,254135,253682
1,254340,254353,254364,254355,253903
2,254570,254574,254584,254576,254123
3,254770,254795,254804,254797,254344
4,255060,255016,255024,255018,254565
7,255240,255237,255244,255239,254785
6,255480,255458,255464,255459,255006
9,255700,255679,255685,255680,255226
8,255920,255901,255905,255901,255447
11,256120,256122,256125,256122,255668
10,256310,256343,256345,256343,255888
12,256550,256564,256565,256563,256109
5,256760,256785,256785,256784,256329
2,256990,257006,257005,257005,256550
1,257200,257227,257225,257226,256771
3,257410,257449,257445,257447,256991
7,257660,257670,257665,257667,257212
4,257830,257891,257885,257888,257432
9,258120,258112,258105,258109,257653
6,258350,258333,258325,258330,257873
11,258600,258554,258545,258551,258094
8,258780,258776,258765,258771,258315
12,259020,258997,258986,258992,258535
10,259250,259218,259206,259213,258756
2,259640,259627,259637,259618,259197
5,259810,259847,259857,259839,259418
3,260080,260068,260077,260060,259638
1,260300,260288,260297,260281,259859
4,260490,260508,260517,260502,260079
7,260710,260729,260737,260723,260300
6,260930,260949,260956,260944,260521
9,261220,261169,261176,261165,260741
8,261410,261390,261396,261386,260962
11,261570,261610,261616,261607,261182
10,261850,261830,261836,261828,261403
12,262050,262051,262056,262049,261624
2,262270,262271,262276,262270,261844
5,262490,262491,262495,262491,262065
1,262710,262712,262715,262711,262285
3,262910,262932,262935,262932,262506
4,263130,263152,263155,263153,262726
6,263360,263373,263375,263374,262947
7,263580,263593,263595,263595,263168
8,263810,263813,263815,263816,263388
9,264040,264034,264034,264037,263609
10,264230,264254,264254,264258,263829
11,264480,264474,264474,264479,264050
12,264750,264695,264694,264700,264271
5,265140,265120,265135,265112,264712
2,265390,265341,265355,265334,264932
3,265570,265562,265575,265556,265153
1,265770,265783,265795,265778,265374
6,265980,266004,266015,266000,265594
4,266200,266225,266235,266222,265815
8,266430,266446,266455,266444,266035
7,266660,266667,266674,266666,266256
10,266870,266888,266894,266888,266477
9,267140,267109,267114,267110,266697
12,267370,267330,267334,267332,266918
11,267600,267551,267554,267554,267138
2,267760,267772,267774,267776,267359
5,268030,267993,267994,267998,267580
3,268210,268215,268214,268219,267800
6,268460,268436,268434,268441,268021
1,268660,268657,268654,268663,268241
4,268850,268878,268874,268885,268462
7,269090,269099,269094,269107,268682
8,269310,269320,269313,269329,268903
9,269500,269541,269533,269551,269124
10,269710,269762,269753,269773,269344
11,270000,269983,269973,269995,269565
12,270250,270204,270193,270217,269785
5,270660,270645,270652,270647,270227
2,270940,270867,270873,270869,270447
6,271130,271088,271093,271091,270668
3,271380,271310,271314,271313,270888
4,271540,271532,271534,271535,271109
1,271760,271753,271755,271757,271330
8,271960,271975,271975,271979,271550
7,272170,272197,272195,272202,271771
10,272360,272418,272416,272424,271991
9,272630,272640,272636,272646,272212
12,272830,272862,272857,272868,272433
11,273090,273083,273077,273090,272653
5,273340,273305,273298,273312,272874
6,273600,273527,273518,273534,273094
2,273810,273748,273739,273757,273315
3,273970,273970,273959,273979,273535
1,274190,274192,274179,274201,273756
4,274420,274414,274400,274423,273977
8,274600,274635,274620,274645,274197
10,274840,274857,274841,274867,274418
7,275090,275079,275061,275089,274638
12,275280,275300,275282,275312,274859
9,275500,275522,275502,275534,275080
11,275740,275744,275723,275756,275300
6,276230,276176,276171,276170,275741
5,276420,276397,276392,276391,275962
3,276650,276617,276613,276613,276183
2,276880,276838,276833,276834,276403
4,277100,277058,277054,277055,276624
1,277290,277279,277275,277277,276844
10,277470,277499,277495,277498,277065
8,277710,277720,277716,277719,277286
12,277900,277940,277937,277941,277506
7,278140,278161,278157,278162,277727
11,278350,278381,278378,278383,277947
9,278600,278602,278598,278605,278168
5,278830,278822,278819,278826,278388
6,279050,279043,279040,279047,278609
2,279250,279263,279260,279269,278830
3,279480,279484,279481,279490,279050
4,279730,279704,279702,279712,279271
10,279930,279925,279922,279933,279491
1,280150,280145,280143,280154,279712
8,280340,280366,280363,280376,279933
7,280580,280586,280584,280597,280153
12,280780,280807,280805,280818,280374
9,281010,281027,281025,281040,280594
11,281300,281248,281246,281261,280815
6,281690,281677,281682,281670,281256
5,281910,281898,281902,281891,281477
3,282120,282118,282123,282112,281697
2,282380,282338,282343,282333,281918
10,282550,282559,282563,282555,282139
4,282800,282779,282784,282776,282359
8,283000,283000,283004,282997,282580
1,283190,283220,283225,283218,282800
12,283440,283441,283445,283439,283021
7,283660,283661,283666,283660,283241
11,283880,283881,283886,283882,283462
9,284080,284102,284107,284103,283683
6,284300,284322,284327,284324,283903
3,284560,284543,284548,284545,284124
5,284770,284763,284768,284766,284344
10,284970,284984,284988,284987,284565
2,285210,285204,285209,285209,284786
4,285440,285424,285429,285430,285006
1,285660,285645,285650,285651,285227
8,285810,285865,285870,285872,285447
12,286080,286086,286091,286093,285668
11,286330,286306,286311,286314,285889
7,286530,286527,286532,286536,286109
9,286760,286747,286752,286757,286330
3,287170,287177,287188,287177,286771
6,287440,287398,287408,287398,286992
10,287610,287619,287629,287619,287212
5,287850,287840,287849,287839,287433
4,288060,288061,288069,288060,287653
2,288330,288281,288290,288281,287874
8,288510,288502,288510,288502,288095
1,288700,288723,288730,288723,288315
11,288890,288944,288951,288944,288536
12,289150,289165,289171,289165,288756
9,289370,289386,289391,289386,288977
7,289600,289606,289612,289607,289197
6,289860,289827,289832,289828,289418
3,290070,290048,290052,290049,289639
5,290320,290269,290273,290270,289859
10,290480,290490,290493,290491,290080
2,290680,290711,290713,290712,290300
4,290920,290931,290933,290933,290521
8,291150,291152,291154,291154,290742
11,291330,291373,291374,291375,290962
1,291550,291594,291594,291596,291183
12,291830,291815,291815,291817,291403
7,292060,292036,292035,292038,291624
9,292300,292256,292255,292259,291845
3,292710,292688,292684,292661,292286
6,292920,292907,292904,292882,292506
10,293110,293126,293124,293104,292727
5,293300,293345,293344,293325,292948
4,293590,293564,293564,293546,293168
2,293790,293782,293784,293768,293389
11,293950,294001,294004,293989,293609
8,294250,294220,294224,294211,293830
12,294470,294439,294444,294432,294050
1,294640,294658,294664,294654,294271
9,294840,294877,294884,294875,294492
7,295130,295095,295103,295096,294712
3,295340,295314,295323,295318,294933
10,295550,295533,295543,295539,295153
6,295840,295752,295763,295761,295374
4,296010,295971,295983,295982,295595
5,296220,296189,296203,296203,295815
11,296440,296408,296423,296425,296036
2,296620,296627,296643,296646,296256
8,296840,296846,296863,296868,296477
1,297080,297065,297083,297089,296698
12,297280,297283,297303,297311,296918
7,297520,297502,297523,297532,297139
9,297530,297721,297742,297753,297359
10,298190,298175,298193,298187,297801
3,298420,298397,298413,298408,298021
4,298670,298619,298634,298630,298242
6,298890,298841,298854,298851,298462
11,299060,299062,299074,299072,298683
5,299290,299284,299294,299294,298903
8,299500,299506,299515,299515,299124
2,299750,299728,299735,299737,299345
12,299940,299950,299955,299958,299565
1,300120,300172,300175,300179,299786
9,300350,300394,300396,300401,300006
7,300640,300616,300616,300622,300227
3,300790,300838,300836,300844,300448
10,301070,301060,301056,301065,300668
6,301340,301282,301277,301286,300889
4,301560,301504,301497,301508,301109
5,301770,301725,301717,301729,301330
11,301950,301947,301937,301951,301551
2,302150,302169,302158,302172,301771
8,302380,302391,302378,302393,301992
12,302610,302613,302598,302615,302212
9,302800,302835,302818,302836,302433
1,303050,303057,303039,303058,302654
7,303300,303279,303259,303279,302874
10,303720,303700,303694,303687,303315
3,303920,303920,303914,303907,303536
4,304140,304139,304134,304128,303756
6,304380,304359,304354,304348,303977
11,304560,304578,304574,304568,304198
5,304770,304797,304794,304789,304418
8,305010,305017,305014,305009,304639
2,305220,305236,305234,305229,304859
9,305410,305456,305454,305450,305080
12,305670,305675,305674,305670,305301
7,305870,305894,305894,305890,305521
1,306120,306114,306114,306111,305742
10,306320,306333,306334,306331,305962
4,306590,306552,306554,306551,306183
3,306770,306772,306775,306772,306404
11,307010,306991,306995,306992,306624
6,307240,307211,307215,307212,306845
8,307450,307430,307435,307433,307065
5,307660,307649,307655,307653,307286
9,307850,307869,307875,307873,307507
2,308070,308088,308095,308094,307727
12,308250,308308,308315,308314,307948
1,308520,308527,308535,308534,308168
7,308780,308746,308755,308755,308389
4,309140,309173,309179,309160,308830
10,309370,309392,309399,309381,309051
11,309610,309612,309618,309601,309271
3,309850,309831,309838,309821,309492
8,310050,310050,310058,310041,309712
6,310270,310269,310277,310262,309933
9,310510,310489,310497,310482,310154
5,310730,310708,310716,310702,310374
12,310940,310927,310936,310922,310595
2,311130,311147,311156,311143,310815
7,311370,311366,311375,311363,311036
1,311550,311585,311595,311583,311257
10,311760,311805,311814,311803,311477
4,312020,312024,312034,312024,311698
3,312290,312243,312254,312244,311918
11,312440,312463,312473,312464,312139
6,312680,312682,312693,312685,312360
8,312880,312901,312913,312905,312580
5,313130,313120,313132,313125,312801
9,313350,313340,313352,313345,313021
2,313550,313559,313571,313566,313242
12,313780,313778,313791,313786,313463
7,314020,313998,314011,314006,313683
1,314220,314217,314230,314226,313904
4,314590,314639,314662,314642,314345
10,314830,314860,314881,314863,314565
11,315100,315081,315101,315083,314786
3,315310,315302,315320,315304,315007
8,315490,315523,315540,315524,315227
6,315740,315744,315759,315745,315448
9,315980,315966,315979,315965,315668
5,316190,316187,316198,316186,315889
12,316470,316408,316418,316406,316110
2,316610,316629,316637,316627,316330
1,316820,316850,316857,316848,316551
7,317090,317071,317076,317068,316771
4,317220,317292,317296,317289,316992
11,317500,317514,317515,317509,317213
10,317710,317735,317735,317730,317433
8,317950,317956,317954,317950,317654
3,318110,318177,318174,318171,317874
9,318390,318398,318393,318391,318095
6,318630,318619,318613,318612,318316
12,318870,318840,318832,318832,318536
5,319110,319061,319052,319053,318757
2,319260,319283,319271,319274,318977
7,319560,319504,319491,319494,319198
1,319750,319725,319710,319715,319418
11,320140,320141,320145,320122,319860
4,320370,320361,320365,320343,320080
8,320570,320581,320584,320564,320301
10,320780,320801,320804,320785,320521
9,321020,321020,321023,321006,320742
3,321240,321240,321243,321228,320963
12,321460,321460,321462,321449,321183
6,321700,321679,321681,321670,321404
2,321840,321899,321901,321891,321624
5,322050,322119,322120,322112,321845
1,322340,322339,322340,322334,322066
7,322590,322558,322559,322555,322286
4,322850,322778,322778,322776,322507
11,322980,322998,322998,322997,322727
10,323200,323217,323217,323218,322948
8,323450,323437,323437,323440,323169
3,323690,323657,323656,323661,323389
9,323880,323877,323875,323882,323610
6,324060,324096,324095,324103,323830
12,324270,324316,324314,324324,324051
2,324520,324536,324534,324546,324271
1,324760,324755,324753,324767,324492
5,324950,324975,324973,324988,324713
7,325260,325195,325192,325209,324933
11,325680,325635,325645,325638,325374
4,325920,325856,325865,325859,325595
8,326090,326077,326085,326080,325816
10,326290,326299,326305,326302,326036
9,326490,326520,326525,326523,326257
3,326750,326741,326744,326744,326477
12,326970,326962,326964,326966,326698
6,327180,327184,327184,327187,326919
1,327400,327405,327404,327408,327139
2,327640,327626,327624,327630,327360
7,327790,327847,327844,327851,327580
5,328060,328069,328064,328072,327801
11,328320,328290,328283,328294,328022
8,328530,328511,328503,328515,328242
4,328700,328732,328723,328736,328463
9,328980,328954,328943,328958,328683
10,329170,329175,329163,329179,328904
12,329400,329396,329383,329400,329124
3,329590,329617,329603,329621,329345
6,329830,329839,329822,329843,329566
2,330070,330060,330042,330064,329786
1,330270,330281,330262,330285,330007
5,330510,330502,330482,330507,330227
7,330760,330724,330702,330728,330448
8,331140,331145,331144,331131,330889
11,331350,331365,331364,331352,331110
9,331610,331585,331584,331573,331330
4,331800,331806,331804,331795,331551
12,332040,332026,332024,332016,331772
10,332210,332246,332244,332237,331992
6,332460,332466,332464,332458,332213
3,332670,332686,332684,332680,332433
1,332900,332906,332904,332901,332654
2,333110,333127,333124,333122,332875
7,333360,333347,333344,333344,333095
5,333610,333567,333564,333565,333316
11,333750,333787,333784,333786,333536
8,333990,334007,334004,334007,333757
4,334290,334227,334224,334229,333978
9,334450,334448,334444,334450,334198
10,334650,334668,334663,334671,334419
12,334900,334888,334883,334892,334639
6,335100,335108,335103,335114,334860
1,335320,335328,335323,335335,335080
3,335530,335548,335543,335556,335301
2,335760,335769,335763,335778,335522
5,335980,335989,335983,335999,335742
7,336230,336209,336203,336220,335963
8,336600,336638,336653,336638,336404
11,336850,336860,336873,336860,336625
9,337090,337082,337093,337082,336845
4,337310,337304,337313,337304,337066
12,337570,337526,337534,337526,337286
10,337800,337748,337754,337748,337507
1,337940,337970,337974,337970,337728
6,338210,338192,338195,338192,337948
2,338390,338414,338415,338414,338169
3,338590,338636,338635,338636,338389
7,338830,338858,338856,338858,338610
5,339030,339080,339076,339080,338831
8,339300,339302,339296,339302,339051
9,339500,339524,339516,339524,339272
11,339730,339746,339737,339746,339492
12,340020,339968,339957,339968,339713
4,340210,340190,340177,340190,339933
10,340440,340412,340398,340412,340154
6,340680,340634,340618,340634,340375
1,340870,340856,340838,340856,340595
2,341080,341078,341058,341078,340816
7,341290,341300,341279,341300,341036
3,341500,341522,341499,341522,341257
5,341750,341744,341719,341744,341478
9,342210,342171,342174,342167,341919
8,342380,342393,342394,342389,342139
12,342610,342614,342615,342611,342360
11,342820,342836,342836,342833,342581
10,343080,343058,343056,343055,342801
4,343280,343279,343277,343277,343022
1,343520,343501,343498,343499,343242
6,343720,343723,343718,343721,343463
7,343960,343944,343939,343943,343684
2,344180,344166,344160,344165,343904
5,344340,344388,344381,344387,344125
3,344550,344609,344601,344609,344345
8,344820,344831,344822,344831,344566
9,345050,345053,345043,345053,344786
11,345260,345275,345263,345276,345007
12,345520,345496,345484,345498,345228
10,345720,345718,345705,345720,345448
1,345950,345940,345926,345942,345669
4,346180,346161,346146,346164,345889
6,346420,346383,346367,346386,346110
2,346570,346605,346588,346608,346331
7,346840,346826,346808,346830,346551
3,347030,347048,347029,347052,346772
5,347280,347270,347250,347274,346992
9,347660,347696,347695,347689,347434
8,347920,347917,347916,347911,347654
12,348150,348138,348137,348132,347875
11,348400,348359,348357,348354,348095
1,348610,348580,348578,348575,348316
10,348780,348801,348799,348797,348537
6,349060,349022,349020,349018,348757
4,349280,349243,349241,349240,348978
7,349470,349464,349462,349462,349198
2,349640,349685,349682,349683,349419
5,349830,349906,349903,349905,349639
3,350070,350127,350124,350126,349860
9,350330,350347,350345,350348,350081
12,350580,350568,350566,350569,350301
8,350790,350789,350786,350791,350522
11,351030,351010,351007,351013,350742
10,351260,351231,351228,351234,350963
1,351460,351452,351449,351456,351184
6,351670,351673,351670,351677,351404
7,351940,351894,351891,351899,351625
4,352160,352115,352111,352120,351845
5,352370,352336,352332,352342,352066
2,352500,352557,352553,352564,352287
3,352730,352778,352774,352785,352507
12,353190,353202,353210,353201,352948
9,353400,353423,353431,353422,353169
11,353640,353644,353651,353643,353390
8,353870,353865,353872,353864,353610
1,354070,354086,354093,354085,353831
10,354350,354307,354313,354306,354051
7,354530,354529,354534,354528,354272
6,354740,354750,354755,354749,354493
5,354960,354971,354975,354970,354713
4,355190,355192,355196,355191,354934
3,355390,355413,355417,355412,355154
2,355620,355634,355637,355633,355375
9,355850,355855,355858,355854,355595
12,356000,356076,356079,356075,355816
11,356410,356297,356299,356296,356037
1,356550,356518,356520,356517,356257
8,356760,356739,356741,356738,356478
10,356950,356960,356961,356959,356698
6,357190,357181,357182,357180,356919
7,357400,357402,357403,357401,357140
4,357630,357623,357623,357622,357360
5,357840,357844,357844,357843,357581
2,358010,358065,358065,358064,357801
3,358300,358286,358286,358285,358022
12,358700,358706,358712,358693,358463
9,358890,358926,358932,358914,358684
1,359150,359146,359152,359135,358904
11,359340,359366,359373,359356,359125
10,359580,359586,359593,359577,359346
8,359840,359806,359813,359798,359566
7,360060,360026,360033,360019,359787
6,360230,360246,360254,360240,360007
5,360440,360466,360474,360461,360228
4,360710,360686,360694,360682,360448
3,360890,360906,360914,360903,360669
2,361090,361126,361135,361124,360890
12,361360,361346,361355,361345,361110
9,361600,361566,361575,361566,361331
11,361760,361786,361795,361787,361551
1,362000,362006,362016,362008,361772
10,362210,362226,362236,362229,361993
7,362470,362446,362456,362450,362213
8,362700,362666,362676,362671,362434
5,362910,362886,362897,362892,362654
6,363140,363106,363117,363113,362875
3,363300,363326,363337,363334,363096
4,363520,363546,363557,363555,363316
2,363730,363766,363778,363776,363537
9,364200,364191,364212,364197,363978
12,364430,364413,364432,364418,364199
1,364610,364634,364652,364639,364419
11,364890,364856,364872,364860,364640
7,365100,365077,365092,365081,364860
10,365280,365299,365312,365302,365081
5,365500,365520,365533,365523,365301
8,365690,365741,365753,365744,365522
3,365960,365963,365973,365964,365743
6,366180,366184,366193,366185,365963
2,366390,366406,366413,366406,366184
4,366580,366627,366633,366627,366404
9,366830,366849,366853,366848,366625
1,367050,367070,367074,367069,366846
12,367310,367292,367294,367290,367066
11,367530,367513,367514,367511,367287
10,367730,367735,367734,367731,367507
7,368010,367956,367954,367952,367728
8,368200,368178,368174,368173,367949
5,368440,368399,368394,368394,368169
6,368640,368620,368614,368615,368390
3,368810,368842,368835,368836,368610
4,369090,369063,369055,369057,368831
2,369250,369285,369275,369278,369052
1,369690,369693,369703,369685,369493
9,369890,369913,369923,369905,369713
11,370090,370134,370143,370126,369934
12,370350,370354,370363,370347,370154
7,370590,370574,370583,370567,370375
10,370770,370795,370803,370788,370596
5,371030,371015,371023,371009,370816
8,371240,371235,371242,371229,371037
3,371470,371456,371462,371450,371257
6,371670,371676,371682,371671,371478
2,371850,371896,371902,371891,371699
4,372100,372117,372122,372112,371919
9,372310,372337,372342,372333,372140
1,372530,372558,372562,372554,372360
11,372770,372778,372781,372774,372581
7,373030,372998,373001,372995,372802
12,373200,373219,373221,373216,373022
5,373470,373439,373441,373436,373243
10,373650,373659,373661,373657,373463
3,373930,373880,373881,373878,373684
8,374100,374100,374101,374098,373905
2,374280,374320,374320,374319,374125
6,374550,374541,374540,374540,374346
4,374780,374761,374760,374760,374566
1,375180,375169,375195,375175,375008
9,375370,375391,375415,375396,375228
7,375600,375613,375634,375617,375449
11,375790,375835,375854,375838,375669
5,376040,376057,376074,376059,375890
12,376280,376279,376294,376280,376110
3,376500,376501,376514,376501,376331
10,376750,376722,376734,376722,376552
2,376930,376944,376953,376943,376772
8,377140,377166,377173,377164,376993
4,377390,377388,377393,377385,377213
6,377600,377610,377613,377606,377434
1,377810,377832,377833,377827,377655
9,378040,378054,378053,378048,377875
11,378220,378275,378272,378269,378096
7,378470,378497,378492,378490,378316
12,378740,378719,378712,378710,378537
5,378930,378941,378932,378931,378758
10,379130,379163,379152,379152,378978
3,379370,379385,379372,379373,379199
8,379610,379607,379591,379594,379419
2,379850,379828,379811,379815,379640
6,380120,380050,380031,380036,379861
4,380330,380272,380251,380257,380081
9,380680,380681,380688,380673,380522
1,380880,380901,380908,380894,380743
7,381130,381122,381128,381115,380963
11,381340,381342,381348,381336,381184
5,381560,381563,381567,381557,381405
12,381800,381783,381787,381778,381625
3,381950,382003,382007,381999,381846
10,382220,382224,382227,382220,382066
2,382440,382444,382447,382441,382287
8,382650,382665,382666,382661,382508
4,382920,382885,382886,382882,382728
6,383130,383106,383106,383103,382949
1,383330,383326,383326,383324,383169
9,383580,383546,383546,383545,383390
7,383760,383767,383765,383766,383611
5,383980,383987,383985,383987,383831
11,384230,384208,384205,384208,384052
3,384380,384428,384425,384429,384272
12,384650,384648,384645,384650,384493
2,384810,384869,384864,384871,384714
10,385030,385089,385084,385091,384934
4,385360,385310,385304,385312,385155
8,385540,385530,385524,385533,385375
6,385780,385750,385744,385754,385596
9,386210,386163,386181,386163,386037
1,386380,386384,386401,386384,386258
5,386600,386606,386621,386605,386478
7,386850,386827,386841,386826,386699
3,387050,387048,387060,387048,386919
11,387210,387269,387280,387269,387140
2,387510,387491,387500,387490,387361
12,387680,387712,387720,387711,387581
4,387900,387933,387940,387932,387802
10,388160,388154,388159,388153,388022
6,388360,388375,388379,388374,388243
8,388590,388597,388599,388595,388464
9,388840,388818,388819,388816,388684
5,389030,389039,389039,389037,388905
1,389220,389260,389258,389259,389125
7,389490,389481,389478,389480,389346
11,389660,389703,389698,389701,389567
3,389940,389924,389918,389922,389787
12,390130,390145,390138,390143,390008
2,390350,390366,390357,390364,390228
10,390600,390588,390577,390585,390449
4,390800,390809,390797,390806,390669
8,391060,391030,391017,391027,390890
6,391320,391251,391237,391249,391111
5,391660,391666,391681,391665,391552
9,391900,391887,391901,391886,391772
7,392120,392109,392121,392108,391993
1,392350,392330,392341,392330,392214
3,392540,392552,392561,392551,392434
11,392780,392774,392781,392773,392655
2,392940,392995,393001,392994,392875
12,393240,393217,393221,393216,393096
4,393400,393438,393441,393438,393317
10,393630,393660,393661,393659,393537
6,393900,393881,393881,393881,393758
8,394130,394103,394101,394103,393978
5,394340,394324,394321,394324,394199
9,394560,394546,394541,394546,394420
1,394780,394767,394761,394767,394640
7,395010,394989,394981,394989,394861
3,395170,395210,395201,395211,395081
2,395430,395432,395421,395432,395302
11,395620,395654,395641,395654,395523
4,395880,395875,395861,395876,395743
12,396090,396097,396081,396097,395964
6,396320,396318,396301,396319,396184
10,396530,396540,396521,396540,396405
8,396800,396761,396741,396762,396625
9,397220,397179,397191,397185,397067
5,397440,397401,397412,397406,397287
7,397660,397623,397632,397628,397508
1,397870,397845,397852,397849,397728
2,398060,398067,398073,398071,397949
3,398250,398288,398293,398292,398170
4,398510,398510,398513,398513,398390
11,398700,398732,398734,398735,398611
6,398940,398954,398954,398956,398831
12,399150,399176,399174,399178,399052
8,399380,399398,399395,399399,399273
10,399610,399619,399615,399621,399493
5,399830,399841,399835,399842,399714
9,400070,400063,400056,400063,399934
7,400290,400285,400276,400285,400155
2,400510,400507,400496,400506,400376
1,400720,400728,400717,400728,400596
3,400940,400950,400937,400949,400817
11,401160,401172,401157,401171,401037
4,401350,401394,401378,401392,401258
12,401600,401616,401598,401613,401478
6,401860,401837,401818,401835,401699
10,402080,402059,402039,402056,401920
8,402350,402281,402259,402278,402140
9,402700,402693,402697,402686,402581
5,402910,402914,402918,402907,402802
2,403160,403134,403138,403128,403023
7,403380,403355,403358,403349,403243
3,403580,403575,403578,403570,403464
1,403800,403796,403799,403791,403684
4,404010,404016,404019,404012,403905
11,404200,404237,404239,404234,404126
6,404430,404457,404459,404455,404346
12,404680,404678,404680,404676,404567
8,404900,404898,404900,404897,404787
10,405120,405119,405120,405118,405008
9,405350,405339,405341,405339,405229
2,405570,405560,405561,405560,405449
5,405780,405780,405781,405782,405670
7,406000,406001,406001,406003,405890
1,406200,406221,406222,406224,406111
3,406430,406442,406442,406445,406331
4,406660,406662,406662,406666,406552
6,406860,406883,406882,406887,406773
11,407110,407103,407103,407109,406993
8,407340,407324,407323,407330,407214
12,407540,407544,407543,407551,407434
10,407780,407765,407763,407772,407655
2,408220,408190,408202,408187,408096
9,408440,408411,408422,408409,408317
7,408670,408632,408642,408630,408537
5,408870,408853,408863,408852,408758
3,409070,409073,409083,409073,408979
1,409300,409294,409303,409294,409199
6,409490,409515,409523,409516,409420
4,409720,409736,409743,409737,409640
8,409950,409957,409964,409958,409861
11,410140,410178,410184,410180,410082
10,410400,410399,410404,410401,410302
12,410640,410620,410624,410622,410523
9,410830,410841,410844,410844,410743
2,411090,411061,411065,411065,410964
5,411300,411282,411285,411286,411184
7,411530,411503,411505,411508,411405
3,411690,411724,411725,411729,411626
6,411940,411945,411946,411950,411846
1,412190,412166,412166,412172,412067
4,412330,412387,412386,412393,412287
11,412560,412608,412606,412614,412508
8,412830,412829,412826,412836,412729
12,413080,413050,413047,413057,412949
10,413310,413270,413267,413278,413170
2,413740,413699,413707,413690,413611
9,413980,413920,413927,413911,413832
7,414150,414141,414148,414133,414052
5,414350,414361,414368,414355,414273
6,414600,414582,414588,414577,414493
3,414780,414802,414808,414798,414714
4,415010,415023,415028,415020,414935
1,415250,415244,415249,415242,415155
8,415450,415464,415469,415464,415376
11,415670,415685,415689,415686,415596
10,415870,415905,415909,415907,415817
12,416160,416126,416129,416129,416038
2,416360,416347,416350,416351,416258
7,416580,416567,416570,416573,416479
9,416780,416788,416790,416794,416699
6,417040,417008,417010,417016,416920
5,417270,417229,417230,417238,417140
3,417470,417450,417450,417460,417361
1,417670,417670,417671,417682,417582
4,417850,417891,417891,417903,417802
8,418120,418112,418111,418125,418023
10,418300,418332,418331,418347,418243
11,418520,418553,418551,418569,418464
12,418790,418773,418772,418790,418685
7,419250,419213,419222,419206,419126
2,419480,419435,419443,419429,419346
6,419660,419656,419663,419652,419567
9,419880,419878,419884,419874,419788
3,420130,420099,420104,420097,420008
5,420300,420321,420325,420319,420229
4,420550,420542,420545,420542,420449
1,420770,420763,420766,420764,420670
10,420960,420985,420986,420987,420891
8,421190,421206,421207,421209,421111
12,421460,421428,421427,421432,421332
11,421660,421649,421648,421654,421552
2,421910,421871,421868,421877,421773
7,422110,422092,422089,422099,421993
9,422320,422313,422309,422322,422214
6,422530,422535,422530,422544,422435
5,422780,422756,422750,422767,422655
3,422980,422978,422970,422989,422876
4,423190,423199,423191,423212,423096
10,423410,423420,423411,423434,423317
1,423650,423642,423632,423657,423538
8,423850,423863,423852,423879,423758
11,424050,424085,424073,424102,423979
12,424300,424306,424293,424324,424199
7,424830,424751,424754,424750,424641
2,425030,424973,424975,424973,424861
6,425250,425195,425196,425195,425082
9,425440,425417,425417,425418,425302
3,425630,425639,425638,425640,425523
5,425810,425861,425859,425863,425744
10,426030,426083,426080,426085,425964
4,426290,426305,426301,426308,426185
8,426540,426527,426522,426531,426405
1,426690,426749,426743,426753,426626
12,426950,426971,426964,426976,426846
11,427160,427193,427185,427198,427067
7,427440,427415,427406,427421,427288
6,427710,427637,427627,427643,427508
2,427930,427859,427848,427866,427729
3,428090,428081,428069,428089,427949
9,428310,428303,428290,428311,428170
10,428550,428525,428511,428534,428391
5,428800,428747,428732,428756,428611
4,428980,428969,428953,428979,428832
1,429160,429191,429174,429201,429052
8,429360,429413,429395,429424,429273
11,429610,429635,429616,429647,429494
12,429840,429857,429837,429869,429714
6,430310,430291,430288,430284,430155
7,430500,430512,430509,430506,430376
3,430730,430734,430730,430728,430597
2,430990,430955,430951,430950,430817
10,431190,431176,431172,431172,431038
9,431440,431398,431394,431394,431258
4,431640,431619,431615,431616,431479
5,431830,431840,431836,431839,431699
8,432070,432061,432057,432061,431920
1,432270,432283,432279,432283,432141
12,432530,432504,432500,432505,432361
11,432720,432725,432721,432727,432582
7,432890,432947,432942,432949,432802
6,433160,433168,433164,433171,433023
2,433390,433389,433385,433393,433244
3,433590,433611,433606,433615,433464
9,433830,433832,433827,433837,433685
10,434050,434053,434048,434059,433905
5,434270,434275,434270,434281,434126
4,434470,434496,434491,434504,434347
8,434720,434717,434712,434726,434567
12,434970,434938,434933,434948,434788
1,435150,435160,435155,435170,435008
11,435400,435381,435376,435392,435229
6,435820,435815,435816,435807,435670
7,436080,436036,436037,436029,435891
3,436250,436257,436258,436250,436111
2,436550,436478,436479,436472,436332
10,436650,436699,436701,436694,436553
9,436900,436920,436922,436916,436773
4,437110,437141,437143,437138,436994
5,437340,437362,437364,437360,437214
12,437580,437583,437585,437581,437435
8,437780,437804,437806,437803,437655
11,438030,438025,438027,438025,437876
1,438230,438246,438249,438247,438097
6,438510,438467,438470,438469,438317
3,438710,438689,438691,438691,438538
7,438940,438910,438912,438913,438758
10,439130,439131,439133,439134,438979
2,439340,439352,439354,439356,439200
4,439590,439573,439575,439578,439420
9,439780,439794,439797,439800,439641
12,440030,440015,440018,440022,439861
5,440260,440236,440239,440244,440082
8,440430,440457,440460,440465,440303
1,440650,440678,440681,440687,440523
11,440900,440899,440902,440909,440744
3,441320,441333,441338,441323,441185
6,441580,441554,441559,441544,441406
10,441740,441775,441779,441766,441626
7,441990,441996,442000,441988,441847
4,442250,442217,442221,442210,442067
2,442460,442437,442442,442432,442288
12,442700,442658,442663,442654,442508
9,442880,442879,442884,442875,442729
8,443110,443100,443105,443097,442950
5,443300,443321,443326,443319,443170
11,443490,443542,443547,443541,443391
1,443720,443762,443768,443763,443611
6,444020,443983,443989,443985,443832
3,444190,444204,444210,444207,444053
7,444470,444425,444431,444428,444273
10,444640,444646,444652,444650,444494
2,444870,444867,444873,444872,444714
4,445120,445087,445094,445094,444935
9,445270,445308,445314,445316,445156
12,445550,445529,445535,445538,445376
5,445750,445750,445756,445759,445597
8,445960,445971,445977,445981,445817
11,446190,446192,446198,446203,446038
1,446400,446413,446419,446425,446259
3,446880,446852,446857,446847,446700
6,447080,447073,447078,447069,446920
10,447290,447294,447299,447290,447141
7,447540,447515,447519,447512,447361
4,447770,447735,447740,447733,447582
2,447950,447956,447961,447955,447803
12,448160,448177,448182,448176,448023
9,448380,448398,448403,448397,448244
8,448620,448619,448623,448619,448464
5,448840,448839,448844,448840,448685
1,449030,449060,449065,449062,448906
11,449300,449281,449286,449283,449126
3,449480,449502,449507,449504,449347
10,449720,449723,449727,449726,449567
6,449950,449944,449948,449947,449788
4,450230,450164,450169,450169,450009
7,450390,450385,450390,450390,450229
12,450640,450606,450611,450612,450450
2,450790,450827,450831,450833,450670
8,451020,451048,451052,451054,450891
9,451250,451269,451273,451276,451112
5,451500,451489,451494,451497,451332
11,451720,451710,451715,451719,451553
1,451920,451931,451935,451940,451773
10,452380,452366,452363,452345,452214
3,452610,452585,452583,452566,452435
4,452860,452805,452804,452788,452656
6,453000,453024,453024,453009,452876
12,453250,453243,453244,453230,453097
7,453480,453462,453465,453451,453317
8,453670,453682,453685,453672,453538
2,453880,453901,453905,453893,453759
5,454100,454120,454126,454115,453979
9,454340,454340,454346,454336,454200
1,454530,454559,454567,454557,454420
11,454750,454778,454787,454778,454641
3,455010,454997,455007,454999,454862
10,455240,455217,455228,455221,455082
6,455420,455436,455448,455442,455303
4,455730,455655,455668,455663,455523
7,455900,455875,455889,455884,455744
12,456050,456094,456109,456105,455965
2,456290,456313,456329,456326,456185
8,456530,456532,456550,456548,456406
5,456740,456752,456770,456769,456626
1,456940,456971,456990,456990,456847
9,457190,457190,457211,457211,457068
11,457440,457410,457431,457432,457288
10,457860,457854,457868,457852,457729
3,458090,458075,458088,458073,457950
4,458350,458296,458308,458294,458170
6,458520,458517,458528,458516,458391
12,458790,458738,458749,458737,458612
7,458960,458959,458969,458958,458832
8,459170,459180,459189,459180,459053
2,459380,459401,459409,459401,459273
1,459580,459622,459630,459622,459494
5,459770,459843,459850,459844,459715
11,460030,460064,460070,460065,459935
9,460290,460285,460290,460286,460156
10,460500,460506,460511,460508,460376
4,460750,460727,460731,460729,460597
3,460950,460948,460951,460950,460818
12,461210,461168,461171,461172,461038
6,461370,461389,461392,461393,461259
8,461640,461610,461612,461614,461479
7,461840,461831,461832,461836,461700
2,462040,462052,462052,462057,461921
5,462270,462273,462273,462278,462141
1,462490,462494,462493,462500,462362
9,462710,462715,462713,462721,462582
11,462970,462936,462933,462942,462803
4,463370,463364,463371,463352,463244
10,463580,463585,463591,463574,463465
12,463840,463806,463811,463795,463685
3,464010,464026,464031,464017,463906
8,464230,464247,464251,464238,464126
6,464440,464468,464471,464460,464347
2,464670,464688,464692,464681,464568
7,464920,464909,464912,464903,464788
1,465120,465130,465132,465124,465009
5,465320,465350,465352,465346,465229
11,465540,465571,465572,465567,465450
9,465820,465792,465793,465789,465671
10,466010,466012,466013,466010,465891
4,466230,466233,466233,466232,466112
3,466510,466454,466453,466453,466332
12,466690,466674,466673,466675,466553
6,466810,466895,466894,466896,466774
8,467120,467116,467114,467118,466994
2,467310,467336,467334,467339,467215
1,467550,467557,467554,467561,467435
7,467780,467778,467774,467782,467656
5,467990,467998,467995,468004,467876
9,468250,468219,468215,468225,468097
11,468480,468440,468435,468447,468318
4,468840,468870,468880,468867,468759
10,469090,469091,469101,469088,468979
12,469310,469313,469321,469310,469200
3,469520,469535,469541,469532,469421
8,469800,469756,469762,469754,469641
6,469980,469978,469982,469975,469862
1,470190,470199,470203,470197,470082
2,470440,470421,470423,470419,470303
5,470630,470643,470643,470641,470524
7,470830,470864,470864,470862,470744
11,471060,471086,471084,471084,470965
9,471340,471308,471305,471306,471185
4,471510,471529,471525,471528,471406
12,471750,471751,471745,471749,471627
10,471930,471972,471966,471971,471847
8,472220,472194,472186,472193,472068
3,472380,472416,472407,472415,472288
6,472650,472637,472627,472636,472509
2,472860,472859,472847,472858,472729
1,473080,473081,473068,473080,472950
5,473280,473302,473288,473302,473171
11,473520,473524,473509,473523,473391
7,473790,473745,473729,473745,473612
9,474000,473967,473949,473967,473832
12,474420,474394,474393,474381,474274
4,474610,474615,474614,474602,474494
8,474830,474836,474834,474824,474715
10,475090,475056,475055,475046,474935
6,475310,475277,475275,475268,475156
3,475520,475498,475496,475490,475377
1,475720,475719,475716,475711,475597
2,475940,475939,475937,475933,475818
11,476090,476160,476157,476155,476038
5,476310,476381,476378,476377,476259
9,476590,476602,476598,476599,476480
7,476800,476822,476819,476820,476700
4,477020,477043,477040,477042,476921
12,477230,477264,477260,477264,477141
10,477500,477484,477481,477486,477362
8,477730,477705,477701,477708,477583
6,477960,477926,477922,477929,477803
1,478150,478147,478142,478151,478024
3,478380,478367,478363,478373,478244
2,478570,478588,478583,478595,478465
5,478760,478809,478804,478817,478685
11,479000,479029,479024,479038,478906
7,479290,479250,479245,479260,479127
9,479530,479471,479465,479482,479347
12,479930,479903,479911,479900,479788
4,480100,480125,480131,480122,480009
8,480350,480346,480352,480344,480230
10,480590,480568,480573,480566,480450
1,480810,480789,480793,480787,480671
6,481040,481011,481014,481009,480891
2,481250,481233,481235,481231,481112
3,481460,481454,481455,481453,481333
11,481590,481676,481676,481675,481553
5,481830,481897,481897,481896,481774
9,482090,482119,482117,482118,481994
7,482350,482340,482338,482340,482215
12,482560,482562,482559,482562,482436
8,482760,482783,482780,482784,482656
4,483000,483005,483000,483005,482877
10,483230,483227,483221,483227,483097
6,483500,483448,483442,483449,483318
1,483710,483670,483662,483671,483538
2,483880,483891,483883,483892,483759
11,484090,484113,484104,484114,483980
3,484340,484334,484324,484336,484200
9,484540,484556,484545,484558,484421
5,484800,484778,484766,484780,484641
7,485020,484999,484986,485001,484862
8,485440,485426,485428,485420,485303
12,485640,485647,485648,485641,485524
10,485830,485867,485869,485863,485744
4,486070,486088,486090,486084,485965
1,486340,486309,486310,486305,486186
6,486530,486530,486531,486527,486406
11,486790,486751,486752,486748,486627
2,486940,486972,486972,486969,486847
9,487210,487193,487193,487190,487068
3,487410,487414,487414,487412,487289
7,487610,487635,487634,487633,487509
5,487840,487856,487855,487854,487730
12,488090,488077,488076,488076,487950
8,488310,488298,488296,488297,488171
10,488500,488519,488517,488518,488391
1,488760,488740,488738,488740,488612
4,488950,488960,488959,488961,488833
6,489170,489181,489179,489182,489053
2,489410,489402,489400,489403,489274
11,489580,489623,489621,489625,489494
3,489840,489844,489841,489846,489715
9,490060,490065,490062,490067,489936
5,490300,490286,490283,490289,490156
7,490540,490507,490503,490510,490377
8,490960,490928,490934,490917,490818
12,491150,491148,491154,491138,491039
1,491380,491369,491374,491360,491259
10,491570,491589,491595,491581,491480
6,491810,491810,491815,491802,491700
4,492040,492030,492036,492023,491921
11,492190,492250,492256,492244,492142
2,492390,492471,492476,492465,492362
9,492660,492691,492697,492686,492583
3,492900,492912,492917,492907,492803
7,493120,493132,493138,493128,493024
5,493360,493353,493358,493349,493244
8,493610,493573,493578,493571,493465
12,493820,493794,493799,493792,493686
10,494020,494014,494019,494013,493906
1,494260,494234,494240,494234,494127
6,494440,494455,494460,494455,494347
11,494650,494675,494680,494676,494568
4,494890,494896,494901,494897,494789
9,495130,495116,495121,495118,495009
2,495330,495337,495342,495339,495230
7,495550,495557,495562,495560,495450
3,495770,495778,495782,495782,495671
5,496040,495998,496003,496003,495892
12,496430,496425,496437,496423,496333
8,496640,496646,496657,496644,496553
1,496910,496867,496877,496865,496774
10,497030,497087,497098,497086,496995
11,497310,497308,497318,497307,497215
6,497560,497529,497538,497528,497436
9,497770,497750,497758,497749,497656
4,497970,497971,497979,497970,497877
7,498170,498192,498199,498191,498097
2,498410,498413,498419,498412,498318
5,498620,498634,498639,498633,498539
3,498810,498854,498860,498854,498759
12,499100,499075,499080,499075,498980
1,499290,499296,499300,499296,499200
8,499510,499517,499520,499516,499421
10,499680,499738,499740,499737,499642
6,499960,499959,499961,499958,499862
11,500180,500180,500181,500179,500083
4,500440,500401,500401,500400,500303
9,500610,500622,500621,500621,500524
2,500840,500842,500842,500842,500745
7,501070,501063,501062,501063,500965
3,501280,501284,501282,501284,501186
5,501550,501505,501502,501505,501406
1,501910,501914,501931,501915,501848
12,502110,502135,502151,502135,502068
10,502270,502356,502371,502356,502289
8,502550,502577,502591,502576,502509
11,502790,502799,502811,502797,502730
6,503000,503020,503031,503017,502951
9,503250,503241,503251,503238,503171
4,503480,503462,503471,503458,503392
7,503670,503683,503691,503679,503612
2,503900,503904,503911,503900,503833
5,504100,504125,504131,504120,504053
3,504340,504346,504351,504341,504274
12,504580,504567,504571,504561,504495
1,504750,504788,504791,504782,504715
10,505020,505009,505011,505002,504936
11,505250,505230,505231,505223,505156
8,505470,505451,505451,505443,505377
9,505670,505673,505671,505664,505598
6,505880,505894,505891,505884,505818
7,506170,506115,506111,506105,506039
4,506350,506336,506331,506325,506259
5,506550,506557,506551,506546,506480
2,506760,506778,506771,506766,506701
3,507000,506999,506991,506987,506921
1,507410,507406,507418,507402,507362
12,507640,507626,507638,507623,507583
11,507820,507847,507858,507843,507804
10,508020,508067,508077,508063,508024
9,508270,508287,508297,508283,508245
8,508510,508507,508517,508503,508465
7,508750,508728,508737,508724,508686
6,508920,508948,508956,508944,508906
5,509160,509168,509176,509164,509127
4,509370,509389,509396,509384,509348
3,509630,509609,509615,509604,509568
2,509840,509829,509835,509824,509789
1,510040,510049,510055,510045,510009
12,510270,510270,510274,510265,510230
10,510450,510490,510494,510485,510451
11,510650,510710,510714,510705,510671
8,510930,510930,510933,510925,510892
9,511110,511151,511153,511146,511112
6,511350,511371,511373,511366,511333
7,511600,511591,511593,511586,511554
4,511840,511812,511812,511806,511774
5,512090,512032,512032,512026,511995
2,512250,512252,512252,512247,512215
3,512510,512472,512471,512467,512436
12,512930,512886,512895,512877,512877
1,513100,513105,513114,513097,513098
11,513300,513324,513333,513317,513318
10,513530,513543,513553,513536,513539
9,513760,513763,513772,513756,513759
8,514000,513982,513991,513976,513980
7,514200,514201,514210,514196,514201
6,514380,514420,514430,514416,514421
5,514650,514639,514649,514636,514642
4,514880,514859,514868,514855,514862
3,515060,515078,515087,515075,515083
2,515280,515297,515307,515295,515304
1,515520,515516,515526,515515,515524
12,515700,515735,515745,515735,515745
11,515940,515954,515964,515955,515965
9,516180,516174,516184,516174,516186
10,516400,516393,516403,516394,516407
7,516590,516612,516622,516614,516627
8,516840,516831,516841,516834,516848
5,517050,517050,517061,517054,517068
6,517290,517270,517280,517274,517289
3,517480,517489,517499,517493,517510
4,517730,517708,517718,517713,517730
2,517930,517927,517938,517933,517951
12,518360,518339,518363,518336,518392
1,518550,518559,518582,518556,518612
9,518780,518779,518801,518777,518833
11,518980,519000,519020,518997,519054
7,519230,519220,519239,519218,519274
10,519420,519441,519458,519438,519495
5,519630,519661,519677,519658,519715
8,519860,519881,519896,519879,519936
3,520100,520102,520115,520099,520157
6,520320,520322,520334,520319,520377
2,520550,520543,520553,520540,520598
4,520780,520763,520772,520760,520818
12,520950,520983,520991,520981,521039
9,521170,521204,521210,521201,521260
1,521380,521424,521429,521421,521480
11,521600,521645,521648,521642,521701
10,521860,521865,521867,521862,521921
7,522100,522085,522086,522083,522142
8,522330,522306,522305,522303,522363
5,522560,522526,522524,522523,522583
6,522760,522747,522743,522744,522804
3,522970,522967,522962,522964,523024
4,523220,523188,523181,523184,523245
2,523430,523408,523400,523405,523466
9,523830,523823,523844,523823,523907
12,524040,524044,524064,524045,524127
11,524230,524265,524283,524266,524348
1,524480,524487,524502,524487,524568
7,524710,524708,524721,524709,524789
10,524950,524930,524941,524930,525010
5,525140,525151,525160,525151,525230
8,525380,525373,525379,525372,525451
3,525590,525594,525598,525594,525671
6,525810,525816,525818,525815,525892
2,526010,526037,526037,526036,526113
4,526250,526259,526256,526258,526333
9,526450,526480,526475,526479,526554
12,526710,526702,526695,526700,526774
1,526950,526923,526914,526922,526995
11,527140,527144,527133,527143,527216
7,527420,527366,527352,527364,527436
5,527610,527587,527572,527586,527657
10,527790,527809,527791,527807,527877
3,528010,528030,528010,528028,528098
8,528250,528252,528229,528249,528319
2,528440,528473,528449,528471,528539
6,528680,528695,528668,528692,528760
4,528970,528916,528887,528913,528980
12,529340,529329,529342,529337,529421
9,529600,529551,529562,529558,529642
11,529760,529773,529782,529779,529863
1,530000,529995,530002,530000,530083
5,530220,530217,530222,530222,530304
7,530430,530438,530442,530443,530524
3,530680,530660,530661,530664,530745
10,530880,530882,530881,530885,530966
2,531080,531104,531101,531106,531186
8,531280,531326,531321,531327,531407
4,531550,531548,531541,531548,531627
6,531740,531770,531760,531769,531848
9,531950,531992,531980,531991,532069
12,532230,532214,532200,532212,532289
11,532400,532436,532420,532433,532510
5,532660,532658,532640,532654,532730
1,532870,532880,532860,532875,532951
7,533090,533102,533079,533096,533172
10,533320,533324,533299,533317,533392
3,533540,533546,533519,533538,533613
8,533780,533767,533739,533760,533833
2,533970,533989,533959,533981,534054
6,534230,534211,534178,534202,534274
4,534520,534433,534398,534423,534495
12,534860,534842,534839,534831,534936
9,535060,535062,535059,535052,535157
5,535270,535281,535279,535272,535377
11,535500,535501,535499,535493,535598
7,535690,535721,535719,535714,535819
1,535950,535941,535939,535934,536039
3,536200,536161,536158,536155,536260
10,536390,536381,536378,536376,536480
2,536560,536600,536598,536596,536701
8,536820,536820,536818,536817,536922
4,537080,537040,537038,537038,537142
6,537270,537260,537258,537258,537363
12,537480,537480,537477,537479,537583
5,537690,537699,537697,537700,537804
9,537880,537919,537917,537920,538025
11,538140,538139,538137,538141,538245
1,538370,538359,538357,538362,538466
7,538590,538579,538577,538583,538686
3,538780,538798,538797,538803,538907
2,539000,539018,539016,539024,539127
10,539200,539238,539236,539245,539348
4,539500,539458,539456,539465,539569
8,539650,539678,539676,539686,539789
6,539920,539897,539896,539907,540010
5,540270,540315,540333,540315,540451
12,540540,540536,540553,540536,540672
11,540790,540757,540773,540757,540892
9,541000,540978,540993,540978,541113
7,541190,541200,541213,541200,541333
1,541450,541421,541433,541421,541554
2,541650,541642,541652,541642,541775
3,541830,541863,541872,541863,541995
4,542080,542084,542092,542084,542216
10,542250,542305,542312,542306,542436
6,542500,542527,542532,542527,542657
8,542730,542748,542752,542748,542878
12,543000,542969,542971,542969,543098
5,543230,543190,543191,543191,543319
9,543410,543411,543411,543412,543539
11,543660,543633,543631,543633,543760
7,543900,543854,543851,543854,543981
2,544080,544075,544071,544075,544201
1,544310,544296,544290,544297,544422
3,544480,544517,544510,544518,544642
10,544720,544738,544730,544739,544863
4,544930,544960,544950,544960,545083
8,545190,545181,545170,545182,545304
6,545420,545402,545390,545403,545525
5,545810,545826,545837,545828,545966
12,546100,546047,546058,546050,546186
11,546320,546269,546278,546271,546407
9,546540,546490,546498,546492,546628
2,546700,546711,546718,546714,546848
7,546950,546933,546938,546935,547069
3,547140,547154,547158,547156,547289
1,547370,547375,547378,547378,547510
4,547560,547596,547598,547599,547731
10,547750,547818,547818,547820,547951
6,548070,548039,548038,548042,548172
8,548330,548260,548258,548263,548392
5,548460,548481,548478,548484,548613
11,548680,548703,548699,548706,548834
12,548930,548924,548919,548927,549054
2,549120,549145,549139,549148,549275
9,549350,549366,549359,549370,549495
7,549610,549588,549579,549591,549716
1,549810,549809,549799,549812,549936
3,550010,550030,550019,550034,550157
4,550260,550251,550239,550255,550378
6,550470,550473,550459,550477,550598
10,550680,550694,550679,550698,550819
8,550950,550915,550899,550919,551039
11,551380,551328,551340,551328,551481
5,551540,551549,551560,551549,551701
2,551750,551770,551780,551770,551922
12,551950,551991,552000,551991,552142
7,552220,552213,552220,552212,552363
9,552410,552434,552440,552433,552584
3,552660,552655,552660,552654,552804
1,552880,552876,552880,552875,553025
6,553100,553097,553101,553096,553245
4,553310,553318,553321,553317,553466
8,553560,553539,553541,553538,553687
10,553790,553761,553761,553759,553907
5,553940,553982,553981,553981,554128
11,554220,554203,554201,554202,554348
12,554440,554424,554421,554423,554569
2,554640,554645,554641,554644,554789
9,554800,554866,554862,554865,555010
7,555080,555087,555082,555086,555231
3,555270,555309,555302,555307,555451
6,555530,555530,555522,555528,555672
1,555780,555751,555742,555749,555892
4,555980,555972,555962,555970,556113
10,556200,556193,556182,556191,556334
8,556450,556414,556402,556412,556554
11,556830,556828,556841,556825,556995
5,557050,557049,557061,557046,557216
2,557280,557270,557281,557268,557437
12,557480,557491,557501,557489,557657
7,557680,557712,557721,557710,557878
9,557940,557933,557941,557931,558098
6,558180,558154,558161,558153,558319
3,558390,558375,558381,558374,558540
4,558580,558596,558602,558595,558760
1,558850,558818,558822,558816,558981
8,559050,559039,559042,559038,559201
10,559230,559260,559262,559259,559422
11,559450,559481,559482,559480,559642
2,559710,559702,559702,559701,559863
5,559920,559923,559922,559923,560084
7,560130,560144,560142,560144,560304
12,560380,560365,560362,560365,560525
6,560540,560586,560583,560586,560745
9,560790,560807,560803,560808,560966
3,561020,561029,561023,561029,561187
1,561250,561250,561243,561250,561407
4,561470,561471,561463,561471,561628
10,561710,561692,561683,561693,561848
8,561960,561913,561903,561914,562069
2,562320,562327,562345,562329,562510
11,562620,562548,562565,562550,562731
7,562750,562770,562785,562772,562951
5,562980,562992,563005,562993,563172
6,563180,563214,563226,563215,563393
12,563440,563436,563446,563436,563613
3,563620,563657,563666,563658,563834
9,563830,563879,563886,563880,564054
4,564110,564101,564107,564101,564275
1,564330,564323,564327,564323,564496
8,564570,564545,564547,564544,564716
10,564760,564767,564767,564766,564937
11,565000,564988,564987,564987,565157
2,565190,565210,565208,565209,565378
5,565410,565432,565428,565431,565598
7,565690,565654,565648,565652,565819
12,565890,565876,565868,565874,566040
6,566100,566097,566089,566095,566260
9,566330,566319,566309,566317,566481
3,566540,566541,566529,566538,566701
4,566730,566763,566749,566760,566922
8,566990,566985,566969,566982,567143
1,567210,567207,567190,567203,567363
10,567450,567428,567410,567425,567584
2,567830,567844,567855,567843,568025
11,568040,568066,568076,568065,568246
7,568310,568287,568296,568286,568466
5,568520,568509,568516,568508,568687
6,568720,568730,568737,568730,568907
12,568980,568952,568957,568951,569128
3,569170,569173,569178,569173,569349
9,569400,569395,569398,569395,569569
8,569660,569617,569618,569617,569790
4,569850,569838,569839,569838,570010
10,570050,570060,570059,570060,570231
1,570300,570281,570280,570282,570451
2,570510,570503,570500,570503,570672
7,570710,570724,570720,570725,570893
11,570920,570946,570941,570947,571113
6,571140,571167,571161,571168,571334
5,571380,571389,571382,571390,571554
3,571620,571610,571602,571612,571775
12,571820,571832,571822,571834,571996
8,572050,572053,572043,572055,572216
9,572240,572275,572263,572277,572437
4,572520,572496,572483,572499,572657
1,572730,572718,572704,572720,572878
10,572950,572940,572924,572942,573099
7,573370,573357,573369,573353,573540
2,573630,573579,573589,573575,573760
6,573810,573800,573810,573797,573981
11,574010,574022,574030,574019,574202
3,574240,574243,574251,574241,574422
5,574440,574465,574471,574463,574643
8,574650,574687,574692,574685,574863
12,574930,574908,574912,574907,575084
4,575100,575130,575133,575129,575304
9,575320,575351,575353,575351,575525
10,575580,575573,575574,575573,575746
1,575830,575795,575794,575795,575966
2,576030,576016,576015,576017,576187
7,576280,576238,576235,576239,576407
11,576440,576460,576456,576461,576628
6,576680,576681,576676,576683,576849
5,576880,576903,576897,576905,577069
3,577090,577124,577117,577127,577290
12,577380,577346,577338,577349,577510
8,577570,577568,577558,577571,577731
9,577760,577789,577779,577793,577952
4,578030,578011,578000,578015,578172
10,578230,578233,578220,578237,578393
1,578470,578454,578441,578459,578613
7,578890,578879,578891,578887,579055
2,579150,579101,579112,579108,579275
6,579350,579323,579333,579330,579496
11,579570,579546,579554,579552,579716
3,579780,579768,579774,579774,579937
5,579980,579990,579995,579995,580157
8,580220,580212,580216,580217,580378
12,580450,580434,580437,580439,580599
4,580650,580656,580658,580661,580819
9,580850,580879,580879,580882,581040
1,581080,581101,581099,581104,581260
10,581270,581323,581320,581326,581481
7,581500,581545,581541,581548,581702
6,581780,581767,581762,581769,581922
2,582010,581989,581983,581991,582143
3,582220,582212,582203,582213,582363
11,582450,582434,582424,582435,582584
8,582660,582656,582645,582656,582805
5,582860,582878,582866,582878,583025
4,583130,583100,583087,583100,583246
12,583330,583322,583308,583322,583466
9,583500,583544,583528,583543,583687
10,583800,583767,583749,583765,583908
1,584000,583989,583970,583987,584128
6,584440,584402,584405,584392,584569
7,584610,584622,584626,584614,584790
3,584850,584843,584846,584835,585011
2,585080,585063,585067,585056,585231
8,585280,585284,585288,585278,585452
11,585480,585505,585508,585499,585672
4,585730,585725,585729,585720,585893
5,585940,585946,585950,585942,586113
9,586120,586167,586170,586163,586334
12,586420,586387,586391,586385,586555
1,586640,586608,586611,586606,586775
10,586800,586828,586832,586827,586996
7,587050,587049,587053,587049,587216
6,587270,587270,587273,587270,587437
2,587470,587490,587494,587491,587658
3,587680,587711,587715,587713,587878
11,587940,587931,587935,587934,588099
8,588170,588152,588156,588155,588319
5,588340,588373,588376,588377,588540
4,588580,588593,588597,588598,588761
9,588800,588814,588818,588819,588981
1,589060,589034,589038,589041,589202
12,589290,589255,589259,589262,589422
10,589470,589476,589480,589484,589643
6,589910,589900,589916,589896,590084
7,590140,590121,590137,590118,590305
3,590370,590343,590357,590340,590525
2,590580,590564,590578,590562,590746
8,590780,590786,590798,590784,590966
11,591020,591007,591019,591006,591187
4,591220,591229,591240,591228,591408
5,591460,591450,591460,591450,591628
1,591680,591672,591681,591672,591849
9,591870,591893,591901,591894,592069
10,592070,592115,592122,592116,592290
12,592350,592336,592342,592338,592511
6,592570,592558,592563,592560,592731
3,592770,592779,592783,592782,592952
7,593000,593001,593004,593004,593172
8,593240,593222,593224,593226,593393
2,593430,593444,593445,593448,593614
4,593640,593665,593665,593670,593834
11,593850,593887,593886,593892,594055
5,594110,594108,594106,594114,594275
9,594310,594330,594327,594336,594496
1,594550,594551,594547,594558,594717
12,594790,594773,594768,594780,594937
10,595060,594994,594989,595002,595158
3,595450,595431,595438,595430,595599
6,595700,595653,595659,595652,595819
8,595910,595874,595879,595874,596040
7,596100,596095,596100,596096,596261
4,596370,596317,596321,596318,596481
2,596600,596538,596542,596540,596702
5,596780,596760,596762,596762,596922
11,596950,596981,596983,596984,597143
1,597180,597202,597204,597206,597364
9,597380,597424,597425,597428,597584
10,597560,597645,597645,597650,597805
12,597870,597867,597866,597872,598025
6,598140,598088,598087,598094,598246
3,598330,598309,598307,598316,598467
7,598540,598531,598528,598538,598687
8,598810,598752,598749,598760,598908
2,598960,598973,598970,598982,599128
4,599200,599195,599190,599204,599349
5,599410,599416,599411,599426,599570
1,599630,599638,599632,599648,599790
11,599830,599859,599853,599870,600011
9,600070,600080,600073,600092,600231
12,600280,600302,600294,600314,600452
10,600540,600523,600515,600536,600672
3,600990,600954,600954,600946,601114
6,601190,601175,601175,601167,601334
8,601430,601395,601396,601389,601555
7,601680,601615,601616,601610,601775
4,601850,601836,601837,601831,601996
2,602080,602056,602057,602053,602217
1,602280,602276,602278,602274,602437
5,602470,602497,602499,602495,602658
9,602670,602717,602719,602717,602878
11,602930,602937,602940,602938,603099
10,603120,603158,603161,603159,603320
12,603360,603378,603381,603381,603540
3,603560,603599,603602,603602,603761
8,603840,603819,603823,603823,603981
6,604060,604039,604043,604045,604202
4,604300,604260,604264,604266,604423
7,604480,604480,604484,604487,604643
2,604670,604700,604705,604708,604864
5,604900,604921,604926,604930,605084
1,605140,605141,605146,605151,605305
9,605340,605361,605367,605372,605526
10,605570,605582,605588,605594,605746
11,605830,605802,605808,605815,605967
12,606050,606023,606029,606036,606187
8,606470,606454,606463,606447,606628
3,606680,606674,606683,606668,606849
4,606920,606895,606904,606890,607070
6,607120,607116,607124,607111,607290
2,607320,607336,607345,607332,607511
7,607560,607557,607565,607554,607731
1,607770,607778,607785,607775,607952
5,607950,607998,608006,607997,608173
10,608170,608219,608226,608218,608393
9,608430,608440,608447,608439,608614
12,608680,608660,608667,608661,608834
11,608910,608881,608888,608882,609055
3,609130,609102,609108,609104,609276
8,609350,609322,609328,609325,609496
6,609560,609543,609549,609546,609717
4,609820,609764,609769,609768,609937
2,609980,609984,609990,609989,610158
1,610220,610205,610210,610211,610379
7,610430,610426,610431,610432,610599
5,610640,610646,610651,610653,610820
9,610850,610867,610871,610875,611040
10,611060,611088,611092,611096,611261
11,611300,611308,611312,611318,611481
12,611510,611529,611533,611539,611702
8,611970,611962,611972,611956,612143
3,612200,612183,612192,612178,612364
4,612430,612404,612413,612400,612584
6,612650,612625,612633,612621,612805
1,612860,612846,612853,612843,613026
2,613080,613067,613074,613065,613246
5,613290,613288,613294,613286,613467
7,613490,613509,613515,613508,613687
10,613700,613730,613735,613729,613908
9,613960,613951,613955,613951,614129
12,614160,614172,614176,614173,614349
11,614390,614393,614396,614394,614570
8,614630,614614,614616,614616,614790
4,614830,614834,614837,614837,615011
3,615040,615055,615057,615059,615232
6,615290,615276,615278,615281,615452
2,615490,615497,615498,615502,615673
1,615710,615718,615718,615724,615893
5,615900,615939,615939,615945,616114
10,616140,616160,616159,616167,616334
7,616390,616381,616380,616389,616555
12,616600,616602,616600,616610,616776
9,616810,616823,616820,616832,616996
11,617110,617044,617041,617054,617217
4,617450,617474,617482,617465,617658
8,617710,617695,617703,617687,617879
6,617960,617916,617923,617909,618099
3,618150,618138,618144,618131,618320
1,618370,618359,618364,618353,618540
2,618590,618580,618585,618575,618761
10,618730,618801,618805,618797,618982
5,618970,619022,619025,619019,619202
12,619250,619243,619246,619241,619423
7,619420,619464,619466,619463,619643
11,619670,619685,619687,619685,619864
9,619910,619906,619907,619907,620085
8,620220,620127,620127,620128,620305
4,620400,620348,620348,620350,620526
6,620630,620570,620568,620572,620746
1,620850,620791,620789,620794,620967
3,620980,621012,621009,621016,621187
2,621200,621233,621230,621238,621408
5,621430,621454,621450,621460,621629
10,621640,621675,621670,621682,621849
7,621870,621896,621891,621904,622070
12,622100,622117,622111,622126,622290
9,622290,622338,622332,622348,622511
11,622630,622559,622552,622570,622732
4,622990,622997,623002,622991,623173
8,623250,623218,623222,623213,623393
1,623500,623439,623443,623435,623614
6,623720,623661,623664,623658,623835
2,623900,623882,623884,623880,624055
3,624080,624104,624105,624102,624276
10,624290,624325,624326,624324,624496
5,624540,624547,624546,624546,624717
12,624710,624768,624767,624768,624938
7,624970,624989,624988,624990,625158
11,625170,625211,625208,625212,625379
9,625420,625432,625429,625434,625599
4,625660,625654,625650,625656,625820
8,625890,625875,625870,625879,626041
6,626140,626096,626091,626101,626261
1,626360,626318,626312,626323,626482
2,626550,626539,626533,626545,626702
10,626760,626761,626753,626767,626923
3,627010,626982,626974,626989,627143
12,627200,627203,627195,627211,627364
5,627390,627425,627415,627433,627585
11,627630,627646,627636,627655,627805
7,627860,627868,627857,627878,628026
9,628100,628089,628077,628100,628246
8,628550,628526,628524,628519,628688
4,628790,628747,628744,628740,628908
1,629010,628968,628965,628962,629129
6,629220,629188,629186,629183,629349
10,629400,629409,629407,629405,629570
2,629610,629630,629627,629626,629791
12,629850,629851,629848,629848,630011
3,630050,630071,630069,630070,630232
11,630270,630292,630290,630291,630452
5,630500,630513,630511,630513,630673
9,630700,630733,630731,630734,630894
7,630920,630954,630952,630956,631114
8,631200,631175,631173,631177,631335
1,631420,631395,631394,631399,631555
4,631610,631616,631614,631621,631776
6,631880,631837,631835,631842,631996
2,632070,632057,632056,632064,632217
10,632280,632278,632277,632285,632438
3,632530,632499,632498,632507,632658
12,632670,632719,632718,632728,632879
5,632910,632940,632939,632950,633099
11,633180,633161,633160,633172,633320
7,633370,633381,633381,633393,633541
9,633610,633602,633602,633615,633761
1,634030,634036,634036,634026,634202
8,634290,634256,634257,634247,634423
6,634540,634476,634477,634468,634644
4,634730,634696,634698,634689,634864
10,634900,634916,634918,634910,635085
2,635110,635137,635139,635131,635305
12,635360,635357,635360,635352,635526
3,635540,635577,635580,635573,635747
11,635770,635797,635801,635794,635967
5,635980,636017,636021,636016,636188
9,636170,636238,636242,636237,636408
7,636450,636458,636462,636458,636629
8,636720,636678,636683,636679,636849
1,636900,636898,636903,636900,637070
6,637140,637118,637124,637121,637291
10,637350,637338,637345,637342,637511
4,637570,637559,637565,637563,637732
12,637870,637779,637786,637784,637952
2,637970,637999,638006,638005,638173
11,638190,638219,638227,638227,638394
3,638400,638439,638447,638448,638614
9,638680,638660,638668,638669,638835
5,638860,638880,638889,638890,639055
7,639120,639100,639109,639111,639276
1,639530,639536,639540,639523,639717
8,639770,639756,639760,639744,639938
10,639970,639976,639980,639965,640158
6,640230,640196,640200,640186,640379
12,640450,640416,640421,640407,640600
4,640680,640636,640641,640628,640820
11,640810,640855,640861,640850,641041
2,641060,641075,641081,641071,641261
9,641290,641295,641302,641292,641482
3,641510,641515,641522,641513,641702
7,641730,641735,641742,641734,641923
5,641950,641955,641962,641955,642144
1,642210,642175,642183,642176,642364
8,642400,642394,642403,642398,642585
6,642640,642614,642623,642619,642805
10,642800,642834,642843,642840,643026
4,643060,643054,643064,643061,643247
12,643240,643274,643284,643282,643467
2,643440,643494,643504,643503,643688
11,643700,643714,643724,643724,643908
3,643930,643933,643945,643946,644129
9,644140,644153,644165,644167,644350
5,644400,644373,644385,644388,644570
7,644640,644593,644605,644609,644791
8,645050,645033,645042,645028,645232
1,645310,645253,645262,645249,645453
10,645440,645474,645482,645470,645673
6,645720,645694,645702,645691,645894
12,645970,645915,645922,645912,646114
4,646160,646135,646142,646133,646335
11,646350,646356,646362,646354,646556
2,646520,646576,646582,646575,646776
9,646750,646797,646803,646796,646997
3,646960,647017,647023,647017,647217
7,647210,647238,647243,647238,647438
5,647440,647458,647463,647459,647658
1,647700,647679,647683,647681,647879
8,647910,647899,647903,647902,648100
10,648080,648120,648123,648123,648320
12,648370,648340,648343,648344,648541
6,648580,648561,648564,648565,648761
11,648810,648781,648784,648786,648982
4,649050,649002,649004,649007,649203
9,649250,649222,649224,649228,649423
2,649440,649443,649444,649449,649644
7,649650,649663,649664,649670,649864
3,649850,649884,649884,649891,650085
5,650110,650104,650104,650112,650306
8,650530,650533,650538,650524,650747
1,650770,650753,650758,650745,650967
12,650980,650973,650978,650965,651188
10,651150,651193,651198,651186,651409
11,651430,651413,651418,651407,651629
6,651590,651633,651638,651628,651850
9,651840,651854,651858,651848,652070
4,652120,652074,652078,652069,652291
7,652300,652294,652298,652290,652511
2,652530,652514,652518,652511,652732
5,652680,652734,652738,652731,652953
3,652950,652954,652958,652952,653173
8,653140,653174,653178,653173,653394
12,653390,653395,653398,653394,653614
1,653630,653615,653618,653614,653835
10,653840,653835,653837,653835,654056
6,654060,654055,654057,654056,654276
11,654290,654275,654277,654277,654497
4,654510,654495,654497,654497,654717
9,654690,654715,654717,654718,654938
2,654910,654936,654937,654939,655159
7,655170,655156,655157,655160,655379
3,655390,655376,655377,655380,655600
5,655610,655596,655597,655601,655820
12,656020,656021,656030,656018,656262
8,656230,656241,656250,656239,656482
10,656450,656462,656470,656459,656703
1,656720,656682,656690,656679,656923
11,656890,656902,656909,656900,657144
6,657140,657123,657129,657120,657364
9,657320,657343,657349,657340,657585
4,657570,657563,657569,657561,657806
7,657740,657784,657789,657781,658026
2,657990,658004,658008,658001,658247
5,658170,658224,658228,658222,658467
3,658430,658445,658448,658442,658688
12,658700,658665,658668,658662,658909
8,658890,658885,658888,658883,659129
1,659100,659106,659107,659103,659350
10,659270,659326,659327,659323,659570
11,659510,659546,659547,659544,659791
9,659770,659767,659767,659764,660012
6,659980,659987,659987,659984,660232
7,660240,660207,660207,660204,660453
4,660490,660428,660426,660425,660673
5,660680,660648,660646,660645,660894
2,660860,660868,660866,660865,661115
3,661090,661089,661086,661086,661335
8,661480,661503,661511,661491,661776
12,661750,661722,661730,661711,661997
10,661920,661942,661950,661931,662217
1,662130,662162,662169,662151,662438
9,662350,662381,662388,662372,662659
11,662540,662601,662608,662592,662879
7,662810,662820,662827,662812,663100
6,663010,663040,663047,663032,663320
5,663250,663259,663266,663252,663541
4,663470,663479,663486,663472,663762
3,663720,663699,663705,663693,663982
2,663920,663918,663924,663913,664203
12,664160,664138,664144,664133,664423
8,664390,664357,664363,664353,664644
10,664590,664577,664583,664573,664865
9,664820,664796,664802,664794,665085
1,665020,665016,665022,665014,665306
11,665220,665235,665241,665234,665526
6,665420,665455,665461,665454,665747
7,665670,665675,665680,665674,665968
4,665900,665894,665899,665894,666188
5,666110,666114,666119,666115,666409
2,666330,666333,666338,666335,666629
3,666570,666553,666558,666555,666850
8,666970,666982,666989,666970,667291
12,667220,667202,667209,667191,667512
9,667410,667421,667428,667411,667732
10,667660,667640,667647,667632,667953
11,667870,667860,667866,667852,668173
1,668070,668079,668085,668073,668394
7,668270,668298,668305,668293,668615
6,668540,668518,668524,668513,668835
5,668760,668737,668743,668734,669056
4,668980,668956,668962,668954,669276
3,669140,669176,669182,669175,669497
2,669380,669395,669401,669395,669718
8,669610,669615,669620,669616,669938
9,669840,669834,669839,669836,670159
12,670030,670053,670058,670057,670379
10,670270,670273,670278,670277,670600
1,670490,670492,670497,670497,670821
11,670760,670711,670716,670718,671041
7,670960,670931,670935,670938,671262
5,671150,671150,671155,671159,671482
6,671390,671369,671374,671379,671703
3,671550,671589,671593,671600,671924
4,671800,671808,671812,671820,672144
2,672010,672027,672032,672040,672365
9,672450,672457,672469,672452,672806
8,672700,672677,672689,672673,673026
10,672860,672897,672908,672893,673247
12,673170,673117,673127,673114,673468
11,673330,673337,673346,673335,673688
1,673560,673558,673566,673555,673909
5,673750,673778,673785,673776,674129
7,673970,673998,674004,673996,674350
3,674200,674218,674223,674217,674571
6,674440,674439,674443,674438,674791
2,674660,674659,674662,674658,675012
4,674870,674879,674881,674879,675232
8,675120,675099,675100,675099,675453
9,675290,675320,675320,675320,675674
12,675560,675540,675539,675541,675894
10,675750,675760,675758,675761,676115
11,676020,675980,675977,675982,676335
5,676220,676201,676197,676202,676556
1,676430,676421,676416,676423,676777
7,676640,676641,676635,676644,676997
6,676860,676861,676854,676864,677218
3,677070,677082,677074,677085,677438
4,677300,677302,677293,677305,677659
2,677520,677522,677512,677526,677879
9,677910,677943,677955,677936,678321
8,678170,678164,678174,678157,678541
10,678360,678385,678394,678378,678762
12,678620,678605,678613,678599,678982
5,678830,678826,678833,678821,679203
11,679040,679047,679052,679042,679424
7,679250,679268,679271,679263,679644
1,679490,679488,679491,679484,679865
3,679690,679709,679710,679705,680085
6,679930,679930,679930,679927,680306
2,680120,680151,680149,680148,680527
4,680360,680372,680369,680369,680747
9,680580,680592,680588,680590,680968
10,680840,680813,680808,680811,681188
8,681060,681034,681027,681033,681409
5,681240,681255,681246,681254,681630
12,681500,681475,681466,681475,681850
11,681730,681696,681685,681696,682071
1,681910,681917,681905,681917,682291
7,682140,682138,682124,682139,682512
3,682330,682359,682344,682360,682732
2,682560,682579,682563,682581,682953
6,682800,682800,682782,682802,683174
4,683050,683021,683002,683023,683394
10,683430,683445,683455,683444,683835
9,683670,683666,683675,683665,684056
5,683890,683888,683895,683887,684277
8,684110,684110,684115,684109,684497
11,684300,684331,684335,684330,684718
12,684580,684553,684555,684552,684938
7,684760,684775,684775,684774,685159
1,685040,684996,684995,684995,685380
2,685230,685218,685215,685217,685600
3,685390,685440,685435,685439,685821
4,685650,685661,685655,685660,686041
6,685840,685883,685875,685882,686262
9,686090,686105,686095,686104,686483
10,686310,686326,686314,686325,686703
8,686530,686548,686534,686547,686924
5,686790,686770,686754,686769,687144
12,687030,686991,686974,686990,687365
11,687270,687213,687194,687212,687585
7,687450,687435,687414,687434,687806
2,687670,687656,687634,687655,688027
1,687870,687878,687854,687877,688247
3,688030,688100,688074,688099,688468
6,688320,688321,688294,688320,688688
4,688580,688543,688514,688542,688909
10,688940,688966,688966,688955,689350
9,689200,689187,689186,689177,689571
5,689410,689408,689406,689399,689791
8,689650,689629,689627,689621,690012
11,689870,689850,689847,689843,690233
12,690130,690071,690067,690065,690453
2,690320,690292,690287,690287,690674
7,690500,690513,690508,690508,690894
3,690690,690734,690728,690730,691115
1,690930,690955,690948,690952,691336
4,691170,691176,691169,691174,691556
6,691350,691397,691389,691396,691777
10,691630,691618,691609,691618,691997
5,691870,691839,691830,691840,692218
9,692050,692060,692050,692062,692439
11,692250,692280,692270,692284,692659
8,692500,692501,692490,692506,692880
2,692700,692722,692711,692728,693100
12,692940,692943,692931,692950,693321
7,693190,693164,693151,693171,693541
1,693340,693385,693372,693393,693762
3,693610,693606,693592,693615,693983
6,693830,693827,693812,693837,694203
4,694100,694048,694032,694059,694424
5,694470,694473,694486,694479,694865
10,694730,694696,694707,694701,695086
11,694930,694918,694928,694923,695306
9,695140,695141,695149,695145,695527
2,695330,695364,695369,695367,695747
8,695540,695586,695590,695589,695968
7,695800,695809,695811,695811,696189
12,696010,696031,696032,696033,696409
3,696230,696254,696252,696255,696630
1,696480,696477,696473,696477,696850
4,696710,696699,696694,696699,697071
6,696940,696922,696915,696921,697292
10,697140,697144,697135,697144,697512
5,697390,697367,697356,697366,697733
9,697590,697590,697577,697588,697953
11,697840,697812,697798,697810,698174
8,698030,698035,698018,698032,698394
2,698260,698257,698239,698254,698615
12,698440,698480,698460,698476,698836
7,698710,698703,698681,698698,699056
3,698930,698925,698901,698920,699277
4,699140,699148,699122,699142,699497
1,699370,699370,699343,699364,699718
6,699630,699593,699564,699586,699939
5,700020,700017,700010,699997,700380
10,700230,700237,700231,700220,700600
11,700460,700458,700452,700442,700821
9,700680,700679,700672,700664,701042
2,700910,700899,700893,700887,701262
8,701130,701120,701114,701109,701483
7,701340,701340,701335,701331,701703
12,701550,701561,701556,701553,701924
4,701790,701781,701777,701776,702145
3,702000,702002,701998,701998,702365
6,702200,702222,702218,702220,702586
1,702480,702443,702439,702443,702806
5,702700,702663,702660,702665,703027
11,702880,702884,702881,702887,703247
10,703140,703104,703102,703109,703468
2,703340,703325,703323,703332,703689
9,703540,703545,703543,703554,703909
7,703770,703766,703764,703776,704130
8,704040,703986,703985,703999,704350
4,704210,704207,704206,704221,704571
12,704260,704427,704427,704443,704792
3,704640,704648,704648,704665,705012
1,704870,704868,704869,704888,705233
6,705110,705089,705089,705110,705453
11,705590,705524,705541,705532,705895
5,705780,705747,705763,705754,706115
2,706000,705970,705984,705977,706336
10,706200,706193,706205,706199,706556
7,706420,706416,706426,706422,706777
9,706670,706639,706647,706644,706998
4,706830,706862,706869,706867,707218
8,707040,707085,707090,707089,707439
3,707240,707308,707311,707312,707659
12,707470,707531,707532,707535,707880
6,707710,707754,707753,707757,708100
1,707980,707977,707975,707980,708321
5,708170,708200,708196,708202,708542
11,708430,708423,708417,708425,708762
10,708650,708646,708638,708647,708983
2,708930,708869,708859,708870,709203
9,709110,709092,709081,709092,709424
7,709330,709315,709302,709315,709645
8,709550,709538,709523,709537,709865
4,709780,709761,709744,709760,710086
12,709990,709984,709965,709982,710306
3,710210,710207,710187,710205,710527
6,710410,710430,710408,710427,710748
1,710690,710653,710629,710650,710968
11,711060,711075,711076,711070,711409
5,711280,711297,711297,711292,711630
2,711550,711518,711518,711514,711851
10,711720,711740,711740,711736,712071
7,711940,711962,711961,711958,712292
9,712190,712183,712182,712180,712512
4,712430,712405,712404,712402,712733
8,712680,712627,712625,712624,712954
3,712860,712849,712846,712846,713174
12,713090,713070,713068,713069,713395
1,713270,713292,713289,713291,713615
6,713480,713514,713510,713513,713836
11,713720,713735,713732,713735,714056
2,713950,713957,713953,713957,714277
5,714180,714179,714174,714179,714498
7,714380,714401,714396,714401,714718
10,714630,714622,714617,714623,714939
4,714860,714844,714838,714845,715159
9,715020,715066,715060,715067,715380
3,715290,715287,715281,715289,715601
8,715520,715509,715502,715511,715821
12,715740,715731,715724,715734,716042
6,715920,715953,715945,715956,716262
1,716210,716174,716166,716178,716483
2,716590,716598,716601,716592,716924
11,716810,716819,716823,716814,717145
7,717050,717040,717044,717035,717365
5,717270,717261,717265,717257,717586
4,717460,717482,717486,717478,717807
10,717710,717703,717707,717700,718027
3,717930,717924,717928,717921,718248
9,718160,718145,718149,718143,718468
12,718380,718366,718370,718364,718689
8,718580,718587,718592,718585,718909
1,718810,718808,718813,718807,719130
6,719070,719029,719034,719028,719351
11,719210,719250,719255,719250,719571
2,719440,719471,719476,719471,719792
5,719640,719692,719697,719693,720012
7,719940,719913,719918,719914,720233
10,720140,720134,720139,720136,720454
4,720390,720355,720360,720357,720674
9,720600,720576,720582,720579,720895
3,720780,720797,720803,720800,721115
12,721010,721018,721024,721022,721336
1,721210,721239,721245,721243,721557
8,721490,721460,721466,721465,721777
6,721670,721681,721687,721686,721998
2,722150,722106,722114,722090,722439
11,722350,722326,722335,722312,722660
7,722540,722547,722555,722534,722880
5,722780,722767,722776,722756,723101
4,723020,722988,722997,722978,723321
10,723210,723208,723217,723199,723542
3,723440,723429,723438,723421,723762
9,723600,723649,723659,723643,723983
1,723840,723870,723879,723865,724204
12,724060,724090,724100,724087,724424
6,724220,724311,724321,724309,724645
8,724520,724531,724541,724530,724865
2,724740,724752,724762,724752,725086
7,725020,724972,724983,724974,725307
11,725180,725193,725203,725196,725527
4,725410,725413,725424,725418,725748
5,725630,725634,725645,725639,725968
3,725850,725854,725865,725861,726189
10,726110,726075,726086,726083,726410
9,726270,726295,726307,726305,726630
12,726580,726516,726528,726527,726851
1,726760,726736,726748,726749,727071
8,726930,726957,726969,726970,727292
6,727180,727177,727190,727192,727513
7,727660,727620,727634,727617,727954
2,727890,727842,727854,727839,728174
4,728100,728063,728075,728062,728395
11,728290,728285,728296,728284,728615
3,728510,728507,728517,728506,728836
5,728720,728728,728737,728729,729057
9,728890,728950,728958,728951,729277
10,729140,729172,729179,729173,729498
1,729370,729394,729400,729396,729718
12,729650,729615,729620,729618,729939
6,729850,729837,729841,729841,730160
8,730070,730059,730062,730063,730380
2,730290,730280,730283,730285,730601
7,730510,730502,730503,730508,730821
11,730760,730724,730724,730730,731042
4,730980,730946,730945,730953,731263
5,731170,731167,731166,731175,731483
3,731400,731389,731386,731397,731704
9,731620,731611,731607,731620,731924
1,731820,731832,731828,731842,732145
10,732030,732054,732049,732064,732366
12,732230,732276,732269,732287,732586
8,732500,732497,732490,732509,732807
6,732730,732719,732711,732732,733027
7,733190,733153,733159,733149,733469
2,733430,733375,733380,733372,733689
4,733640,733596,733601,733594,733910
11,733820,733818,733822,733816,734130
3,734010,734040,734043,734038,734351
5,734240,734262,734264,734260,734571
1,734480,734483,734485,734482,734792
9,734670,734705,734706,734705,735013
12,734920,734927,734927,734927,735233
10,735140,735148,735148,735149,735454
6,735330,735370,735368,735371,735674
8,735610,735592,735589,735593,735895
7,735810,735814,735810,735815,736116
4,736050,736035,736031,736037,736336
2,736240,736257,736252,736260,736557
3,736480,736479,736473,736482,736777
11,736700,736700,736694,736704,736998
5,736930,736922,736915,736926,737219
9,737130,737144,737136,737148,737439
1,737360,737365,737357,737370,737660
12,737580,737587,737578,737592,737880
6,737830,737809,737799,737815,738101
10,738040,738031,738020,738037,738322
8,738270,738252,738241,738259,738542
4,738700,738680,738684,738672,738983
7,738920,738901,738905,738894,739204
3,739180,739123,739126,739116,739424
2,739400,739344,739347,739338,739645
5,739550,739565,739568,739560,739866
11,739780,739787,739789,739782,740086
1,740000,740008,740010,740004,740307
9,740160,740230,740231,740226,740527
6,740420,740451,740452,740448,740748
12,740620,740673,740673,740670,740969
8,740860,740894,740894,740892,741189
10,741110,741115,741115,741114,741410
7,741330,741337,741336,741336,741630
4,741550,741558,741557,741558,741851
2,741820,741780,741778,741780,742072
3,741980,742001,741999,742002,742292
5,742210,742222,742220,742224,742513
1,742390,742444,742441,742446,742733
11,742720,742665,742662,742668,742954
9,742840,742887,742883,742890,743175
12,743150,743108,743104,743112,743395
6,743330,743330,743325,743334,743616
10,743580,743551,743546,743556,743836
8,743810,743772,743767,743778,744057
4,744240,744198,744208,744195,744498
7,744420,744420,744429,744417,744719
3,744630,744642,744650,744639,744939
2,744900,744864,744871,744861,745160
1,745090,745085,745092,745083,745380
5,745260,745307,745313,745305,745601
9,745480,745529,745534,745527,745822
11,745710,745751,745755,745749,746042
6,745930,745973,745976,745971,746263
12,746220,746195,746197,746193,746483
8,746400,746417,746418,746415,746704
10,746670,746638,746639,746637,746925
4,746900,746860,746860,746859,747145
3,747100,747082,747081,747081,747366
7,747310,747304,747302,747303,747586
2,747510,747526,747523,747525,747807
5,747720,747748,747744,747747,748028
1,747940,747969,747965,747969,748248
9,748160,748191,748186,748191,748469
6,748380,748413,748407,748413,748689
11,748670,748635,748628,748635,748910
8,748850,748857,748849,748857,749130
12,749120,749079,749070,749079,749351
10,749340,749300,749291,749301,749572
3,749760,749728,749731,749719,750013
4,749990,749949,749952,749941,750233
2,750200,750170,750173,750163,750454
7,750370,750391,750394,750385,750675
1,750620,750612,750615,750606,750895
5,750850,750833,750836,750828,751116
6,751060,751054,751056,751050,751336
9,751230,751275,751277,751272,751557
8,751490,751496,751498,751494,751778
11,751670,751717,751719,751715,751998
10,751900,751938,751940,751937,752219
12,752180,752159,752161,752159,752439
4,752410,752381,752382,752381,752660
3,752570,752602,752603,752603,752881
2,752810,752823,752824,752825,753101
1,753040,753044,753045,753046,753322
7,753240,753265,753266,753268,753542
5,753450,753486,753487,753490,753763
9,753690,753707,753708,753712,753984
6,753920,753928,753929,753934,754204
11,754180,754149,754150,754155,754425
8,754390,754370,754371,754377,754645
12,754620,754591,754592,754599,754866
10,754840,754812,754813,754821,755086
3,755260,755247,755248,755235,755528
4,755480,755467,755469,755457,755748
1,755720,755688,755690,755678,755969
2,755950,755908,755910,755900,756189
5,756160,756128,756131,756121,756410
7,756350,756349,756352,756343,756631
6,756550,756569,756572,756565,756851
9,756780,756789,756793,756786,757072
8,757030,757010,757014,757008,757292
11,757230,757230,757235,757229,757513
10,757380,757450,757455,757451,757734
12,757700,757671,757676,757672,757954
3,757850,757891,757897,757894,758175
4,758120,758111,758118,758115,758395
2,758310,758332,758338,758337,758616
1,758540,758552,758559,758558,758837
5,758770,758772,758780,758780,759057
6,759010,758993,759000,759001,759278
7,759230,759213,759221,759223,759498
8,759430,759433,759442,759444,759719
9,759650,759654,759663,759666,759939
10,759830,759874,759883,759887,760160
11,760090,760094,760104,760109,760381
12,760370,760315,760325,760330,760601
4,760770,760756,760759,760741,761042
3,761000,760976,760979,760962,761263
1,761220,761196,761200,761184,761484
2,761450,761416,761420,761406,761704
6,761610,761636,761641,761628,761925
5,761840,761856,761861,761849,762145
8,762080,762076,762082,762071,762366
7,762310,762297,762302,762293,762587
10,762470,762517,762523,762514,762807
9,762730,762737,762743,762736,763028
12,763000,762957,762964,762958,763248
11,763220,763177,763184,763180,763469
4,763430,763397,763405,763401,763690
1,763630,763617,763625,763623,763910
3,763840,763838,763846,763845,764131
2,764060,764058,764066,764066,764351
5,764290,764278,764287,764288,764572
6,764500,764498,764507,764510,764792
7,764680,764718,764728,764732,765013
8,764920,764938,764948,764953,765234
9,765100,765158,765169,765175,765454
10,765340,765378,765389,765397,765675
11,765620,765599,765610,765618,765895
12,765860,765819,765830,765840,766116
1,766250,766257,766274,766253,766557
4,766490,766479,766495,766476,766778
2,766730,766701,766716,766698,766998
3,766900,766923,766936,766921,767219
6,767110,767145,767157,767143,767440
5,767400,767368,767378,767366,767660
8,767620,767590,767598,767588,767881
7,767820,767812,767819,767811,768101
10,767990,768034,768039,768034,768322
9,768260,768256,768260,768256,768543
12,768510,768479,768481,768479,768763
11,768680,768701,768701,768701,768984
4,768920,768923,768922,768924,769204
1,769150,769145,769143,769146,769425
2,769350,769367,769363,769369,769645
6,769560,769590,769584,769591,769866
3,769790,769812,769805,769814,770087
8,770030,770034,770025,770037,770307
5,770260,770256,770246,770259,770528
10,770450,770478,770466,770482,770748
7,770730,770701,770687,770704,770969
12,770930,770923,770908,770927,771190
9,771150,771145,771128,771149,771410
11,771420,771367,771349,771372,771631
1,771830,771812,771807,771800,772072
4,772050,772033,772028,772022,772293
6,772290,772255,772250,772245,772513
2,772480,772476,772471,772468,772734
8,772770,772698,772692,772691,772954
3,772940,772919,772913,772914,773175
10,773110,773141,773134,773137,773396
5,773350,773362,773355,773360,773616
12,773600,773584,773576,773582,773837
7,773810,773805,773797,773805,774057
11,773990,774027,774018,774028,774278
9,774240,774248,774239,774251,774499
1,774480,774469,774461,774474,774719
4,774720,774691,774682,774697,774940
2,774910,774912,774903,774920,775160
6,775140,775134,775124,775143,775381
3,775330,775355,775345,775365,775601
8,775560,775577,775566,775588,775822
5,775820,775798,775787,775811,776043
10,775990,776020,776008,776034,776263
7,776200,776241,776229,776257,776484
12,776460,776463,776450,776480,776704
9,776670,776684,776671,776703,776925
11,776960,776906,776893,776925,777146
4,777360,777345,777346,777340,777587
1,777590,777567,777567,777563,777807
6,777780,777789,777789,777785,778028
2,778040,778011,778010,778008,778249
8,778230,778233,778231,778230,778469
3,778460,778455,778453,778453,778690
10,778630,778677,778674,778675,778910
5,778870,778899,778896,778898,779131
12,779120,779121,779117,779120,779352
7,779340,779343,779338,779343,779572
11,779540,779565,779560,779565,779793
9,779830,779787,779781,779788,780013
1,780020,780009,780003,780010,780234
4,780230,780232,780224,780233,780454
6,780430,780454,780446,780455,780675
8,780730,780676,780667,780678,780896
2,780900,780898,780888,780900,781116
10,781120,781120,781110,781123,781337
3,781320,781342,781331,781346,781557
12,781550,781564,781553,781568,781778
5,781770,781786,781774,781791,781999
11,782020,782008,781996,782013,782219
7,782230,782230,782217,782236,782440
9,782470,782452,782438,782458,782660
4,782880,782883,782884,782872,783102
1,783090,783104,783105,783095,783322
8,783360,783326,783327,783317,783543
6,783560,783548,783548,783540,783763
10,783780,783770,783770,783762,783984
2,783980,783992,783991,783985,784205
12,784220,784214,784213,784208,784425
3,784420,784436,784434,784430,784646
11,784640,784657,784656,784653,784866
5,784870,784879,784877,784876,785087
9,785080,785101,785099,785098,785307
7,785310,785323,785320,785321,785528
4,785530,785545,785542,785543,785749
8,785790,785767,785763,785766,785969
1,785960,785988,785985,785989,786190
6,786190,786210,786206,786211,786410
2,786410,786432,786428,786434,786631
10,786650,786654,786649,786656,786852
3,786880,786876,786871,786879,787072
12,787120,787098,787092,787102,787293
5,787280,787319,787314,787324,787513
11,787510,787541,787535,787547,787734
7,787830,787763,787757,787770,787955
9,788030,787985,787978,787992,788175
8,788450,788416,788424,788411,788616
4,788680,788639,788646,788634,788837
6,788820,788861,788867,788857,789058
1,789070,789084,789089,789080,789278
10,789290,789306,789311,789303,789499
2,789500,789529,789532,789525,789719
12,789780,789751,789754,789748,789940
3,789980,789974,789976,789971,790160
11,790190,790196,790197,790194,790381
5,790390,790419,790419,790417,790602
9,790630,790641,790641,790640,790822
7,790820,790864,790862,790862,791043
8,791100,791087,791084,791085,791263
4,791300,791309,791306,791308,791484
1,791530,791532,791527,791531,791705
6,791730,791754,791749,791754,791925
10,791970,791977,791970,791976,792146
12,792190,792199,792192,792199,792366
2,792390,792422,792414,792422,792587
11,792670,792644,792635,792645,792808
3,792900,792867,792857,792868,793028
9,793090,793089,793079,793091,793249
5,793330,793312,793300,793313,793469
7,793570,793534,793522,793536,793690
4,794000,793967,793966,793959,794131
8,794220,794189,794188,794181,794352
6,794430,794411,794410,794404,794572
1,794640,794632,794631,794626,794793
12,794840,794854,794853,794849,795014
10,795050,795076,795075,795071,795234
11,795250,795297,795296,795293,795455
2,795470,795519,795518,795516,795675
9,795710,795741,795740,795738,795896
3,795990,795962,795961,795961,796116
7,796220,796184,796183,796183,796337
5,796390,796406,796405,796405,796558
8,796650,796627,796626,796628,796778
4,796870,796849,796848,796850,796999
6,797080,797071,797070,797073,797219
12,797280,797292,797291,797295,797440
1,797530,797514,797513,797517,797661
10,797770,797736,797735,797740,797881
2,797960,797957,797956,797962,798102
11,798100,798179,798178,798185,798322
3,798400,798401,798400,798407,798543
9,798610,798622,798621,798629,798764
5,798840,798844,798843,798852,798984
7,799100,799066,799065,799074,799205
4,799510,799496,799498,799492,799646
8,799730,799717,799720,799713,799867
12,799930,799938,799941,799935,800087
6,800150,800159,800162,800156,800308
10,800370,800380,800384,800377,800528
1,800620,800601,800605,800599,800749
11,800790,800822,800827,800820,800969
2,801050,801044,801048,801041,801190
9,801280,801265,801269,801263,801411
3,801470,801486,801491,801484,801631
7,801690,801707,801712,801705,801852
5,801910,801928,801934,801927,802072
4,802120,802149,802155,802148,802293
12,802380,802370,802376,802370,802514
8,802590,802591,802598,802591,802734
6,802850,802813,802819,802812,802955
1,803040,803034,803041,803034,803175
10,803250,803255,803262,803255,803396
11,803480,803476,803483,803476,803617
9,803670,803697,803705,803698,803837
2,803900,803918,803926,803919,804058
7,804140,804139,804147,804140,804278
3,804370,804360,804369,804362,804499
5,804610,804582,804590,804583,804720
12,805010,805000,805008,804981,805161
4,805190,805221,805229,805203,805381
6,805390,805441,805449,805424,805602
8,805680,805661,805670,805646,805822
10,805920,805881,805891,805867,806043
1,806130,806101,806111,806089,806264
9,806300,806321,806332,806310,806484
11,806550,806542,806553,806532,806705
7,806720,806762,806774,806753,806925
2,806970,806982,806994,806975,807146
5,807170,807202,807215,807196,807367
3,807420,807422,807436,807418,807587
4,807610,807642,807656,807639,807808
12,807830,807863,807877,807861,808028
8,808060,808083,808098,808082,808249
6,808280,808303,808318,808303,808470
10,808520,808523,808539,808525,808690
9,808760,808743,808760,808746,808911
1,808990,808963,808981,808968,809131
11,809170,809184,809201,809189,809352
2,809420,809404,809422,809411,809573
7,809670,809624,809643,809632,809793
3,809860,809844,809863,809854,810014
5,810060,810064,810084,810075,810234
12,810520,810506,810521,810507,810675
4,810760,810728,810742,810729,810896
6,810950,810949,810962,810950,811117
8,811210,811170,811183,811172,811337
9,811400,811392,811404,811393,811558
10,811600,811613,811624,811615,811778
11,811850,811834,811845,811837,811999
1,812050,812056,812065,812058,812220
7,812280,812277,812286,812280,812440
2,812540,812499,812507,812501,812661
5,812680,812720,812727,812723,812881
3,812900,812941,812948,812944,813102
12,813140,813163,813168,813166,813323
6,813400,813384,813389,813387,813543
4,813630,813606,813610,813609,813764
9,813800,813827,813830,813830,813984
8,814070,814048,814051,814052,814205
10,814220,814270,814271,814273,814426
1,814470,814491,814492,814495,814646
11,814740,814712,814712,814717,814867
7,814950,814934,814933,814938,815087
5,815170,815155,815154,815160,815308
2,815370,815377,815374,815381,815529
3,815620,815598,815595,815603,815749
6,816000,816016,816025,816010,816190
12,816230,816236,816245,816231,816411
9,816440,816457,816465,816452,816631
4,816700,816678,816686,816673,816852
10,816870,816898,816906,816893,817073
8,817110,817119,817126,817114,817293
11,817310,817340,817347,817335,817514
1,817530,817561,817567,817556,817734
5,817750,817781,817787,817777,817955
7,817940,818002,818008,817998,818176
3,818230,818223,818228,818218,818396
2,818470,818443,818448,818439,818617
12,818720,818664,818669,818660,818837
6,818910,818885,818889,818881,819058
4,819120,819106,819109,819102,819279
9,819310,819326,819330,819322,819499
8,819570,819547,819550,819543,819720
10,819740,819768,819770,819764,819940
11,819950,819988,819991,819985,820161
5,820210,820209,820211,820206,820382
1,820430,820430,820431,820427,820602
7,820690,820651,820652,820647,820823
2,820860,820871,820872,820868,821043
3,821100,821092,821092,821089,821264
6,821470,821511,821520,821493,821705
12,821770,821731,821740,821715,821926
9,821940,821951,821960,821936,822146
4,822200,822171,822180,822158,822367
10,822350,822392,822400,822379,822587
8,822600,822612,822620,822601,822808
5,822810,822832,822840,822822,823029
11,823070,823053,823060,823044,823249
7,823230,823273,823280,823265,823470
1,823480,823493,823500,823487,823690
3,823660,823714,823720,823709,823911
2,823930,823934,823940,823930,824132
6,824160,824154,824160,824152,824352
9,824400,824374,824380,824373,824573
12,824630,824595,824600,824595,824793
10,824860,824815,824820,824816,825014
4,825020,825035,825040,825038,825235
5,825230,825256,825260,825259,825455
8,825460,825476,825480,825481,825676
11,825720,825696,825700,825702,825896
1,825890,825917,825920,825924,826117
7,826170,826137,826140,826145,826337
2,826310,826357,826360,826367,826558
3,826620,826577,826580,826588,826779
9,827020,827011,827031,827013,827220
6,827280,827233,827251,827235,827440
10,827430,827456,827471,827457,827661
12,827660,827678,827692,827680,827882
5,827890,827900,827912,827902,828102
4,828120,828123,828132,828125,828323
11,828350,828345,828353,828347,828543
8,828590,828568,828573,828569,828764
7,828800,828790,828794,828792,828985
1,829020,829013,829014,829014,829205
3,829190,829235,829234,829236,829426
2,829430,829458,829455,829459,829646
6,829640,829680,829675,829681,829867
9,829900,829903,829895,829904,830088
12,830150,830125,830116,830126,830308
10,830380,830348,830336,830348,830529
4,830560,830570,830557,830571,830749
5,830810,830793,830777,830793,830970
8,830990,831015,830997,831015,831190
11,831280,831238,831218,831238,831411
7,831480,831460,831438,831460,831632
3,831670,831683,831658,831683,831852
1,831920,831905,831879,831905,832073
2,832120,832127,832099,832127,832293
9,832550,832550,832555,832547,832735
6,832780,832772,832776,832769,832955
10,832970,832994,832997,832991,833176
12,833210,833217,833217,833214,833396
5,833440,833439,833438,833436,833617
4,833680,833661,833659,833658,833838
11,833920,833883,833880,833881,834058
8,834110,834105,834101,834103,834279
3,834350,834327,834322,834326,834499
7,834490,834550,834542,834548,834720
2,834720,834772,834763,834770,834941
1,834940,834994,834984,834993,835161
9,835210,835216,835205,835215,835382
10,835430,835438,835426,835437,835602
6,835660,835660,835647,835660,835823
5,835910,835883,835868,835882,836043
12,836120,836105,836088,836104,836264
11,836360,836327,836309,836327,836485
4,836560,836549,836530,836549,836705
3,836810,836771,836751,836771,836926
8,837000,836993,836972,836994,837146
7,837230,837216,837193,837216,837367
1,837390,837438,837414,837438,837588
2,837650,837660,837634,837661,837808
10,838050,838075,838084,838074,838249
9,838300,838298,838306,838297,838470
5,838530,838520,838527,838519,838691
6,838710,838743,838748,838742,838911
11,838920,838966,838969,838964,839132
12,839180,839188,839190,839186,839352
3,839420,839411,839411,839409,839573
4,839670,839633,839633,839631,839794
7,839870,839856,839854,839853,840014
8,840100,840079,840075,840076,840235
2,840270,840301,840296,840298,840455
1,840470,840524,840517,840520,840676
9,840690,840747,840738,840743,840897
10,840960,840969,840960,840965,841117
6,841170,841192,841181,841188,841338
5,841410,841414,841402,841410,841558
12,841650,841637,841623,841632,841779
11,841880,841860,841844,841855,841999
4,842100,842082,842066,842077,842220
3,842320,842305,842287,842299,842441
8,842570,842528,842508,842522,842661
7,842780,842750,842729,842744,842882
2,842950,842973,842950,842966,843102
1,843190,843195,843171,843189,843323
10,843590,843614,843618,843608,843764
9,843850,843836,843839,843830,843985
5,844050,844058,844061,844053,844205
6,844280,844280,844282,844275,844426
11,844470,844502,844503,844498,844647
12,844750,844724,844725,844720,844867
3,844950,844946,844946,844942,845088
4,845150,845168,845167,845165,845308
7,845410,845390,845389,845387,845529
8,845630,845612,845610,845610,845750
1,845850,845834,845831,845832,845970
2,846090,846056,846053,846055,846191
10,846230,846278,846274,846277,846411
5,846550,846500,846495,846499,846632
9,846650,846722,846717,846722,846852
11,846920,846944,846938,846944,847073
6,847160,847166,847159,847167,847294
3,847390,847388,847381,847389,847514
12,847630,847610,847602,847612,847735
7,847850,847831,847823,847834,847955
4,848020,848053,848045,848057,848176
8,848290,848275,848266,848279,848397
2,848500,848497,848487,848501,848617
1,848720,848719,848709,848724,848838
5,849140,849139,849152,849138,849279
10,849330,849361,849373,849360,849500
11,849590,849584,849595,849583,849720
9,849780,849807,849816,849805,849941
3,850010,850029,850037,850028,850161
6,850230,850252,850259,850250,850382
7,850490,850474,850480,850473,850603
12,850730,850697,850702,850696,850823
8,850940,850919,850923,850918,851044
4,851160,851142,851144,851141,851264
1,851370,851364,851366,851363,851485
2,851590,851587,851587,851586,851705
10,851790,851810,851809,851808,851926
5,852020,852032,852030,852031,852147
9,852220,852255,852251,852253,852367
11,852530,852477,852473,852476,852588
6,852660,852700,852694,852699,852808
3,852890,852922,852916,852921,853029
12,853160,853145,853137,853144,853250
7,853350,853367,853358,853366,853470
8,853630,853590,853580,853589,853691
1,853840,853813,853801,853811,853911
4,854040,854035,854023,854034,854132
2,854240,854258,854244,854256,854353
5,854700,854678,854689,854676,854794
10,854870,854900,854911,854899,855014
11,855140,855123,855132,855121,855235
9,855350,855346,855354,855344,855456
3,855590,855568,855575,855567,855676
6,855770,855791,855797,855790,855897
7,855980,856014,856018,856012,856117
12,856260,856236,856240,856235,856338
1,856470,856459,856461,856458,856558
8,856680,856681,856683,856681,856779
2,856870,856904,856904,856903,857000
4,857150,857127,857126,857126,857220
5,857350,857349,857348,857349,857441
11,857550,857572,857569,857572,857661
10,857770,857795,857791,857794,857882
3,858050,858017,858012,858017,858103
9,858200,858240,858234,858240,858323
7,858460,858462,858455,858463,858544
6,858670,858685,858677,858685,858764
12,858920,858908,858898,858908,858985
8,859140,859130,859120,859131,859206
1,859360,859353,859341,859354,859426
4,859600,859576,859563,859576,859647
2,859800,859798,859784,859799,859867
11,860200,860220,860229,860219,860309
5,860440,860443,860451,860441,860529
3,860710,860665,860672,860664,860750
10,860930,860887,860894,860886,860970
7,861110,861110,861116,861109,861191
9,861330,861332,861337,861331,861412
12,861560,861555,861559,861554,861632
6,861690,861777,861780,861777,861853
1,861990,862000,862002,861999,862073
8,862220,862222,862224,862222,862294
2,862420,862444,862445,862444,862514
4,862690,862667,862667,862667,862735
5,862890,862889,862888,862890,862956
11,863130,863112,863110,863112,863176
10,863330,863334,863331,863335,863397
3,863580,863557,863553,863557,863617
9,863810,863779,863775,863780,863838
7,864010,864001,863996,864003,864059
12,864240,864224,864218,864225,864279
1,864440,864446,864439,864448,864500
6,864620,864669,864661,864670,864720
8,864890,864891,864883,864893,864941
4,865100,865113,865104,865116,865162
2,865350,865336,865326,865338,865382
11,865770,865760,865766,865758,865823
5,865990,865982,865987,865980,866044
3,866210,866203,866209,866202,866265
10,866450,866425,866430,866424,866485
7,866660,866647,866652,866646,866706
9,866870,866869,866873,866868,866926
1,867120,867090,867095,867090,867147
12,867290,867312,867316,867312,867367
8,867510,867534,867538,867534,867588
6,867750,867755,867759,867756,867809
2,867960,867977,867981,867978,868029
4,868210,868199,868202,868200,868250
11,868440,868421,868424,868422,868470
3,868650,868642,868645,868644,868691
5,868860,868864,868867,868866,868912
7,869100,869086,869088,869088,869132
10,869290,869307,869310,869310,869353
9,869500,869529,869531,869532,869573
12,869720,869751,869753,869754,869794
1,869970,869973,869974,869976,870015
8,870190,870194,870196,870198,870235
2,870400,870416,870417,870420,870456
6,870660,870638,870639,870642,870676
4,870890,870859,870860,870864,870897
3,871300,871278,871290,871273,871338
11,871500,871499,871511,871494,871559
7,871720,871721,871732,871716,871779
5,871940,871942,871953,871938,872000
9,872110,872164,872174,872160,872220
10,872410,872385,872395,872381,872441
1,872610,872606,872616,872603,872662
12,872870,872828,872838,872825,872882
2,873020,873049,873059,873047,873103
8,873260,873271,873280,873268,873323
4,873510,873492,873501,873490,873544
6,873690,873713,873722,873712,873765
11,873910,873935,873943,873934,873985
3,874160,874156,874164,874156,874206
5,874380,874378,874385,874377,874426
7,874580,874599,874607,874599,874647
9,874810,874820,874828,874821,874868
1,875030,875042,875049,875043,875088
10,875270,875263,875270,875264,875309
12,875460,875485,875491,875486,875529
8,875690,875706,875712,875708,875750
2,875950,875927,875933,875930,875971
6,876150,876149,876155,876151,876191
4,876420,876370,876376,876373,876412
3,876810,876799,876809,876795,876853
11,877060,877020,877030,877017,877073
7,877240,877241,877251,877239,877294
5,877470,877462,877472,877460,877515
1,877700,877683,877693,877682,877735
9,877880,877904,877913,877903,877956
12,878120,878125,878134,878125,878176
10,878360,878346,878355,878346,878397
2,878570,878567,878576,878568,878618
8,878800,878788,878797,878789,878838
4,879020,879009,879018,879011,879059
6,879240,879230,879239,879233,879279
3,879450,879451,879459,879454,879500
7,879690,879672,879680,879676,879721
11,879900,879893,879901,879897,879941
5,880090,880114,880122,880119,880162
9,880320,880335,880343,880340,880382
1,880560,880556,880564,880562,880603
12,880770,880777,880785,880783,880824
2,880980,880998,881005,881005,881044
10,881210,881219,881226,881227,881265
4,881460,881440,881447,881448,881485
8,881650,881661,881668,881670,881706
6,881890,881882,881889,881891,881927
7,882320,882303,882318,882297,882368
3,882560,882524,882539,882519,882588
5,882780,882745,882759,882740,882809
11,882960,882966,882980,882962,883029
1,883190,883187,883200,883184,883250
9,883380,883409,883421,883405,883471
2,883620,883630,883641,883627,883691
12,883790,883851,883862,883848,883912
4,884030,884072,884083,884070,884132
10,884300,884293,884303,884291,884353
6,884490,884514,884524,884513,884574
8,884700,884736,884744,884734,884794
3,884970,884957,884965,884956,885015
7,885220,885178,885185,885177,885235
5,885410,885399,885406,885399,885456
1,885610,885620,885626,885620,885677
11,885820,885841,885847,885842,885897
9,886060,886062,886067,886063,886118
12,886290,886284,886288,886285,886338
2,886470,886505,886508,886506,886559
10,886720,886726,886729,886728,886780
4,887000,886947,886950,886950,887000
8,887180,887168,887170,887171,887221
6,887410,887389,887391,887393,887441
7,887850,887814,887830,887810,887882
3,888040,888036,888050,888032,888103
1,888280,888258,888271,888254,888324
5,888460,888479,888491,888476,888544
9,888680,888701,888712,888698,888765
11,888950,888923,888933,888920,888985
2,889110,889144,889153,889142,889206
12,889370,889366,889374,889364,889427
4,889550,889588,889594,889586,889647
10,889780,889809,889815,889809,889868
6,890050,890031,890035,890031,890088
8,890300,890253,890256,890253,890309
7,890460,890474,890476,890475,890530
3,890670,890696,890697,890697,890750
5,890940,890918,890917,890919,890971
1,891130,891139,891138,891141,891191
9,891340,891361,891358,891363,891412
2,891570,891582,891579,891585,891633
11,891810,891804,891799,891807,891853
4,892030,892026,892020,892029,892074
12,892290,892247,892240,892252,892294
6,892480,892469,892461,892474,892515
10,892670,892691,892682,892696,892735
8,892920,892912,892902,892918,892956
3,893360,893339,893351,893341,893397
7,893600,893561,893571,893563,893618
1,893830,893783,893792,893785,893838
5,893970,894005,894013,894007,894059
2,894210,894227,894234,894229,894280
9,894450,894449,894454,894451,894500
4,894690,894671,894675,894673,894721
11,894890,894893,894896,894895,894941
6,895070,895116,895117,895117,895162
12,895370,895338,895338,895339,895383
8,895510,895560,895558,895561,895603
10,895770,895782,895779,895783,895824
3,896000,896004,896000,896005,896044
1,896220,896226,896221,896227,896265
7,896430,896448,896442,896449,896486
5,896640,896670,896662,896671,896706
9,896890,896892,896883,896893,896927
2,897150,897115,897104,897115,897147
11,897340,897337,897325,897337,897368
4,897580,897559,897545,897558,897588
12,897800,897781,897766,897780,897809
6,897980,898003,897987,898002,898030
10,898220,898225,898208,898224,898250
8,898480,898447,898429,898446,898471
1,898900,898872,898868,898860,898912
3,899110,899092,899089,899081,899133
5,899320,899312,899310,899303,899353
7,899560,899532,899530,899524,899574
2,899750,899753,899751,899746,899794
9,899980,899973,899972,899967,900015
4,900220,900193,900192,900188,900236
11,900380,900414,900413,900410,900456
6,900620,900634,900634,900631,900677
12,900870,900854,900854,900852,900897
8,901060,901074,901075,901074,901118
10,901300,901295,901296,901295,901339
3,901530,901515,901517,901517,901559
1,901730,901735,901737,901738,901780
5,901910,901956,901958,901959,902000
2,902180,902176,902179,902181,902221
7,902400,902396,902399,902402,902442
4,902580,902616,902620,902623,902662
9,902790,902837,902841,902845,902883
6,903080,903057,903061,903066,903103
11,903280,903277,903282,903287,903324
8,903490,903497,903503,903509,903544
12,903750,903718,903723,903730,903765
10,903950,903938,903944,903952,903986
1,904400,904372,904377,904365,904427
3,904610,904592,904597,904586,904647
2,904870,904812,904818,904807,904868
5,905010,905032,905038,905028,905089
4,905260,905252,905258,905249,905309
7,905480,905472,905479,905470,905530
6,905680,905693,905699,905691,905750
9,905910,905913,905920,905912,905971
8,906160,906133,906140,906133,906192
11,906320,906353,906361,906354,906412
10,906550,906573,906581,906575,906633
12,906810,906793,906801,906796,906853
1,907020,907014,907022,907017,907074
2,907280,907234,907242,907238,907295
3,907450,907454,907463,907459,907515
4,907680,907674,907683,907680,907736
5,907880,907894,907903,907901,907956
6,908060,908115,908124,908122,908177
7,908310,908335,908344,908343,908397
8,908550,908555,908565,908564,908618
9,908750,908775,908785,908785,908839
10,908990,908995,909005,909006,909059
11,909230,909215,909226,909227,909280
12,909490,909436,909446,909448,909500
1,909880,909866,909876,909853,909942
2,910130,910086,910096,910075,910162
3,910330,910307,910316,910296,910383
4,910550,910527,910537,910518,910603
5,910730,910747,910757,910739,910824
6,910910,910967,910977,910961,911045
7,911160,911188,911197,911182,911265
8,911410,911408,911417,911404,911486
9,911640,911628,911637,911625,911706
10,911810,911848,911857,911846,911927
11,912060,912069,912077,912068,912148
12,912320,912289,912297,912289,912368
1,912520,912509,912517,912511,912589
2,912740,912729,912738,912732,912809
3,912990,912950,912958,912954,913030
4,913190,913170,913178,913175,913250
5,913380,913390,913398,913396,913471
6,913560,913610,913618,913618,913692
7,913810,913830,913838,913839,913912
8,914040,914051,914058,914061,914133
9,914280,914271,914278,914282,914353
10,914500,914491,914498,914504,914574
11,914710,914711,914718,914725,914795
12,914950,914932,914939,914947,915015
1,915420,915371,915385,915376,915456
2,915670,915593,915605,915597,915677
3,915830,915814,915826,915819,915898
4,916070,916036,916046,916040,916118
5,916240,916257,916266,916262,916339
6,916460,916479,916487,916483,916559
7,916650,916701,916707,916705,916780
8,916910,916922,916927,916926,917001
9,917110,917144,917148,917147,917221
10,917320,917366,917368,917369,917442
11,917570,917587,917588,917590,917662
12,917780,917809,917809,917812,917883
1,918050,918030,918029,918033,918103
2,918320,918252,918249,918255,918324
3,918480,918474,918470,918476,918545
4,918700,918695,918690,918698,918765
5,918920,918917,918910,918919,918986
6,919160,919138,919130,919140,919206
7,919350,919360,919351,919362,919427
8,919580,919582,919571,919583,919648
9,919760,919803,919791,919805,919868
10,920020,920025,920012,920026,920089
11,920240,920247,920232,920248,920309
12,920530,920468,920452,920469,920530
