Bell No,Actual Time,Contest Model,HawkEar Model,RWP Model,Metronomic Model
1,26710,26710,26710,26939.2,26710
2,27010,26958.3,26958.3,27171.5,26930.4
3,27250,27206.5,27206.5,27403.8,27150.8
4,27520,27454.8,27454.8,27636.1,27371.2
5,27760,27703,27703,27868.4,27591.7
6,28010,27951.3,27951.3,28100.8,27812.1
7,28290,28199.6,28199.6,28333.1,28032.5
8,28520,28447.8,28447.8,28565.4,28252.9
9,28800,28696.1,28696.1,28797.7,28473.3
10,29030,28944.3,28944.3,29030,28693.7
11,29320,29192.6,29192.6,29262.4,28914.1
12,29570,29440.9,29440.9,29494.7,29134.5
1,29780,29689.1,29689.1,29727,29355
2,30040,29937.4,29937.4,29959.3,29575.4
3,30310,30185.7,30185.7,30191.6,29795.8
4,30440,30433.9,30433.9,30424,30016.2
5,30760,30682.2,30682.2,30656.3,30236.6
6,30910,30930.4,30930.4,30888.6,30457
7,31180,31178.7,31178.7,31120.9,30677.4
8,31390,31427,31427,31353.2,30897.8
9,31640,31675.2,31675.2,31585.5,31118.3
10,31870,31923.5,31923.5,31817.9,31338.7
11,32130,32171.7,32171.7,32050.2,31559.1
12,32420,32420,32420,32282.5,31779.5
1,32890,32875.3,32889,32809.6,32220.3
2,33110,33102.2,33115,33041.9,32440.7
3,33340,33329,33341,33274.2,32661.1
4,33530,33555.9,33566.9,33506.5,32881.6
5,33770,33782.7,33792.9,33738.9,33102
6,34010,34009.6,34018.9,33971.2,33322.4
7,34220,34236.4,34244.9,34203.5,33542.8
8,34440,34463.3,34470.8,34435.8,33763.2
9,34660,34690.1,34696.8,34668.1,33983.6
10,34870,34917,34922.8,34900.5,34204
11,35080,35143.8,35148.8,35132.8,34424.4
12,35440,35370.7,35374.7,35365.1,34644.9
1,35650,35597.5,35600.7,35597.4,34865.3
2,35820,35824.4,35826.7,35829.7,35085.7
3,36070,36051.2,36052.7,36062,35306.1
4,36260,36278.1,36278.6,36294.4,35526.5
5,36520,36504.9,36504.6,36526.7,35746.9
6,36710,36731.8,36730.6,36759,35967.3
7,36940,36958.6,36956.6,36991.3,36187.7
8,37150,37185.5,37182.5,37223.6,36408.2
9,37410,37412.3,37408.5,37456,36628.6
10,37630,37639.2,37634.5,37688.3,36849
11,37860,37866,37860.5,37920.6,37069.4
12,38170,38092.9,38086.4,38152.9,37289.8
1,38620,38575.3,38560.5,38542.7,37730.6
2,38810,38800.1,38786.2,38770.4,37951
3,39070,39024.8,39011.8,38998.1,38171.5
4,39240,39249.6,39237.5,39225.8,38391.9
5,39470,39474.3,39463.2,39453.5,38612.3
6,39710,39699,39688.9,39681.2,38832.7
7,39910,39923.8,39914.6,39908.9,39053.1
8,40120,40148.5,40140.3,40136.6,39273.5
9,40340,40373.3,40366,40364.3,39493.9
10,40520,40598,40591.7,40592,39714.3
11,40810,40822.8,40817.4,40819.7,39934.8
12,41110,41047.5,41043.1,41047.4,40155.2
1,41310,41272.3,41268.8,41275.1,40375.6
2,41510,41497,41494.5,41502.8,40596
3,41720,41721.8,41720.2,41730.5,40816.4
4,41930,41946.5,41945.9,41958.2,41036.8
5,42160,42171.2,42171.6,42185.9,41257.2
6,42430,42396,42397.2,42413.6,41477.7
7,42640,42620.7,42622.9,42641.3,41698.1
8,42820,42845.5,42848.6,42869,41918.5
9,43010,43070.2,43074.3,43096.7,42138.9
10,43280,43295,43300,43324.4,42359.3
11,43550,43519.7,43525.7,43552.1,42579.7
12,43780,43744.5,43751.4,43779.8,42800.1
1,44250,44236.8,44222.4,44205.9,43241
2,44480,44459.8,44446.3,44431.6,43461.4
3,44710,44682.8,44670.2,44657.4,43681.8
4,44890,44905.8,44894.1,44883.1,43902.2
5,45100,45128.7,45118,45108.9,44122.6
6,45380,45351.7,45341.9,45334.7,44343
7,45560,45574.7,45565.8,45560.4,44563.4
8,45800,45797.7,45789.8,45786.2,44783.8
9,46020,46020.7,46013.7,46011.9,45004.3
10,46240,46243.7,46237.6,46237.7,45224.7
11,46510,46466.7,46461.5,46463.4,45445.1
12,46660,46689.7,46685.4,46689.2,45665.5
1,46910,46912.7,46909.3,46915,45885.9
2,47140,47135.7,47133.2,47140.7,46106.3
3,47340,47358.7,47357.1,47366.5,46326.7
4,47570,47581.6,47581,47592.2,46547.1
5,47800,47804.6,47805,47818,46767.6
6,48010,48027.6,48028.9,48043.7,46988
7,48240,48250.6,48252.8,48269.5,47208.4
8,48470,48473.6,48476.7,48495.3,47428.8
9,48710,48696.6,48700.6,48721,47649.2
10,48910,48919.6,48924.5,48946.8,47869.6
11,49180,49142.6,49148.4,49172.5,48090
12,49370,49365.6,49372.3,49398.3,48310.4
1,49850,49838.3,49815.2,49800.8,48751.3
2,50090,50060.2,50038.9,50025.5,48971.7
3,50220,50282.1,50262.7,50250.3,49192.1
4,50470,50504,50486.4,50475,49412.5
5,50670,50725.9,50710.2,50699.8,49632.9
6,50940,50947.9,50933.9,50924.5,49853.3
7,51180,51169.8,51157.6,51149.3,50073.7
8,51370,51391.7,51381.4,51374,50294.2
9,51600,51613.6,51605.1,51598.8,50514.6
10,51810,51835.5,51828.9,51823.5,50735
11,52020,52057.4,52052.6,52048.3,50955.4
12,52240,52279.3,52276.4,52273,51175.8
1,52560,52501.2,52500.1,52497.8,51396.2
2,52750,52723.1,52723.9,52722.5,51616.6
3,52950,52945,52947.6,52947.3,51837
4,53180,53167,53171.3,53172,52057.5
5,53430,53388.9,53395.1,53396.8,52277.9
6,53640,53610.8,53618.8,53621.6,52498.3
7,53830,53832.7,53842.6,53846.3,52718.7
8,54060,54054.6,54066.3,54071.1,52939.1
9,54250,54276.5,54290.1,54295.8,53159.5
10,54470,54498.4,54513.8,54520.6,53379.9
11,54730,54720.3,54737.5,54745.3,53600.4
12,54940,54942.2,54961.3,54970.1,53820.8
1,55460,55427,55405.6,55395.4,54261.6
2,55660,55648.7,55629.2,55619.8,54482
3,55880,55870.5,55852.8,55844.2,54702.4
4,56080,56092.2,56076.4,56068.6,54922.8
5,56300,56313.9,56300,56293.1,55143.2
6,56530,56535.6,56523.6,56517.5,55363.7
7,56770,56757.3,56747.2,56741.9,55584.1
8,56970,56979,56970.8,56966.3,55804.5
9,57140,57200.7,57194.4,57190.8,56024.9
10,57410,57422.5,57418,57415.2,56245.3
11,57590,57644.2,57641.6,57639.6,56465.7
12,57860,57865.9,57865.2,57864,56686.1
1,58140,58087.6,58088.8,58088.5,56906.5
2,58340,58309.3,58312.4,58312.9,57127
3,58550,58531,58536,58537.3,57347.4
4,58780,58752.8,58759.6,58761.7,57567.8
5,58990,58974.5,58983.1,58986.2,57788.2
6,59160,59196.2,59206.7,59210.6,58008.6
7,59410,59417.9,59430.3,59435,58229
8,59640,59639.6,59653.9,59659.4,58449.4
9,59820,59861.3,59877.5,59883.9,58669.8
10,60070,60083,60101.1,60108.3,58890.3
11,60280,60304.8,60324.7,60332.7,59110.7
12,60600,60526.5,60548.3,60557.1,59331.1
1,61040,61003,60983.6,60964,59771.9
2,61240,61224.1,61206.8,61188.3,59992.3
3,61460,61445.3,61430,61412.6,60212.7
4,61650,61666.4,61653.2,61636.9,60433.1
5,61870,61887.6,61876.4,61861.2,60653.6
6,62100,62108.7,62099.6,62085.4,60874
7,62320,62329.8,62322.8,62309.7,61094.4
8,62540,62551,62546,62534,61314.8
9,62680,62772.1,62769.2,62758.3,61535.2
10,62960,62993.2,62992.4,62982.6,61755.6
11,63170,63214.4,63215.6,63206.9,61976
12,63450,63435.5,63438.8,63431.2,62196.4
1,63680,63656.6,63662,63655.5,62416.9
2,63900,63877.8,63885.2,63879.8,62637.3
3,64090,64098.9,64108.5,64104.1,62857.7
4,64310,64320.1,64331.7,64328.4,63078.1
5,64580,64541.2,64554.9,64552.6,63298.5
6,64770,64762.3,64778.1,64776.9,63518.9
7,64990,64983.5,65001.3,65001.2,63739.3
8,65190,65204.6,65224.5,65225.5,63959.7
9,65370,65425.7,65447.7,65449.8,64180.2
10,65650,65646.9,65670.9,65674.1,64400.6
11,65870,65868,65894.1,65898.4,64621
12,66160,66089.2,66117.3,66122.7,64841.4
1,66600,66571.9,66562.1,66541.1,65282.2
2,66820,66794.2,66785.3,66766,65502.6
3,67010,67016.5,67008.4,66990.9,65723
4,67220,67238.8,67231.6,67215.8,65943.5
5,67440,67461.1,67454.7,67440.7,66163.9
6,67710,67683.5,67677.9,67665.6,66384.3
7,67920,67905.8,67901,67890.5,66604.7
8,68100,68128.1,68124.2,68115.4,66825.1
9,68290,68350.4,68347.3,68340.3,67045.5
10,68540,68572.7,68570.5,68565.2,67265.9
11,68750,68795,68793.6,68790.1,67486.4
12,69040,69017.3,69016.8,69015,67706.8
1,69260,69239.6,69239.9,69240,67927.2
2,69480,69461.9,69463.1,69464.9,68147.6
3,69690,69684.3,69686.2,69689.8,68368
4,69910,69906.6,69909.4,69914.7,68588.4
5,70140,70128.9,70132.5,70139.6,68808.8
6,70320,70351.2,70355.7,70364.5,69029.2
7,70580,70573.5,70578.8,70589.4,69249.7
8,70790,70795.8,70802,70814.3,69470.1
9,70970,71018.1,71025.1,71039.2,69690.5
10,71230,71240.4,71248.3,71264.1,69910.9
11,71470,71462.7,71471.4,71489,70131.3
12,71780,71685.1,71694.6,71713.9,70351.7
1,72190,72162.9,72149.8,72140.6,70792.5
2,72410,72385.9,72373.2,72365.4,71013
3,72600,72608.8,72596.6,72590.1,71233.4
4,72810,72831.8,72820,72814.8,71453.8
5,73030,73054.7,73043.4,73039.6,71674.2
6,73270,73277.7,73266.8,73264.3,71894.6
7,73480,73500.6,73490.2,73489,72115
8,73690,73723.6,73713.6,73713.7,72335.4
9,73900,73946.6,73937.1,73938.5,72555.8
10,74150,74169.5,74160.5,74163.2,72776.3
11,74340,74392.5,74383.9,74387.9,72996.7
12,74660,74615.4,74607.3,74612.6,73217.1
1,74870,74838.4,74830.7,74837.4,73437.5
2,75080,75061.3,75054.1,75062.1,73657.9
3,75300,75284.3,75277.5,75286.8,73878.3
4,75530,75507.3,75500.9,75511.5,74098.7
5,75790,75730.2,75724.3,75736.3,74319.1
6,75940,75953.2,75947.7,75961,74539.6
7,76160,76176.1,76171.1,76185.7,74760
8,76370,76399.1,76394.5,76410.4,74980.4
9,76560,76622,76618,76635.2,75200.8
10,76840,76845,76841.4,76859.9,75421.2
11,77060,77068,77064.8,77084.6,75641.6
12,77370,77290.9,77288.2,77309.4,75862
1,77790,77755.9,77733,77719.9,76302.9
2,78010,77977.6,77956.3,77944.3,76523.3
3,78190,78199.2,78179.6,78168.7,76743.7
4,78390,78420.9,78402.9,78393.1,76964.1
5,78620,78642.5,78626.3,78617.5,77184.5
6,78840,78864.2,78849.6,78841.9,77404.9
7,79050,79085.8,79072.9,79066.3,77625.3
8,79270,79307.5,79296.2,79290.7,77845.7
9,79460,79529.1,79519.6,79515,78066.2
10,79740,79750.8,79742.9,79739.4,78286.6
11,79920,79972.4,79966.2,79963.8,78507
12,80180,80194.1,80189.5,80188.2,78727.4
1,80460,80415.7,80412.9,80412.6,78947.8
2,80670,80637.4,80636.2,80637,79168.2
3,80850,80859,80859.5,80861.4,79388.6
4,81100,81080.7,81082.8,81085.8,79609
5,81350,81302.3,81306.2,81310.2,79829.5
6,81520,81524,81529.5,81534.6,80049.9
7,81760,81745.6,81752.8,81759,80270.3
8,81970,81967.3,81976.1,81983.4,80490.7
9,82140,82188.9,82199.5,82207.7,80711.1
10,82400,82410.6,82422.8,82432.1,80931.5
11,82670,82632.2,82646.1,82656.5,81151.9
12,82860,82853.9,82869.4,82880.9,81372.4
1,83350,83325.3,83314.6,83298.9,81813.2
2,83550,83547.7,83537.9,83523.5,82033.6
3,83770,83770.2,83761.1,83748,82254
4,83990,83992.7,83984.4,83972.6,82474.4
5,84210,84215.2,84207.7,84197.1,82694.8
6,84420,84437.6,84431,84421.7,82915.2
7,84630,84660.1,84654.3,84646.2,83135.7
8,84850,84882.6,84877.6,84870.8,83356.1
9,85080,85105.1,85100.8,85095.3,83576.5
10,85320,85327.5,85324.1,85319.9,83796.9
11,85510,85550,85547.4,85544.4,84017.3
12,85730,85772.5,85770.7,85769,84237.7
1,85990,85995,85994,85993.5,84458.1
2,86240,86217.4,86217.3,86218.1,84678.5
3,86460,86439.9,86440.5,86442.6,84899
4,86660,86662.4,86663.8,86667.2,85119.4
5,86900,86884.9,86887.1,86891.7,85339.8
6,87110,87107.3,87110.4,87116.3,85560.2
7,87350,87329.8,87333.7,87340.8,85780.6
8,87580,87552.3,87557,87565.4,86001
9,87780,87774.7,87780.2,87789.9,86221.4
10,88020,87997.2,88003.5,88014.5,86441.8
11,88230,88219.7,88226.8,88239,86662.3
12,88420,88442.2,88450.1,88463.6,86882.7
1,88910,88913.4,88896.5,88881.7,87323.5
2,89130,89135.3,89119.8,89106.3,87543.9
3,89380,89357.3,89343,89330.9,87764.3
4,89560,89579.3,89566.3,89555.5,87984.7
5,89800,89801.2,89789.5,89780.1,88205.1
6,90030,90023.2,90012.7,90004.7,88425.6
7,90240,90245.1,90236,90229.3,88646
8,90450,90467.1,90459.2,90453.9,88866.4
9,90690,90689,90682.5,90678.5,89086.8
10,90910,90911,90905.7,90903.1,89307.2
11,91070,91133,91129,91127.7,89527.6
12,91340,91354.9,91352.2,91352.3,89748
1,91590,91576.9,91575.4,91576.9,89968.4
2,91820,91798.8,91798.7,91801.5,90188.9
3,92050,92020.8,92021.9,92026.1,90409.3
4,92240,92242.7,92245.2,92250.7,90629.7
5,92530,92464.7,92468.4,92475.3,90850.1
6,92690,92686.6,92691.7,92699.9,91070.5
7,92870,92908.6,92914.9,92924.5,91290.9
8,93110,93130.6,93138.1,93149.1,91511.3
9,93350,93352.5,93361.4,93373.7,91731.7
10,93560,93574.5,93584.6,93598.3,91952.2
11,93770,93796.4,93807.9,93822.9,92172.6
12,94060,94018.4,94031.1,94047.5,92393
1,94540,94495.3,94478.8,94465,92833.8
2,94740,94717.2,94702,94689.6,93054.2
3,94940,94939.1,94925.3,94914.2,93274.6
4,95160,95161.1,95148.5,95138.8,93495.1
5,95380,95383,95371.7,95363.4,93715.5
6,95600,95604.9,95594.9,95588,93935.9
7,95830,95826.8,95818.2,95812.6,94156.3
8,96040,96048.8,96041.4,96037.2,94376.7
9,96220,96270.7,96264.6,96261.8,94597.1
10,96480,96492.6,96487.8,96486.4,94817.5
11,96690,96714.6,96711.1,96711,95037.9
12,96940,96936.5,96934.3,96935.6,95258.4
1,97200,97158.4,97157.5,97160.2,95478.8
2,97390,97380.3,97380.8,97384.8,95699.2
3,97640,97602.3,97604,97609.4,95919.6
4,97810,97824.2,97827.2,97834,96140
5,98020,98046.1,98050.4,98058.6,96360.4
6,98240,98268.1,98273.7,98283.2,96580.8
7,98460,98490,98496.9,98507.8,96801.2
8,98700,98711.9,98720.1,98732.4,97021.7
9,98910,98933.8,98943.4,98957,97242.1
10,99170,99155.8,99166.6,99181.6,97462.5
11,99390,99377.7,99389.8,99406.2,97682.9
12,99660,99599.6,99613,99630.8,97903.3
1,100080,100074,100062,100051,98344.1
2,100310,100297,100285,100275,98564.5
3,100530,100519,100508,100499,98785
4,100740,100742,100731,100724,99005.4
5,100930,100964,100955,100948,99225.8
6,101190,101186,101178,101173,99446.2
7,101390,101409,101401,101397,99666.6
8,101630,101631,101625,101621,99887
9,101830,101853,101848,101846,100107
10,102050,102076,102071,102070,100328
11,102290,102298,102294,102295,100548
12,102530,102521,102518,102519,100769
1,102760,102743,102741,102743,100989
2,103000,102965,102964,102968,101209
3,103200,103188,103187,103192,101430
4,103420,103410,103411,103417,101650
5,103610,103632,103634,103641,101871
6,103850,103855,103857,103865,102091
7,104110,104077,104080,104090,102312
8,104320,104299,104304,104314,102532
9,104490,104522,104527,104539,102752
10,104730,104744,104750,104763,102973
11,104930,104967,104973,104988,103193
12,105230,105189,105197,105212,103414
2,105670,105653,105640,105637,103854
1,105890,105875,105864,105861,104075
4,106060,106098,106087,106084,104295
3,106290,106320,106310,106307,104516
6,106510,106542,106533,106530,104736
5,106730,106764,106756,106754,104957
8,106990,106986,106979,106977,105177
7,107230,107208,107203,107200,105397
10,107430,107431,107426,107424,105618
9,107650,107653,107649,107647,105838
12,107830,107875,107872,107870,106059
11,108020,108097,108095,108093,106279
1,108370,108319,108318,108317,106499
2,108580,108542,108542,108540,106720
4,108800,108764,108765,108763,106940
6,109000,108986,108988,108986,107161
3,109170,109208,109211,109210,107381
8,109440,109430,109434,109433,107601
5,109690,109652,109658,109656,107822
10,109850,109875,109881,109880,108042
7,110100,110097,110104,110103,108263
12,110270,110319,110327,110326,108483
9,110550,110541,110550,110549,108704
11,110800,110763,110773,110773,108924
2,111220,111211,111193,111169,109365
1,111410,111431,111415,111392,109585
6,111650,111650,111637,111615,109806
4,111850,111870,111860,111838,110026
8,112070,112090,112082,112060,110246
3,112310,112310,112305,112283,110467
10,112500,112530,112527,112506,110687
5,112730,112750,112749,112729,110908
12,112970,112969,112972,112952,111128
7,113120,113189,113194,113175,111348
11,113360,113409,113416,113398,111569
9,113650,113629,113639,113621,111789
2,113810,113849,113861,113844,112010
6,114060,114069,114083,114066,112230
1,114310,114288,114306,114289,112451
4,114510,114508,114528,114512,112671
3,114740,114728,114751,114735,112891
8,114990,114948,114973,114958,113112
5,115180,115168,115195,115181,113332
10,115340,115388,115418,115404,113553
7,115600,115607,115640,115627,113773
12,115830,115827,115862,115849,113993
9,116040,116047,116085,116072,114214
11,116320,116267,116307,116295,114434
6,116800,116737,116741,116717,114875
2,116990,116958,116963,116941,115095
4,117140,117180,117185,117164,115316
1,117380,117402,117407,117387,115536
8,117610,117624,117629,117611,115757
3,117830,117845,117851,117834,115977
10,118060,118067,118073,118058,116198
5,118250,118289,118295,118281,116418
12,118500,118510,118517,118504,116638
7,118690,118732,118739,118728,116859
11,118900,118954,118961,118951,117079
9,119190,119176,119183,119175,117300
6,119420,119397,119405,119398,117520
2,119650,119619,119627,119621,117740
1,119880,119841,119849,119845,117961
4,120060,120063,120071,120068,118181
8,120310,120284,120293,120292,118402
10,120480,120506,120516,120515,118622
3,120740,120728,120738,120738,118843
12,120940,120949,120960,120962,119063
5,121230,121171,121182,121185,119283
11,121340,121393,121404,121409,119504
7,121620,121615,121626,121632,119724
9,121860,121836,121848,121855,119945
2,122330,122296,122289,122276,120385
6,122540,122518,122511,122499,120606
4,122700,122739,122733,122721,120826
1,122920,122960,122955,122944,121047
10,123170,123182,123177,123167,121267
8,123440,123403,123399,123390,121487
12,123630,123624,123620,123613,121708
3,123810,123845,123842,123836,121928
11,124040,124067,124064,124059,122149
5,124270,124288,124286,124282,122369
9,124490,124509,124508,124505,122590
7,124750,124731,124730,124728,122810
6,124940,124952,124952,124951,123030
2,125190,125173,125174,125174,123251
4,125380,125394,125396,125396,123471
10,125610,125616,125618,125619,123692
1,125870,125837,125840,125842,123912
8,126060,126058,126062,126065,124132
3,126240,126279,126284,126288,124353
12,126520,126501,126506,126511,124573
5,126710,126722,126728,126734,124794
11,126960,126943,126950,126957,125014
7,127180,127165,127172,127180,125234
9,127390,127386,127394,127403,125455
2,127900,127841,127827,127809,125896
6,128080,128061,128049,128032,126116
10,128220,128281,128270,128255,126337
4,128470,128501,128492,128477,126557
8,128680,128721,128714,128700,126777
1,128950,128941,128935,128922,126998
12,129220,129161,129157,129145,127218
3,129340,129381,129378,129368,127439
11,129600,129602,129600,129590,127659
5,129800,129822,129822,129813,127879
9,129970,130042,130043,130035,128100
7,130250,130262,130265,130258,128320
2,130470,130482,130487,130480,128541
10,130700,130702,130708,130703,128761
6,130960,130922,130930,130926,128981
4,131130,131143,131151,131148,129202
1,131390,131363,131373,131371,129422
8,131610,131583,131595,131593,129643
12,131820,131803,131816,131816,129863
11,132070,132023,132038,132039,130084
3,132210,132243,132260,132261,130304
9,132360,132463,132481,132484,130524
5,132680,132683,132703,132706,130745
7,132980,132904,132924,132929,130965
10,133430,133367,133362,133344,131406
2,133610,133588,133584,133567,131626
4,133800,133809,133805,133789,131847
6,134040,134029,134027,134012,132067
8,134250,134250,134248,134235,132288
1,134460,134471,134470,134458,132508
11,134620,134692,134691,134680,132729
12,134940,134913,134913,134903,132949
9,135090,135133,135134,135126,133169
3,135280,135354,135356,135349,133390
7,135580,135575,135577,135572,133610
5,135770,135796,135798,135794,133831
2,136010,136017,136020,136017,134051
10,136240,136237,136241,136240,134271
6,136470,136458,136463,136463,134492
4,136700,136679,136684,136686,134712
8,136930,136900,136906,136908,134933
11,137120,137121,137127,137131,135153
1,137370,137341,137349,137354,135373
12,137600,137562,137570,137577,135594
3,137740,137783,137792,137800,135814
9,137970,138004,138013,138022,136035
5,138240,138225,138235,138245,136255
7,138480,138445,138456,138468,136476
10,138900,138902,138899,138885,136916
2,139130,139123,139121,139108,137137
4,139300,139345,139342,139331,137357
6,139570,139566,139564,139553,137578
11,139800,139787,139785,139776,137798
8,140010,140009,140007,139999,138018
12,140240,140230,140228,140221,138239
1,140420,140452,140450,140444,138459
9,140650,140673,140671,140667,138680
3,140880,140895,140893,140889,138900
7,141120,141116,141114,141112,139120
5,141310,141338,141336,141335,139341
10,141510,141559,141557,141557,139561
4,141780,141780,141779,141780,139782
2,141980,142002,142000,142002,140002
11,142270,142223,142222,142225,140223
6,142490,142445,142443,142448,140443
8,142700,142666,142665,142670,140663
1,142910,142888,142886,142893,140884
12,143080,143109,143108,143116,141104
9,143300,143331,143329,143338,141325
7,143570,143552,143550,143561,141545
3,143730,143774,143772,143784,141765
5,144050,143995,143993,144006,141986
4,144370,144435,144433,144419,142427
10,144640,144656,144655,144642,142647
11,144920,144878,144876,144864,142867
2,145110,145099,145098,145086,143088
8,145270,145321,145319,145309,143308
6,145560,145543,145541,145531,143529
12,145740,145764,145762,145753,143749
1,145950,145986,145983,145976,143970
7,146210,146207,146205,146198,144190
9,146430,146429,146426,146420,144410
5,146620,146650,146648,146643,144631
3,146840,146872,146869,146865,144851
10,147090,147094,147091,147087,145072
4,147280,147315,147312,147310,145292
2,147520,147537,147534,147532,145512
11,147720,147758,147755,147754,145733
6,147940,147980,147977,147977,145953
8,148230,148201,148198,148199,146174
12,148430,148423,148420,148421,146394
7,148660,148645,148641,148644,146615
1,148890,148866,148863,148866,146835
9,149100,149088,149084,149088,147055
3,149310,149309,149305,149311,147276
5,149600,149531,149527,149533,147496
4,149920,149966,149962,149943,147937
10,150130,150187,150183,150165,148157
11,150400,150408,150404,150388,148378
2,150600,150629,150626,150610,148598
8,150850,150850,150847,150832,148819
6,151100,151071,151068,151055,149039
7,151320,151291,151289,151277,149259
12,151530,151512,151511,151499,149480
9,151700,151733,151732,151722,149700
1,151950,151954,151953,151944,149921
5,152120,152175,152175,152166,150141
3,152390,152396,152396,152389,150362
4,152590,152616,152617,152611,150582
11,152830,152837,152838,152834,150802
10,153060,153058,153060,153056,151023
8,153290,153279,153281,153278,151243
2,153500,153500,153502,153501,151464
7,153750,153721,153723,153723,151684
6,153920,153941,153945,153945,151904
12,154140,154162,154166,154168,152125
1,154410,154383,154387,154390,152345
9,154620,154604,154609,154612,152566
3,154800,154825,154830,154835,152786
5,155080,155045,155051,155057,153006
11,155530,155496,155490,155475,153447
4,155680,155716,155711,155697,153668
8,155940,155937,155933,155919,153888
10,156150,156157,156154,156142,154109
7,156380,156378,156375,156364,154329
2,156600,156598,156596,156586,154549
12,156860,156819,156817,156809,154770
6,157100,157040,157038,157031,154990
9,157240,157260,157259,157253,155211
1,157460,157481,157481,157476,155431
5,157650,157701,157702,157698,155651
3,157930,157922,157923,157920,155872
4,158110,158142,158144,158143,156092
11,158330,158363,158365,158365,156313
10,158570,158583,158586,158588,156533
8,158840,158804,158808,158810,156753
2,159020,159024,159029,159032,156974
7,159260,159245,159250,159255,157194
6,159410,159465,159471,159477,157415
12,159720,159686,159692,159699,157635
9,159890,159906,159913,159922,157856
5,160150,160127,160134,160144,158076
1,160380,160348,160356,160366,158296
3,160560,160568,160577,160589,158517
11,161010,161012,161015,160996,158958
4,161210,161233,161236,161218,159178
8,161480,161454,161457,161441,159398
10,161660,161676,161679,161663,159619
7,161910,161897,161900,161886,159839
2,162150,162118,162121,162108,160060
12,162320,162340,162342,162331,160280
6,162490,162561,162563,162553,160501
5,162730,162782,162784,162776,160721
9,162970,163004,163005,162998,160941
3,163180,163225,163226,163220,161162
1,163440,163446,163447,163443,161382
11,163680,163667,163668,163665,161603
8,163950,163889,163889,163888,161823
4,164120,164110,164110,164110,162043
7,164370,164331,164332,164333,162264
10,164580,164553,164553,164555,162484
12,164760,164774,164774,164778,162705
2,164980,164995,164995,165000,162925
5,165230,165217,165216,165223,163145
6,165400,165438,165437,165445,163366
9,165650,165659,165658,165668,163586
1,165910,165881,165879,165890,163807
3,166120,166102,166100,166113,164027
8,166510,166544,166546,166533,164468
11,166740,166766,166768,166755,164688
7,167000,166988,166989,166978,164909
4,167230,167210,167210,167200,165129
12,167420,167431,167431,167423,165350
10,167650,167653,167653,167646,165570
5,167880,167875,167874,167868,165790
2,168100,168097,168095,168091,166011
9,168330,168319,168316,168313,166231
6,168550,168540,168538,168536,166452
3,168730,168762,168759,168759,166672
1,168970,168984,168980,168981,166892
11,169160,169206,169201,169204,167113
8,169440,169427,169423,169426,167333
4,169660,169649,169644,169649,167554
7,169910,169871,169865,169872,167774
10,170100,170093,170086,170094,167995
12,170290,170315,170308,170317,168215
2,170510,170536,170529,170539,168435
5,170750,170758,170750,170762,168656
6,170920,170980,170971,170985,168876
9,171230,171202,171193,171207,169097
3,171440,171423,171414,171430,169317
1,171700,171645,171635,171652,169537
8,172040,172078,172077,172062,169978
11,172280,172299,172299,172285,170199
7,172470,172521,172520,172507,170419
4,172710,172742,172741,172730,170639
12,172970,172964,172962,172952,170860
10,173200,173185,173184,173175,171080
5,173390,173407,173405,173397,171301
2,173650,173628,173626,173620,171521
9,173850,173850,173848,173842,171742
6,174100,174071,174069,174065,171962
1,174260,174293,174290,174287,172182
3,174470,174514,174511,174510,172403
8,174780,174736,174733,174732,172623
7,174950,174957,174954,174955,172844
11,175140,175179,175175,175177,173064
12,175430,175400,175397,175400,173284
4,175640,175622,175618,175622,173505
5,175890,175843,175839,175845,173725
10,176120,176065,176060,176067,173946
9,176270,176286,176282,176290,174166
2,176470,176508,176503,176512,174387
6,176670,176729,176724,176735,174607
3,176960,176951,176945,176957,174827
1,177190,177172,177167,177180,175048
7,177610,177614,177610,177593,175489
8,177860,177835,177831,177816,175709
12,178030,178056,178052,178039,175929
11,178290,178277,178274,178262,176150
5,178520,178498,178495,178484,176370
4,178770,178719,178716,178707,176591
9,178920,178940,178937,178930,176811
10,179180,179161,179159,179153,177031
6,179380,179382,179380,179375,177252
2,179560,179603,179601,179598,177472
1,179750,179824,179823,179821,177693
3,179980,180045,180044,180044,177913
8,180280,180266,180265,180266,178134
7,180480,180487,180486,180489,178354
11,180680,180708,180708,180712,178574
12,180940,180929,180929,180935,178795
4,181200,181150,181150,181157,179015
5,181450,181371,181372,181380,179236
10,181610,181592,181593,181603,179456
9,181820,181813,181814,181826,179676
6,182000,182034,182035,182048,179897
1,182230,182255,182257,182271,180117
2,182460,182476,182478,182494,180338
3,182720,182697,182699,182717,180558
7,183210,183145,183146,183134,180999
8,183400,183366,183368,183357,181219
12,183570,183588,183589,183580,181440
11,183820,183810,183811,183803,181660
5,184020,184032,184032,184025,181881
4,184280,184254,184254,184248,182101
9,184410,184475,184475,184471,182321
10,184730,184697,184696,184694,182542
1,184920,184919,184918,184916,182762
6,185120,185141,185139,185139,182983
3,185280,185362,185361,185362,183203
2,185580,185584,185582,185584,183423
7,185790,185806,185804,185807,183644
12,186010,186028,186025,186030,183864
8,186240,186249,186246,186253,184085
5,186480,186471,186468,186475,184305
11,186740,186693,186689,186698,184525
9,186910,186915,186911,186921,184746
4,187150,187136,187132,187144,184966
10,187340,187358,187354,187366,185187
6,187570,187580,187575,187589,185407
1,187830,187802,187796,187812,185628
2,188020,188024,188018,188035,185848
3,188280,188245,188239,188257,186068
12,188690,188680,188683,188669,186509
7,188880,188902,188904,188891,186730
5,189090,189124,189126,189114,186950
8,189320,189346,189347,189337,187170
9,189540,189568,189569,189559,187391
11,189780,189790,189790,189782,187611
10,190020,190011,190012,190005,187832
4,190240,190233,190233,190227,188052
1,190450,190455,190455,190450,188273
6,190680,190677,190676,190673,188493
3,190920,190899,190898,190895,188713
2,191150,191121,191119,191118,188934
7,191360,191343,191341,191340,189154
12,191550,191565,191562,191563,189375
8,191750,191787,191784,191786,189595
5,192000,192009,192005,192008,189815
11,192220,192231,192226,192231,190036
9,192450,192453,192448,192454,190256
10,192660,192675,192669,192676,190477
1,192920,192897,192891,192899,190697
4,193110,193119,193112,193122,190917
6,193360,193341,193334,193344,191138
2,193550,193562,193555,193567,191358
3,193810,193784,193777,193790,191579
12,194220,194218,194219,194208,192020
7,194440,194440,194441,194430,192240
5,194660,194661,194663,194653,192460
8,194910,194883,194884,194875,192681
9,195060,195105,195106,195098,192901
11,195310,195327,195327,195320,193122
1,195530,195549,195549,195542,193342
10,195750,195770,195770,195765,193562
6,196000,195992,195992,195987,193783
4,196200,196214,196213,196210,194003
3,196420,196436,196435,196432,194224
2,196640,196657,196656,196655,194444
12,196870,196879,196878,196877,194664
5,197140,197101,197099,197099,194885
7,197320,197323,197321,197322,195105
9,197500,197544,197542,197544,195326
8,197770,197766,197764,197767,195546
11,198000,197988,197985,197989,195767
10,198250,198210,198207,198212,195987
1,198500,198432,198428,198434,196207
6,198610,198653,198650,198656,196428
3,198870,198875,198871,198879,196648
4,199100,199097,199093,199101,196869
2,199310,199319,199314,199324,197089
5,199710,199747,199749,199733,197530
12,199990,199968,199970,199956,197750
9,200150,200190,200192,200178,197971
7,200380,200411,200413,200400,198191
11,200670,200632,200634,200622,198411
8,200880,200853,200856,200844,198632
1,201110,201074,201077,201066,198852
10,201280,201296,201298,201288,199073
3,201500,201517,201519,201510,199293
6,201730,201738,201741,201733,199514
2,201910,201959,201962,201955,199734
4,202110,202180,202183,202177,199954
12,202420,202402,202405,202399,200175
5,202640,202623,202626,202621,200395
7,202840,202844,202847,202843,200616
9,203040,203065,203069,203065,200836
11,203280,203286,203290,203287,201056
1,203510,203508,203511,203510,201277
8,203780,203729,203732,203732,201497
10,203960,203950,203954,203954,201718
6,204160,204171,204175,204176,201938
3,204440,204392,204396,204398,202159
4,204590,204614,204618,204620,202379
2,204830,204835,204839,204842,202599
5,205210,205264,205273,205254,203040
12,205470,205486,205495,205477,203261
9,205680,205708,205716,205699,203481
7,205950,205929,205937,205921,203701
1,206160,206151,206158,206143,203922
11,206360,206372,206379,206365,204142
10,206580,206594,206600,206588,204363
8,206850,206815,206821,206810,204583
3,207090,207037,207042,207032,204803
6,207280,207258,207263,207254,205024
2,207450,207480,207485,207476,205244
4,207680,207701,207706,207698,205465
5,207920,207923,207927,207921,205685
9,208090,208144,208148,208143,205906
12,208370,208366,208369,208365,206126
7,208590,208588,208590,208587,206346
11,208760,208809,208811,208809,206567
1,209040,209031,209032,209032,206787
10,209230,209252,209253,209254,207008
3,209520,209474,209475,209476,207228
8,209760,209695,209696,209698,207448
2,209930,209917,209917,209920,207669
6,210090,210138,210138,210143,207889
4,210370,210360,210359,210365,208110
9,210730,210786,210797,210781,208550
5,210980,211008,211018,211003,208771
7,211300,211230,211239,211225,208991
12,211480,211452,211460,211447,209212
1,211690,211674,211681,211669,209432
11,211920,211896,211902,211891,209653
3,212110,212118,212123,212113,209873
10,212290,212339,212344,212335,210093
2,212540,212561,212566,212558,210314
8,212740,212783,212787,212780,210534
4,212950,213005,213008,213002,210755
6,213220,213227,213229,213224,210975
5,213450,213449,213450,213446,211195
9,213630,213671,213671,213668,211416
7,213940,213892,213892,213890,211636
1,214100,214114,214113,214112,211857
12,214350,214336,214334,214335,212077
11,214530,214558,214555,214557,212297
10,214790,214780,214776,214779,212518
3,215030,215002,214997,215001,212738
8,215240,215224,215218,215223,212959
2,215450,215445,215439,215445,213179
6,215670,215667,215660,215667,213400
4,215910,215889,215881,215889,213620
9,216290,216309,216317,216301,214061
5,216490,216531,216538,216523,214281
1,216720,216752,216759,216745,214502
7,216980,216974,216980,216967,214722
11,217180,217195,217201,217189,214942
12,217430,217417,217422,217411,215163
3,217640,217638,217643,217633,215383
10,217910,217860,217864,217854,215604
2,218080,218081,218085,218076,215824
8,218310,218303,218306,218298,216045
4,218510,218524,218527,218520,216265
6,218740,218746,218748,218742,216485
9,218920,218968,218969,218964,216706
5,219160,219189,219190,219186,216926
7,219440,219411,219411,219408,217147
1,219650,219632,219632,219629,217367
11,219810,219854,219852,219851,217587
3,220050,220075,220073,220073,217808
12,220300,220297,220294,220295,218028
2,220470,220518,220515,220517,218249
10,220780,220740,220736,220739,218469
4,220990,220961,220957,220961,218689
8,221190,221183,221178,221183,218910
6,221430,221404,221399,221405,219130
5,221790,221825,221833,221811,219571
9,222030,222046,222054,222033,219792
1,222250,222268,222275,222255,220012
7,222550,222489,222496,222477,220232
3,222720,222710,222717,222700,220453
11,222890,222931,222937,222922,220673
2,223090,223152,223158,223144,220894
12,223380,223374,223379,223366,221114
4,223600,223595,223600,223588,221334
10,223810,223816,223820,223811,221555
6,224060,224037,224041,224033,221775
8,224270,224258,224262,224255,221996
5,224480,224480,224483,224477,222216
1,224710,224701,224703,224700,222436
9,224900,224922,224924,224922,222657
7,225130,225143,225145,225144,222877
11,225350,225364,225366,225366,223098
3,225590,225586,225587,225589,223318
12,225830,225807,225807,225811,223539
2,226060,226028,226028,226033,223759
10,226230,226249,226249,226255,223979
4,226480,226470,226470,226477,224200
8,226670,226691,226690,226700,224420
6,226920,226913,226911,226922,224641
1,227350,227349,227358,227338,225081
5,227570,227571,227579,227561,225302
7,227850,227793,227800,227784,225522
9,228010,228014,228021,228007,225743
3,228230,228236,228241,228229,225963
11,228520,228458,228462,228452,226183
2,228670,228680,228683,228675,226404
12,228870,228901,228904,228898,226624
4,229090,229123,229125,229121,226845
10,229320,229345,229346,229344,227065
6,229570,229567,229567,229567,227286
8,229820,229789,229788,229790,227506
5,230010,230010,230009,230013,227726
1,230230,230232,230230,230236,227947
7,230520,230454,230451,230459,228167
3,230670,230676,230672,230682,228388
9,230850,230897,230893,230905,228608
2,231110,231119,231113,231128,228828
11,231340,231341,231334,231351,229049
4,231550,231563,231555,231574,229269
12,231830,231784,231776,231797,229490
6,231970,232006,231997,232020,229710
10,232220,232228,232218,232243,229931
8,232470,232450,232439,232466,230151
1,232900,232888,232896,232888,230592
5,233110,233111,233117,233111,230812
3,233360,233333,233339,233334,231033
7,233590,233556,233560,233557,231253
2,233770,233779,233781,233780,231473
9,234000,234001,234003,234003,231694
4,234190,234224,234224,234226,231914
11,234460,234447,234445,234448,232135
6,234690,234670,234667,234671,232355
12,234860,234892,234888,234894,232575
8,235100,235115,235110,235117,232796
10,235340,235338,235331,235340,233016
1,235560,235560,235552,235563,233237
5,235820,235783,235774,235786,233457
7,236060,236006,235995,236008,233678
3,236270,236229,236216,236231,233898
9,236420,236451,236438,236454,234118
2,236650,236674,236659,236677,234339
11,236860,236897,236881,236900,234559
4,237070,237120,237102,237123,234780
12,237310,237342,237323,237345,235000
6,237570,237565,237545,237568,235220
10,237800,237788,237766,237791,235441
8,238070,238010,237988,238014,235661
5,238480,238440,238433,238426,236102
1,238660,238661,238654,238648,236322
3,238890,238882,238875,238870,236543
7,239130,239103,239097,239092,236763
2,239300,239324,239318,239315,236984
9,239570,239545,239540,239537,237204
4,239730,239766,239761,239759,237425
11,239990,239987,239983,239981,237645
6,240230,240208,240204,240203,237865
12,240420,240429,240425,240426,238086
8,240580,240650,240647,240648,238306
10,240850,240871,240868,240870,238527
1,241110,241092,241090,241092,238747
5,241350,241312,241311,241315,238967
3,241510,241533,241532,241537,239188
2,241770,241754,241754,241759,239408
7,241990,241975,241975,241981,239629
4,242180,242196,242197,242204,239849
9,242410,242417,242418,242426,240069
6,242630,242638,242639,242648,240290
11,242870,242859,242861,242870,240510
8,243080,243080,243082,243092,240731
12,243310,243301,243304,243315,240951
10,243510,243522,243525,243537,241172
5,243970,243955,243961,243947,241612
1,244200,244177,244182,244169,241833
2,244390,244398,244403,244391,242053
3,244630,244619,244625,244613,242274
4,244830,244840,244846,244835,242494
7,245050,245062,245067,245057,242714
6,245300,245283,245288,245279,242935
9,245520,245504,245509,245501,243155
8,245720,245725,245731,245723,243376
11,245950,245947,245952,245945,243596
10,246150,246168,246173,246167,243817
12,246400,246389,246394,246389,244037
5,246590,246610,246615,246611,244257
2,246800,246832,246837,246833,244478
1,247050,247053,247058,247055,244698
3,247250,247274,247279,247277,244919
7,247520,247495,247500,247499,245139
4,247720,247716,247722,247721,245359
9,247910,247938,247943,247943,245580
6,248110,248159,248164,248165,245800
11,248400,248380,248385,248387,246021
8,248620,248601,248606,248609,246241
12,248850,248823,248828,248831,246461
10,249070,249044,249049,249053,246682
2,249470,249477,249484,249464,247123
5,249670,249698,249705,249686,247343
3,249930,249919,249926,249908,247564
1,250140,250140,250147,250131,247784
4,250350,250361,250368,250353,248004
7,250610,250583,250589,250575,248225
6,250810,250804,250810,250798,248445
9,251030,251025,251031,251020,248666
8,251240,251246,251252,251242,248886
11,251450,251467,251473,251465,249106
10,251680,251688,251694,251687,249327
12,251920,251910,251915,251909,249547
2,252120,252131,252136,252132,249768
5,252420,252352,252357,252354,249988
1,252580,252573,252578,252576,250208
3,252810,252794,252799,252799,250429
4,253030,253015,253020,253021,250649
6,253210,253237,253241,253243,250870
7,253450,253458,253462,253466,251090
8,253680,253679,253683,253688,251311
9,253880,253900,253904,253910,251531
10,254110,254121,254125,254132,251751
11,254310,254343,254346,254355,251972
12,254590,254564,254567,254577,252192
5,255040,255007,255010,254993,252633
2,255270,255228,255231,255216,252853
3,255480,255449,255452,255439,253074
1,255680,255670,255673,255661,253294
6,255900,255892,255894,255884,253515
4,256120,256113,256115,256106,253735
8,256310,256334,256336,256329,253956
7,256530,256555,256557,256552,254176
10,256720,256776,256778,256774,254396
9,256980,256997,256999,256997,254617
12,257210,257218,257220,257219,254837
11,257470,257439,257441,257442,255058
2,257640,257661,257662,257665,255278
5,257880,257882,257883,257887,255498
3,258170,258103,258104,258110,255719
6,258340,258324,258325,258332,255939
1,258580,258545,258547,258555,256160
4,258760,258766,258768,258778,256380
7,259010,258987,258989,259000,256600
8,259230,259208,259210,259223,256821
9,259420,259430,259431,259445,257041
10,259620,259651,259652,259668,257262
11,259850,259872,259873,259891,257482
12,260070,260093,260094,260113,257703
5,260520,260534,260541,260528,258143
2,260760,260756,260762,260750,258364
6,261010,260978,260983,260973,258584
3,261250,261199,261204,261195,258805
4,261420,261421,261426,261418,259025
1,261640,261643,261647,261641,259245
8,261870,261865,261868,261863,259466
7,262100,262087,262089,262086,259686
10,262270,262309,262310,262308,259907
9,262510,262531,262531,262531,260127
12,262710,262753,262753,262754,260347
11,263000,262975,262974,262976,260568
5,263230,263197,263195,263199,260788
6,263430,263419,263416,263421,261009
2,263610,263641,263637,263644,261229
3,263870,263863,263859,263867,261450
1,264080,264085,264080,264089,261670
4,264280,264307,264301,264312,261890
8,264510,264529,264522,264534,262111
10,264740,264751,264743,264757,262331
7,265040,264973,264964,264980,262552
12,265180,265195,265186,265202,262772
9,265410,265417,265407,265425,262992
11,265660,265639,265628,265647,263213
6,266100,266075,266074,266061,263654
5,266330,266296,266295,266283,263874
3,266520,266518,266516,266506,264094
2,266770,266739,266738,266728,264315
4,266970,266960,266959,266951,264535
1,267160,267182,267180,267174,264756
10,267350,267403,267401,267396,264976
8,267600,267624,267623,267619,265197
12,267820,267846,267844,267842,265417
7,268080,268067,268065,268064,265637
11,268270,268288,268286,268287,265858
9,268500,268510,268508,268510,266078
5,268740,268731,268729,268732,266299
6,268980,268952,268950,268955,266519
2,269180,269174,269172,269177,266739
3,269380,269395,269393,269400,266960
4,269640,269617,269614,269623,267180
10,269840,269838,269835,269845,267401
1,270050,270059,270057,270068,267621
8,270250,270281,270278,270291,267842
7,270530,270502,270499,270513,268062
12,270760,270723,270720,270736,268282
9,270910,270945,270942,270958,268503
11,271170,271166,271163,271181,268723
6,271670,271609,271608,271600,269164
5,271870,271830,271830,271822,269384
3,272030,272052,272051,272045,269605
2,272340,272273,272272,272267,269825
10,272500,272494,272494,272489,270046
4,272710,272716,272715,272712,270266
8,272910,272937,272936,272934,270486
1,273130,273158,273158,273156,270707
12,273360,273380,273379,273378,270927
7,273570,273601,273600,273601,271148
11,273800,273822,273822,273823,271368
9,274040,274044,274043,274045,271589
6,274250,274265,274264,274267,271809
3,274460,274486,274486,274490,272029
5,274740,274707,274707,274712,272250
10,274930,274929,274928,274934,272470
2,275170,275150,275150,275156,272691
4,275370,275371,275371,275379,272911
1,275610,275593,275592,275601,273131
8,275810,275814,275814,275823,273352
12,276010,276035,276035,276045,273572
11,276270,276257,276256,276268,273793
7,276500,276478,276478,276490,274013
9,276700,276699,276699,276712,274233
3,277110,277134,277134,277120,274674
6,277380,277355,277355,277342,274895
10,277590,277576,277576,277564,275115
5,277800,277796,277797,277786,275336
4,278000,278017,278018,278007,275556
2,278290,278238,278239,278229,275776
8,278480,278458,278460,278451,275997
1,278660,278679,278681,278673,276217
11,278870,278900,278903,278895,276438
12,279080,279120,279124,279117,276658
9,279310,279341,279345,279338,276878
7,279540,279561,279566,279560,277099
6,279800,279782,279787,279782,277319
3,280050,280003,280008,280004,277540
5,280240,280223,280229,280226,277760
10,280430,280444,280450,280448,277980
2,280640,280665,280671,280670,278201
4,280860,280885,280892,280891,278421
8,281130,281106,281113,281113,278642
11,281310,281327,281335,281335,278862
1,281560,281547,281556,281557,279083
12,281750,281768,281777,281779,279303
7,282010,281989,281998,282001,279523
9,282220,282209,282219,282222,279744
3,282680,282650,282652,282632,280185
6,282910,282870,282873,282854,280405
10,283100,283091,283094,283076,280625
5,283330,283311,283315,283298,280846
4,283530,283532,283535,283520,281066
2,283690,283752,283756,283743,281287
11,283990,283972,283977,283965,281507
8,284190,284193,284198,284187,281728
12,284400,284413,284419,284409,281948
1,284630,284634,284639,284631,282168
9,284810,284854,284860,284853,282389
7,285070,285075,285081,285075,282609
3,285320,285295,285302,285297,282830
10,285540,285516,285523,285519,283050
6,285730,285736,285744,285741,283270
4,285970,285956,285964,285963,283491
5,286200,286177,286185,286185,283711
11,286360,286397,286406,286407,283932
2,286580,286618,286627,286629,284152
8,286830,286838,286848,286851,284372
1,287060,287059,287068,287073,284593
12,287240,287279,287289,287295,284813
7,287550,287499,287510,287517,285034
9,287750,287720,287731,287739,285254
10,288180,288169,288172,288161,285695
3,288450,288390,288393,288383,285915
4,288610,288611,288613,288605,286136
6,288840,288831,288834,288826,286356
11,289080,289052,289055,289048,286577
5,289320,289273,289276,289270,286797
8,289500,289494,289496,289491,287017
2,289730,289714,289717,289713,287238
12,289880,289935,289938,289935,287458
1,290100,290156,290159,290157,287679
9,290330,290377,290380,290378,287899
7,290570,290597,290600,290600,288119
3,290850,290818,290821,290822,288340
10,291000,291039,291042,291043,288560
6,291320,291260,291263,291265,288781
4,291530,291480,291483,291487,289001
5,291720,291701,291704,291709,289222
11,291920,291922,291925,291930,289442
2,292130,292143,292146,292152,289662
8,292370,292363,292366,292374,289883
12,292550,292584,292587,292595,290103
9,292770,292805,292808,292817,290324
1,293030,293026,293029,293039,290544
7,293280,293246,293250,293261,290764
10,293690,293683,293681,293673,291205
3,293900,293903,293901,293893,291426
4,294100,294122,294122,294114,291646
6,294340,294342,294342,294334,291866
11,294600,294562,294562,294555,292087
5,294820,294782,294783,294775,292307
8,295030,295001,295003,294996,292528
2,295220,295221,295224,295217,292748
9,295380,295441,295444,295437,292969
12,295630,295661,295665,295658,293189
7,295850,295880,295885,295878,293409
1,296110,296100,296106,296099,293630
10,296310,296320,296326,296319,293850
4,296530,296540,296547,296540,294071
3,296740,296760,296767,296761,294291
11,297020,296979,296987,296981,294511
6,297190,297199,297208,297202,294732
8,297430,297419,297428,297422,294952
5,297680,297639,297649,297643,295173
9,297820,297858,297869,297864,295393
2,298040,298078,298090,298084,295614
12,298270,298298,298310,298305,295834
1,298530,298518,298531,298525,296054
7,298790,298737,298751,298746,296275
4,299120,299164,299167,299147,296716
10,299370,299383,299387,299367,296936
11,299580,299602,299607,299587,297156
3,299820,299821,299827,299807,297377
8,300040,300040,300046,300027,297597
6,300270,300259,300266,300247,297818
9,300460,300477,300486,300467,298038
5,300700,300696,300706,300687,298258
12,300920,300915,300925,300907,298479
2,301150,301134,301145,301127,298699
7,301380,301353,301365,301347,298920
1,301570,301572,301585,301567,299140
10,301800,301791,301804,301788,299361
4,302000,302010,302024,302008,299581
3,302260,302228,302244,302228,299801
11,302370,302447,302464,302448,300022
6,302620,302666,302683,302668,300242
8,302890,302885,302903,302888,300463
5,303060,303104,303123,303108,300683
9,303340,303323,303343,303328,300903
2,303530,303542,303562,303548,301124
12,303760,303761,303782,303768,301344
7,304010,303979,304002,303988,301565
1,304240,304198,304222,304208,301785
4,304560,304623,304642,304612,302226
10,304820,304843,304862,304832,302446
11,305090,305063,305081,305053,302667
3,305280,305283,305300,305274,302887
8,305500,305503,305520,305494,303108
6,305760,305723,305739,305715,303328
9,305900,305944,305958,305936,303548
5,306140,306164,306178,306157,303769
12,306360,306384,306397,306377,303989
2,306570,306604,306616,306598,304210
1,306800,306824,306836,306819,304430
7,307040,307044,307055,307039,304650
4,307230,307264,307274,307260,304871
11,307480,307484,307493,307481,305091
10,307760,307704,307713,307701,305312
8,307970,307924,307932,307922,305532
3,308130,308145,308151,308143,305752
9,308350,308365,308371,308363,305973
6,308560,308585,308590,308584,306193
12,308800,308805,308809,308805,306414
5,309050,309025,309029,309025,306634
2,309230,309245,309248,309246,306855
7,309510,309465,309467,309467,307075
1,309700,309685,309686,309687,307295
11,310220,310119,310126,310102,307736
4,310340,310339,310346,310324,307957
8,310560,310559,310565,310545,308177
10,310770,310779,310784,310767,308397
9,311000,310999,311004,310988,308618
3,311200,311219,311223,311210,308838
12,311420,311439,311442,311431,309059
6,311660,311659,311662,311653,309279
2,311850,311879,311881,311874,309500
5,312030,312099,312101,312095,309720
1,312320,312319,312320,312317,309940
7,312560,312539,312539,312538,310161
4,312720,312759,312759,312760,310381
11,312980,312979,312978,312981,310602
10,313130,313199,313197,313203,310822
8,313440,313420,313417,313424,311042
3,313670,313640,313636,313646,311263
9,313910,313860,313855,313867,311483
6,314080,314080,314075,314089,311704
12,314290,314300,314294,314310,311924
2,314470,314520,314514,314532,312144
1,314770,314740,314733,314753,312365
5,314950,314960,314952,314975,312585
7,315240,315180,315172,315196,312806
11,315650,315616,315624,315614,313247
4,315830,315837,315844,315836,313467
8,316040,316058,316064,316057,313687
10,316270,316280,316284,316278,313908
9,316440,316501,316504,316500,314128
3,316760,316722,316724,316721,314349
12,316940,316944,316943,316943,314569
6,317180,317165,317163,317164,314789
1,317410,317386,317383,317386,315010
2,317650,317607,317603,317607,315230
7,317820,317829,317823,317829,315451
5,318040,318050,318042,318050,315671
11,318230,318271,318262,318272,315891
8,318520,318493,318482,318493,316112
4,318710,318714,318702,318714,316332
9,318870,318935,318922,318936,316553
10,319130,319156,319142,319157,316773
12,319380,319378,319361,319379,316994
3,319630,319599,319581,319600,317214
6,319820,319820,319801,319822,317434
2,320050,320042,320021,320043,317655
1,320290,320263,320241,320265,317875
5,320470,320484,320461,320486,318096
7,320730,320705,320680,320708,318316
8,321100,321129,321126,321119,318757
11,321360,321349,321346,321340,318977
9,321520,321569,321566,321561,319198
4,321770,321790,321786,321782,319418
12,321980,322010,322006,322003,319638
10,322200,322230,322226,322224,319859
6,322500,322451,322446,322444,320079
3,322720,322671,322666,322665,320300
1,322930,322891,322886,322886,320520
2,323130,323111,323106,323107,320741
7,323310,323332,323326,323328,320961
5,323550,323552,323546,323549,321181
11,323760,323772,323766,323770,321402
8,324010,323993,323986,323991,321622
4,324250,324213,324206,324212,321843
9,324420,324433,324426,324433,322063
10,324610,324654,324646,324654,322283
12,324840,324874,324866,324875,322504
6,325030,325094,325086,325096,322724
1,325310,325314,325306,325317,322945
3,325580,325535,325526,325537,323165
2,325760,325755,325746,325758,323386
5,325940,325975,325966,325979,323606
7,326250,326196,326186,326200,323826
8,326600,326613,326621,326608,324267
11,326840,326834,326841,326829,324488
9,327000,327054,327061,327049,324708
4,327260,327275,327281,327270,324928
12,327490,327495,327501,327490,325149
10,327660,327716,327721,327711,325369
1,327930,327936,327941,327932,325590
6,328170,328157,328160,328152,325810
2,328380,328378,328380,328373,326030
3,328620,328598,328600,328593,326251
7,328810,328819,328820,328814,326471
5,329050,329039,329040,329035,326692
8,329280,329260,329260,329255,326912
9,329420,329480,329480,329476,327133
11,329690,329701,329700,329697,327353
12,329910,329921,329920,329917,327573
4,330160,330142,330140,330138,327794
10,330390,330362,330360,330358,328014
6,330570,330583,330580,330579,328235
1,330810,330803,330800,330800,328455
2,331000,331024,331020,331020,328675
7,331250,331244,331239,331241,328896
3,331470,331465,331459,331461,329116
5,331720,331685,331679,331682,329337
9,332050,332100,332109,332092,329777
8,332310,332320,332329,332313,329998
12,332520,332540,332549,332533,330218
11,332730,332760,332768,332754,330439
10,333000,332981,332988,332974,330659
4,333230,333201,333208,333195,330880
1,333450,333421,333428,333415,331100
6,333690,333641,333647,333636,331320
7,333810,333861,333867,333856,331541
2,334090,334082,334087,334077,331761
5,334230,334302,334306,334297,331982
3,334510,334522,334526,334518,332202
8,334740,334742,334746,334738,332422
9,334930,334962,334966,334959,332643
11,335150,335182,335185,335179,332863
12,335400,335403,335405,335400,333084
10,335660,335623,335625,335620,333304
1,335860,335843,335844,335841,333524
4,336080,336063,336064,336061,333745
6,336270,336283,336284,336282,333965
2,336470,336504,336503,336502,334186
7,336740,336724,336723,336723,334406
3,336950,336944,336943,336943,334627
5,337200,337164,337163,337164,334847
9,337560,337580,337592,337570,335288
8,337790,337800,337811,337791,335508
12,338010,338020,338031,338011,335729
11,338190,338240,338250,338232,335949
1,338440,338460,338470,338453,336169
10,338680,338680,338689,338673,336390
6,338950,338900,338909,338894,336610
4,339130,339120,339128,339115,336831
7,339380,339340,339348,339335,337051
2,339570,339561,339567,339556,337272
5,339740,339781,339787,339777,337492
3,339980,340001,340006,339998,337712
9,340190,340221,340226,340218,337933
12,340440,340441,340445,340439,338153
8,340650,340661,340665,340660,338374
11,340880,340881,340884,340880,338594
10,341090,341101,341103,341101,338814
1,341350,341321,341323,341322,339035
6,341510,341541,341542,341542,339255
7,341840,341761,341762,341763,339476
4,341980,341981,341981,341984,339696
5,342190,342201,342201,342205,339916
2,342400,342421,342420,342425,340137
3,342650,342641,342640,342646,340357
12,343090,343067,343078,343065,340798
9,343320,343287,343297,343285,341019
11,343500,343507,343517,343506,341239
8,343740,343728,343736,343726,341459
1,343980,343948,343956,343947,341680
10,344200,344168,344175,344168,341900
7,344370,344389,344395,344388,342121
6,344580,344609,344614,344609,342341
5,344790,344829,344834,344829,342561
4,345020,345049,345053,345050,342782
3,345260,345270,345273,345270,343002
2,345470,345490,345492,345491,343223
9,345680,345710,345712,345711,343443
12,345910,345931,345931,345932,343663
11,346170,346151,346151,346152,343884
1,346380,346371,346370,346373,344104
8,346610,346592,346590,346593,344325
10,346830,346812,346809,346814,344545
6,347000,347032,347028,347034,344766
7,347270,347252,347248,347255,344986
4,347490,347473,347467,347475,345206
5,347710,347693,347687,347696,345427
2,347890,347913,347906,347916,345647
3,348160,348134,348126,348137,345868
12,348510,348544,348557,348542,346308
9,348750,348764,348776,348762,346529
1,348970,348984,348995,348982,346749
11,349170,349204,349214,349202,346970
10,349400,349424,349434,349422,347190
8,349650,349644,349653,349641,347410
7,349890,349864,349872,349861,347631
6,350110,350085,350092,350081,347851
5,350300,350305,350311,350301,348072
4,350520,350525,350530,350521,348292
3,350770,350745,350750,350741,348513
2,350960,350965,350969,350961,348733
12,351120,351185,351188,351181,348953
9,351390,351405,351407,351401,349174
11,351620,351626,351627,351621,349394
1,351850,351846,351846,351841,349615
10,352040,352066,352065,352061,349835
7,352320,352286,352285,352281,350055
8,352520,352506,352504,352501,350276
5,352730,352726,352723,352721,350496
6,352920,352946,352943,352941,350717
3,353170,353167,353162,353161,350937
4,353400,353387,353381,353381,351158
2,353630,353607,353601,353601,351378
9,353970,354015,354028,354008,351819
12,354210,354235,354247,354228,352039
1,354450,354454,354466,354448,352260
11,354660,354674,354685,354668,352480
7,354960,354893,354904,354888,352700
10,355130,355113,355123,355108,352921
5,355310,355333,355342,355327,353141
8,355530,355552,355561,355547,353362
3,355740,355772,355780,355767,353582
6,356020,355992,355999,355987,353802
2,356220,356211,356218,356207,354023
4,356440,356431,356437,356427,354243
9,356610,356650,356656,356647,354464
1,356840,356870,356875,356867,354684
12,357060,357090,357094,357087,354905
11,357280,357309,357313,357307,355125
10,357520,357529,357532,357527,355345
7,357820,357748,357751,357747,355566
8,357960,357968,357970,357967,355786
5,358200,358188,358189,358187,356007
6,358400,358407,358408,358406,356227
3,358600,358627,358627,358626,356447
4,358880,358846,358846,358846,356668
2,359080,359066,359065,359066,356888
1,359490,359481,359495,359477,357329
9,359700,359700,359714,359697,357549
11,359920,359920,359933,359917,357770
12,360120,360140,360152,360137,357990
7,360370,360359,360371,360356,358211
10,360580,360579,360589,360576,358431
5,360770,360798,360808,360796,358652
8,360990,361018,361027,361016,358872
3,361250,361238,361246,361236,359092
6,361480,361457,361465,361456,359313
2,361690,361677,361684,361676,359533
4,361870,361897,361902,361895,359754
9,362100,362116,362121,362115,359974
1,362320,362336,362340,362335,360194
11,362550,362555,362559,362555,360415
7,362810,362775,362778,362775,360635
12,363010,362995,362997,362995,360856
5,363220,363214,363215,363215,361076
10,363420,363434,363434,363435,361296
3,363660,363654,363653,363654,361517
8,363890,363873,363872,363874,361737
2,364060,364093,364091,364094,361958
6,364320,364312,364310,364314,362178
4,364540,364532,364528,364534,362399
1,364970,364943,364959,364936,362839
9,365140,365163,365178,365156,363060
7,365390,365382,365397,365376,363280
11,365610,365602,365615,365596,363501
5,365770,365822,365834,365817,363721
12,366050,366042,366053,366037,363941
3,366270,366261,366272,366257,364162
10,366480,366481,366490,366477,364382
2,366670,366701,366709,366698,364603
8,366880,366921,366928,366918,364823
4,367110,367141,367146,367138,365044
6,367370,367360,367365,367358,365264
1,367590,367580,367584,367578,365484
9,367730,367800,367802,367799,365705
11,368040,368020,368021,368019,365925
7,368290,368240,368240,368239,366146
12,368490,368459,368459,368459,366366
5,368720,368679,368677,368680,366586
10,368860,368899,368896,368900,366807
3,369160,369119,369115,369120,367027
8,369340,369339,369333,369340,367248
2,369540,369558,369552,369561,367468
6,369770,369778,369771,369781,367688
4,370000,369998,369989,370001,367909
9,370410,370419,370434,370418,368350
1,370620,370639,370653,370639,368570
7,370860,370859,370871,370859,368791
11,371130,371080,371090,371080,369011
5,371330,371300,371309,371300,369231
12,371540,371521,371528,371521,369452
3,371750,371741,371747,371742,369672
10,372000,371962,371966,371962,369893
2,372130,372182,372185,372183,370113
8,372370,372403,372404,372403,370333
4,372590,372623,372623,372624,370554
6,372840,372843,372842,372845,370774
1,373030,373064,373061,373065,370995
9,373330,373284,373280,373286,371215
7,373510,373505,373499,373507,371435
5,373730,373725,373718,373727,371656
11,373950,373946,373937,373948,371876
3,374150,374166,374156,374168,372097
12,374390,374387,374374,374389,372317
2,374610,374607,374593,374610,372538
10,374840,374828,374812,374830,372758
4,375070,375048,375031,375051,372978
8,375280,375268,375250,375271,373199
6,375460,375489,375469,375492,373419
9,375940,375901,375913,375898,373860
1,376140,376122,376132,376118,374080
5,376310,376342,376352,376339,374301
7,376540,376563,376571,376560,374521
3,376750,376783,376790,376781,374742
11,376990,377004,377009,377002,374962
2,377190,377225,377228,377222,375182
12,377440,377445,377447,377443,375403
4,377650,377666,377667,377664,375623
10,377880,377886,377886,377885,375844
6,378090,378107,378105,378105,376064
8,378310,378328,378324,378326,376285
9,378590,378548,378543,378547,376505
5,378800,378769,378763,378768,376725
1,379000,378989,378982,378989,376946
7,379200,379210,379201,379209,377166
11,379470,379431,379420,379430,377387
3,379690,379651,379639,379651,377607
12,379920,379872,379858,379872,377827
2,380100,380092,380078,380093,378048
10,380270,380313,380297,380313,378268
4,380520,380534,380516,380534,378489
8,380730,380754,380735,380755,378709
6,380960,380975,380954,380976,378930
5,381390,381394,381402,381391,379370
9,381610,381614,381622,381612,379591
7,381850,381835,381841,381833,379811
1,382090,382056,382061,382054,380032
3,382290,382276,382280,382275,380252
11,382540,382497,382500,382496,380472
2,382690,382717,382719,382717,380693
12,382940,382938,382939,382938,380913
4,383120,383159,383158,383159,381134
10,383340,383379,383377,383380,381354
6,383590,383600,383597,383601,381574
8,383820,383821,383816,383822,381795
5,384060,384041,384036,384043,382015
9,384230,384262,384255,384263,382236
1,384500,384483,384475,384484,382456
7,384740,384703,384694,384705,382677
3,384950,384924,384914,384926,382897
2,385160,385144,385133,385147,383117
11,385370,385365,385353,385368,383338
4,385580,385586,385572,385589,383558
12,385790,385806,385792,385810,383779
6,385990,386027,386011,386031,383999
10,386240,386248,386231,386252,384219
8,386490,386468,386450,386473,384440
9,386880,386879,386893,386879,384881
5,387100,387100,387113,387100,385101
7,387350,387321,387332,387321,385321
1,387560,387543,387552,387542,385542
2,387770,387764,387772,387763,385762
3,387970,387985,387991,387984,385983
4,388190,388206,388211,388205,386203
11,388400,388427,388431,388426,386424
6,388670,388648,388650,388647,386644
12,388840,388869,388870,388868,386864
8,389040,389090,389090,389089,387085
10,389310,389312,389309,389310,387305
5,389500,389533,389529,389531,387526
9,389730,389754,389749,389752,387746
7,390010,389975,389968,389973,387966
2,390180,390196,390188,390194,388187
1,390420,390417,390408,390415,388407
3,390610,390638,390627,390636,388628
11,390860,390859,390847,390857,388848
4,391070,391081,391067,391078,389068
12,391320,391302,391286,391299,389289
6,391550,391523,391506,391520,389509
10,391750,391744,391726,391741,389730
8,392010,391965,391945,391961,389950
9,392370,392381,392388,392373,390391
5,392620,392602,392608,392595,390611
2,392810,392822,392828,392816,390832
7,393070,393043,393048,393037,391052
3,393280,393263,393267,393258,391273
1,393500,393484,393487,393480,391493
4,393680,393704,393707,393701,391713
11,393900,393925,393927,393922,391934
6,394120,394145,394146,394144,392154
12,394400,394366,394366,394365,392375
8,394570,394586,394586,394586,392595
10,394860,394807,394806,394807,392816
9,395030,395027,395026,395029,393036
2,395240,395248,395245,395250,393256
5,395460,395468,395465,395471,393477
7,395730,395689,395685,395692,393697
1,395910,395909,395905,395914,393918
3,396120,396130,396124,396135,394138
4,396360,396350,396344,396356,394358
6,396520,396571,396564,396577,394579
11,396770,396791,396784,396799,394799
8,396980,397012,397004,397020,395020
12,397250,397232,397223,397241,395240
10,397480,397453,397443,397462,395460
2,397900,397878,397888,397880,395901
9,398140,398099,398108,398101,396122
7,398330,398320,398328,398322,396342
5,398550,398541,398548,398543,396563
3,398800,398762,398768,398764,396783
1,399000,398983,398988,398985,397003
6,399190,399203,399208,399206,397224
4,399410,399424,399428,399427,397444
8,399600,399645,399647,399648,397665
11,399860,399866,399867,399868,397885
10,400060,400087,400087,400089,398105
12,400300,400307,400307,400310,398326
9,400550,400528,400527,400531,398546
2,400790,400749,400747,400752,398767
5,400970,400970,400967,400973,398987
7,401180,401191,401187,401194,399207
3,401400,401412,401407,401415,399428
6,401630,401632,401627,401636,399648
1,401860,401853,401847,401857,399869
4,402040,402074,402067,402078,400089
11,402310,402295,402287,402299,400310
8,402530,402516,402507,402520,400530
12,402740,402737,402727,402741,400750
10,402960,402957,402946,402962,400971
2,403430,403378,403380,403368,401412
9,403660,403597,403599,403589,401632
7,403760,403816,403819,403809,401852
5,404000,404036,404039,404029,402073
6,404270,404255,404259,404250,402293
3,404500,404475,404478,404470,402514
4,404710,404694,404698,404691,402734
1,404920,404914,404918,404911,402954
8,405110,405133,405137,405131,403175
11,405370,405353,405357,405352,403395
10,405550,405572,405577,405572,403616
12,405790,405791,405797,405792,403836
2,406000,406011,406016,406013,404057
7,406250,406230,406236,406233,404277
9,406450,406450,406456,406453,404497
6,406620,406669,406675,406674,404718
5,406900,406889,406895,406894,404938
3,407100,407108,407115,407114,405159
1,407350,407328,407335,407335,405379
4,407540,407547,407554,407555,405599
8,407770,407766,407774,407776,405820
10,407950,407986,407994,407996,406040
11,408220,408205,408213,408216,406261
12,408440,408425,408433,408437,406481
7,408840,408848,408861,408838,406922
2,409090,409068,409081,409059,407142
6,409290,409288,409300,409280,407363
9,409520,409507,409520,409501,407583
3,409750,409727,409739,409721,407804
5,409930,409947,409958,409942,408024
4,410160,410167,410178,410163,408244
1,410380,410386,410397,410383,408465
10,410580,410606,410617,410604,408685
8,410840,410826,410836,410825,408906
12,411040,411046,411055,411046,409126
11,411230,411266,411275,411266,409346
2,411500,411485,411494,411487,409567
7,411770,411705,411714,411708,409787
9,411940,411925,411933,411928,410008
6,412100,412145,412152,412149,410228
5,412360,412365,412372,412370,410449
3,412600,412584,412591,412591,410669
4,412840,412804,412811,412811,410889
10,412990,413024,413030,413032,411110
1,413280,413244,413249,413253,411330
8,413430,413464,413469,413473,411551
11,413690,413683,413688,413694,411771
12,413890,413903,413908,413915,411991
7,414380,414336,414350,414337,412432
2,414590,414557,414569,414558,412653
6,414790,414777,414789,414778,412873
9,415020,414998,415008,414999,413093
3,415220,415218,415228,415220,413314
5,415420,415439,415447,415441,413534
10,415630,415659,415667,415662,413755
4,415900,415880,415886,415882,413975
8,416100,416100,416106,416103,414196
1,416310,416321,416325,416324,414416
12,416500,416541,416545,416545,414636
11,416780,416762,416764,416765,414857
7,417010,416982,416984,416986,415077
6,417210,417203,417203,417207,415298
2,417440,417423,417423,417428,415518
3,417650,417644,417642,417649,415738
9,417850,417865,417862,417869,415959
10,418060,418085,418081,418090,416179
5,418310,418306,418301,418311,416400
4,418540,418526,418520,418532,416620
1,418780,418747,418740,418752,416840
8,418960,418967,418959,418973,417061
11,419140,419188,419179,419194,417281
12,419430,419408,419398,419415,417502
6,419830,419826,419833,419816,417943
7,420030,420046,420053,420037,418163
3,420280,420266,420272,420257,418383
2,420520,420486,420491,420478,418604
10,420700,420706,420711,420698,418824
9,420930,420926,420930,420919,419045
4,421130,421145,421150,421140,419265
5,421330,421365,421369,421360,419485
8,421590,421585,421589,421581,419706
1,421820,421805,421808,421802,419926
12,422010,422025,422027,422022,420147
11,422220,422244,422247,422243,420367
7,422450,422464,422466,422464,420588
6,422690,422684,422686,422684,420808
2,422930,422904,422905,422905,421028
3,423120,423124,423124,423126,421249
9,423340,423344,423344,423346,421469
10,423540,423563,423563,423567,421690
5,423800,423783,423783,423788,421910
4,423980,424003,424002,424008,422130
8,424220,424223,424221,424229,422351
12,424430,424443,424441,424449,422571
1,424700,424662,424660,424670,422792
11,424890,424882,424880,424891,423012
6,425350,425312,425321,425307,423453
7,425550,425532,425540,425528,423673
3,425740,425752,425759,425749,423894
2,426040,425973,425979,425970,424114
10,426200,426193,426198,426190,424335
9,426420,426413,426418,426411,424555
4,426640,426633,426637,426632,424775
5,426850,426853,426857,426853,424996
12,427030,427073,427076,427073,425216
8,427250,427293,427296,427294,425437
11,427500,427513,427515,427515,425657
1,427730,427733,427735,427735,425877
6,427970,427954,427954,427956,426098
3,428140,428174,428174,428177,426318
7,428410,428394,428393,428398,426539
10,428590,428614,428613,428618,426759
2,428830,428834,428832,428839,426979
4,429070,429054,429052,429060,427200
9,429310,429274,429271,429281,427420
12,429490,429494,429490,429501,427641
5,429740,429714,429710,429722,427861
8,429910,429935,429929,429943,428082
1,430160,430155,430149,430163,428302
11,430380,430375,430368,430384,428522
3,430800,430797,430806,430791,428963
6,431030,431017,431025,431012,429184
10,431230,431237,431245,431232,429404
7,431470,431457,431464,431453,429624
4,431680,431677,431683,431673,429845
2,431890,431897,431903,431894,430065
12,432120,432118,432122,432114,430286
9,432340,432338,432342,432335,430506
8,432580,432558,432561,432556,430726
5,432760,432778,432781,432776,430947
11,432930,432998,433000,432997,431167
1,433200,433218,433220,433217,431388
6,433430,433438,433439,433438,431608
3,433690,433658,433658,433658,431829
7,433920,433878,433878,433879,432049
10,434100,434098,434097,434099,432269
2,434310,434318,434317,434320,432490
4,434520,434538,434536,434541,432710
9,434730,434758,434756,434761,432931
12,434970,434978,434975,434982,433151
5,435220,435198,435195,435202,433371
8,435430,435418,435414,435423,433592
11,435630,435639,435633,435643,433812
1,435880,435859,435853,435864,434033
3,436350,436280,436290,436277,434474
6,436520,436501,436510,436498,434694
10,436710,436721,436729,436718,434914
7,436960,436941,436949,436938,435135
4,437140,437161,437168,437159,435355
2,437400,437381,437387,437379,435576
12,437590,437602,437607,437600,435796
9,437780,437822,437826,437820,436016
8,438010,438042,438046,438041,436237
5,438220,438262,438265,438261,436457
1,438450,438482,438485,438481,436678
11,438670,438702,438704,438702,436898
3,438950,438923,438924,438922,437118
10,439130,439143,439143,439143,437339
6,439360,439363,439362,439363,437559
4,439580,439583,439582,439584,437780
7,439810,439803,439801,439804,438000
12,440060,440024,440021,440024,438221
2,440230,440244,440240,440245,438441
8,440440,440464,440460,440465,438661
9,440680,440684,440679,440686,438882
5,440950,440904,440898,440906,439102
11,441150,441124,441118,441127,439323
1,441350,441345,441337,441347,439543
10,441810,441768,441770,441753,439984
3,442010,441987,441989,441973,440204
4,442240,442206,442208,442194,440425
6,442450,442425,442427,442414,440645
12,442620,442644,442646,442634,440865
7,442880,442863,442866,442855,441086
8,443030,443082,443085,443075,441306
2,443300,443301,443304,443295,441527
5,443460,443520,443523,443516,441747
9,443710,443739,443743,443736,441968
1,443940,443958,443962,443956,442188
11,444170,444177,444181,444177,442408
3,444390,444395,444400,444397,442629
10,444670,444614,444620,444617,442849
6,444840,444833,444839,444837,443070
4,445100,445052,445058,445058,443290
7,445300,445271,445277,445278,443510
12,445480,445490,445496,445498,443731
2,445690,445709,445716,445719,443951
8,445900,445928,445935,445939,444172
5,446090,446147,446154,446159,444392
1,446350,446366,446373,446380,444612
9,446600,446585,446593,446600,444833
11,446850,446804,446812,446820,445053
10,447290,447238,447248,447235,445494
3,447480,447458,447467,447455,445715
4,447700,447677,447686,447675,445935
6,447930,447897,447905,447895,446155
12,448140,448117,448124,448115,446376
7,448330,448336,448343,448336,446596
8,448550,448556,448563,448556,446817
2,448750,448775,448782,448776,447037
1,449000,448995,449001,448996,447257
5,449170,449214,449220,449216,447478
11,449380,449434,449439,449436,447698
9,449560,449654,449658,449656,447919
10,449870,449873,449877,449876,448139
4,450150,450093,450097,450096,448360
3,450330,450312,450316,450317,448580
12,450590,450532,450535,450537,448800
6,450710,450751,450754,450757,449021
8,450980,450971,450973,450977,449241
7,451250,451190,451192,451197,449462
2,451440,451410,451411,451417,449682
5,451610,451630,451631,451637,449902
1,451880,451849,451850,451857,450123
9,452000,452069,452069,452077,450343
11,452300,452288,452288,452298,450564
4,452680,452705,452718,452702,451004
10,452910,452925,452937,452922,451225
12,453160,453145,453156,453141,451445
3,453340,453365,453375,453361,451666
8,453580,453584,453594,453581,451886
6,453830,453804,453813,453801,452107
2,454040,454024,454032,454021,452327
7,454230,454244,454251,454241,452547
1,454470,454464,454470,454461,452768
5,454670,454683,454689,454680,452988
11,454830,454903,454908,454900,453209
9,455080,455123,455127,455120,453429
10,455340,455343,455346,455340,453649
4,455610,455563,455565,455560,453870
3,455800,455782,455784,455780,454090
12,456010,456002,456003,455999,454311
6,456170,456222,456222,456219,454531
8,456420,456442,456441,456439,454751
2,456660,456662,456660,456659,454972
1,456930,456881,456879,456879,455192
7,457120,457101,457098,457099,455413
5,457350,457321,457317,457319,455633
9,457550,457541,457536,457538,455854
11,457740,457760,457755,457758,456074
4,458180,458174,458186,458168,456515
10,458380,458393,458405,458387,456735
12,458640,458613,458624,458607,456956
3,458820,458833,458843,458827,457176
8,458980,459052,459061,459047,457396
6,459260,459272,459280,459267,457617
1,459480,459492,459499,459487,457837
2,459720,459711,459718,459707,458058
5,459890,459931,459937,459927,458278
7,460120,460151,460156,460147,458498
11,460380,460370,460375,460367,458719
9,460640,460590,460593,460587,458939
4,460820,460810,460812,460807,459160
12,461040,461029,461031,461027,459380
10,461230,461249,461250,461246,459601
8,461470,461469,461469,461466,459821
3,461660,461688,461688,461686,460041
6,461920,461908,461906,461906,460262
2,462110,462128,462125,462126,460482
1,462380,462347,462344,462346,460703
5,462560,462567,462563,462566,460923
11,462800,462787,462782,462786,461143
7,463000,463006,463001,463006,461364
9,463240,463226,463219,463226,461584
12,463670,463648,463652,463636,462025
4,463850,463867,463871,463855,462246
8,464060,464086,464090,464075,462466
10,464290,464304,464308,464295,462686
6,464520,464523,464527,464515,462907
3,464750,464742,464746,464735,463127
1,465010,464961,464964,464955,463348
2,465240,465179,465183,465175,463568
11,465370,465398,465402,465395,463788
5,465610,465617,465621,465614,464009
9,465840,465835,465839,465834,464229
7,466040,466054,466058,466054,464450
4,466290,466273,466277,466274,464670
12,466510,466492,466495,466494,464890
10,466700,466710,466714,466714,465111
8,466930,466929,466933,466934,465331
6,467120,467148,467151,467154,465552
1,467380,467366,467370,467374,465772
3,467590,467585,467589,467593,465993
2,467790,467804,467807,467813,466213
5,468020,468023,468026,468033,466433
11,468200,468241,468245,468253,466654
7,468480,468460,468464,468473,466874
9,468680,468679,468682,468693,467095
12,469160,469104,469117,469102,467535
4,469340,469323,469336,469322,467756
8,469530,469543,469554,469542,467976
10,469740,469762,469773,469761,468197
1,470020,469982,469991,469981,468417
6,470210,470201,470210,470201,468637
2,470420,470421,470429,470420,468858
3,470590,470640,470647,470640,469078
11,470820,470860,470866,470860,469299
5,471060,471079,471085,471080,469519
9,471240,471299,471303,471299,469740
7,471540,471518,471522,471519,469960
12,471750,471738,471741,471739,470180
8,471950,471957,471959,471958,470401
4,472220,472177,472178,472178,470621
10,472400,472396,472397,472398,470842
6,472600,472616,472615,472617,471062
1,472880,472835,472834,472837,471282
2,473060,473055,473053,473057,471503
11,473280,473274,473271,473276,471723
3,473500,473494,473490,473496,471944
9,473660,473713,473708,473716,472164
5,473910,473933,473927,473936,472384
7,474210,474152,474146,474155,472605
8,474560,474570,474578,474562,473046
12,474790,474789,474797,474781,473266
10,475000,475008,475015,475001,473487
4,475230,475227,475234,475221,473707
1,475480,475446,475452,475440,473927
6,475690,475665,475671,475660,474148
11,475890,475884,475889,475879,474368
2,476090,476103,476108,476099,474589
9,476300,476322,476326,476319,474809
3,476490,476541,476545,476538,475029
7,476720,476760,476763,476758,475250
5,476960,476979,476982,476977,475470
12,477210,477198,477200,477197,475691
8,477430,477417,477419,477416,475911
10,477620,477636,477637,477636,476132
1,477880,477855,477856,477856,476352
4,478110,478074,478074,478075,476572
6,478320,478293,478293,478295,476793
2,478530,478511,478511,478514,477013
11,478670,478730,478730,478734,477234
3,478970,478949,478949,478954,477454
9,479140,479168,479167,479173,477674
5,479370,479387,479386,479393,477895
7,479640,479606,479604,479612,478115
8,479970,480023,480037,480022,478556
12,480270,480243,480256,480241,478776
1,480490,480462,480474,480461,478997
10,480640,480682,480693,480680,479217
6,480920,480901,480911,480900,479438
4,481150,481121,481130,481119,479658
11,481310,481340,481348,481339,479879
2,481540,481560,481567,481558,480099
9,481750,481779,481785,481778,480319
3,482010,481999,482004,481997,480540
7,482220,482218,482222,482217,480760
5,482430,482438,482441,482436,480981
8,482710,482657,482659,482656,481201
12,482850,482877,482878,482875,481421
10,483070,483096,483096,483095,481642
1,483350,483316,483314,483314,481862
6,483480,483535,483533,483534,482083
11,483760,483755,483751,483753,482303
4,484000,483974,483970,483973,482523
9,484190,484194,484188,484192,482744
2,484380,484413,484407,484412,482964
7,484640,484633,484625,484631,483185
3,484860,484852,484844,484851,483405
5,485110,485072,485062,485070,483626
12,485500,485485,485494,485483,484066
8,485720,485704,485712,485702,484287
1,485940,485923,485930,485921,484507
10,486110,486142,486149,486139,484728
11,486380,486361,486367,486358,484948
6,486590,486579,486585,486577,485168
9,486790,486798,486804,486796,485389
4,487000,487017,487022,487015,485609
7,487210,487236,487240,487234,485830
2,487460,487455,487459,487453,486050
5,487660,487674,487677,487672,486270
3,487850,487892,487895,487891,486491
12,488120,488111,488114,488109,486711
1,488320,488330,488332,488328,486932
8,488560,488549,488550,488547,487152
10,488750,488768,488769,488766,487373
6,488930,488986,488987,488985,487593
11,489200,489205,489205,489204,487813
4,489430,489424,489424,489423,488034
9,489650,489643,489642,489642,488254
2,489850,489862,489860,489861,488475
7,490130,490080,490079,490079,488695
3,490290,490299,490297,490298,488915
5,490560,490518,490515,490517,489136
1,490920,490921,490935,490913,489577
12,491100,491140,491153,491132,489797
10,491310,491358,491371,491351,490018
8,491560,491576,491589,491569,490238
11,491770,491795,491807,491788,490458
6,491970,492013,492025,492007,490679
9,492240,492232,492243,492226,490899
4,492440,492450,492461,492444,491120
7,492680,492668,492679,492663,491340
2,492890,492887,492897,492882,491560
5,493070,493105,493115,493100,491781
3,493320,493324,493332,493319,492001
12,493590,493542,493550,493538,492222
1,493820,493761,493768,493756,492442
10,493970,493979,493986,493975,492662
11,494200,494197,494204,494194,492883
8,494440,494416,494422,494412,493103
9,494630,494634,494640,494631,493324
6,494820,494853,494858,494850,493544
7,495130,495071,495076,495069,493765
4,495280,495289,495294,495287,493985
5,495510,495508,495512,495506,494205
2,495680,495726,495730,495725,494426
3,495940,495945,495947,495943,494646
1,496370,496357,496375,496357,495087
12,496570,496576,496593,496576,495307
11,496790,496795,496811,496794,495528
10,497000,497014,497029,497013,495748
9,497260,497233,497246,497232,495969
8,497470,497451,497464,497451,496189
7,497660,497670,497682,497670,496409
6,497870,497889,497900,497888,496630
5,498070,498108,498117,498107,496850
4,498310,498327,498335,498326,497071
3,498540,498546,498553,498545,497291
2,498730,498765,498771,498764,497512
1,498990,498983,498988,498982,497732
12,499220,499202,499206,499201,497952
10,499400,499421,499424,499420,498173
11,499650,499640,499642,499639,498393
8,499860,499859,499859,499857,498614
9,500080,500078,500077,500076,498834
6,500290,500296,500295,500295,499054
7,500560,500515,500513,500514,499275
4,500760,500734,500730,500733,499495
5,500980,500953,500948,500951,499716
2,501140,501172,501166,501170,499936
3,501380,501391,501384,501389,500156
12,501800,501796,501811,501790,500597
1,502030,502014,502029,502009,500818
11,502210,502233,502246,502228,501038
10,502460,502451,502464,502447,501259
9,502650,502670,502681,502665,501479
8,502920,502888,502899,502884,501699
7,503110,503107,503117,503103,501920
6,503320,503326,503334,503322,502140
5,503510,503544,503552,503541,502361
4,503770,503763,503769,503759,502581
3,503950,503981,503987,503978,502801
2,504150,504200,504204,504197,503022
1,504430,504418,504422,504416,503242
12,504600,504637,504640,504634,503463
11,504800,504855,504857,504853,503683
9,505040,505074,505075,505072,503904
10,505310,505293,505292,505291,504124
7,505550,505511,505510,505509,504344
8,505760,505730,505728,505728,504565
5,505970,505948,505945,505947,504785
6,506150,506167,506163,506166,505006
3,506390,506385,506380,506385,505226
4,506620,506604,506598,506603,505446
2,506850,506822,506815,506822,505667
12,507220,507225,507250,507229,506108
1,507420,507445,507467,507448,506328
9,507630,507665,507685,507667,506548
11,507850,507885,507903,507886,506769
7,508130,508105,508120,508105,506989
10,508360,508324,508338,508325,507210
5,508570,508544,508556,508544,507430
8,508740,508764,508773,508763,507651
3,508970,508984,508991,508982,507871
6,509180,509203,509209,509202,508091
2,509410,509423,509426,509421,508312
4,509660,509643,509644,509640,508532
12,509840,509863,509862,509859,508753
9,510030,510083,510079,510078,508973
1,510300,510302,510297,510298,509193
11,510470,510522,510515,510517,509414
10,510730,510742,510732,510736,509634
7,511020,510962,510950,510955,509855
8,511190,511182,511168,511174,510075
5,511420,511401,511385,511394,510295
6,511600,511621,511603,511613,510516
3,511850,511841,511821,511832,510736
4,512090,512061,512038,512051,510957
2,512310,512280,512256,512271,511177
9,512700,512683,512697,512678,511618
12,512880,512902,512915,512898,511838
11,513070,513122,513133,513117,512059
1,513330,513341,513351,513337,512279
7,513570,513561,513569,513557,512500
10,513830,513780,513786,513777,512720
5,514000,514000,514004,513996,512940
8,514240,514219,514222,514216,513161
3,514410,514439,514440,514436,513381
6,514630,514658,514658,514656,513602
2,514850,514878,514876,514875,513822
4,515060,515097,515094,515095,514042
9,515280,515317,515312,515315,514263
12,515530,515536,515530,515535,514483
1,515780,515756,515748,515754,514704
11,515980,515975,515965,515974,514924
7,516250,516195,516183,516194,515145
5,516420,516415,516401,516414,515365
10,516680,516634,516619,516633,515585
3,516890,516854,516837,516853,515806
8,517050,517073,517055,517073,516026
2,517270,517293,517273,517293,516247
6,517500,517512,517491,517512,516467
4,517720,517732,517709,517732,516687
12,518180,518141,518157,518148,517128
9,518370,518361,518375,518367,517349
11,518560,518582,518594,518587,517569
1,518790,518802,518812,518807,517790
5,519000,519022,519030,519027,518010
7,519260,519243,519249,519246,518230
3,519520,519463,519467,519466,518451
10,519680,519683,519685,519686,518671
2,519880,519903,519903,519906,518892
8,520100,520124,520122,520125,519112
4,520320,520344,520340,520345,519332
6,520560,520564,520558,520565,519553
9,520780,520785,520777,520784,519773
12,521010,521005,520995,521004,519994
11,521230,521225,521213,521224,520214
5,521430,521445,521432,521444,520434
1,521640,521666,521650,521663,520655
7,521880,521886,521868,521883,520875
10,522100,522106,522087,522103,521096
3,522330,522327,522305,522323,521316
8,522570,522547,522523,522542,521537
2,522770,522767,522742,522762,521757
6,522980,522987,522960,522982,521977
4,523250,523208,523178,523201,522198
12,523620,523605,523617,523603,522639
9,523780,523825,523836,523823,522859
5,523980,524045,524054,524043,523079
11,524260,524264,524273,524262,523300
7,524470,524484,524491,524482,523520
1,524730,524704,524710,524702,523741
3,524950,524924,524928,524921,523961
10,525210,525144,525147,525141,524181
2,525350,525363,525365,525361,524402
8,525550,525583,525583,525580,524622
4,525800,525803,525802,525800,524843
6,526030,526023,526020,526020,525063
12,526220,526242,526239,526239,525284
5,526450,526462,526457,526459,525504
9,526630,526682,526676,526679,525724
11,526880,526902,526894,526898,525945
1,527140,527122,527113,527118,526165
7,527360,527341,527331,527338,526386
3,527570,527561,527550,527558,526606
2,527790,527781,527768,527777,526826
10,528030,528001,527986,527997,527047
4,528230,528220,528205,528217,527267
8,528430,528440,528423,528436,527488
6,528650,528660,528642,528656,527708
5,529030,529065,529082,529068,528149
12,529270,529285,529301,529288,528369
11,529510,529506,529519,529508,528590
9,529700,529726,529738,529728,528810
7,529940,529946,529956,529948,529031
1,530190,530166,530175,530168,529251
2,530410,530386,530394,530387,529471
3,530560,530606,530612,530607,529692
4,530840,530826,530831,530827,529912
10,531030,531047,531049,531047,530133
6,531280,531267,531268,531267,530353
8,531500,531487,531487,531487,530573
12,531750,531707,531705,531707,530794
5,531980,531927,531924,531926,531014
9,532140,532147,532142,532146,531235
11,532370,532367,532361,532366,531455
7,532620,532588,532580,532586,531676
2,532800,532808,532798,532806,531896
1,533060,533028,533017,533026,532116
3,533200,533248,533235,533246,532337
10,533460,533468,533454,533465,532557
4,533660,533688,533673,533685,532778
8,533930,533908,533891,533905,532998
6,534090,534129,534110,534125,533218
5,534570,534535,534547,534528,533659
12,534770,534754,534765,534749,533880
11,534990,534974,534984,534969,534100
9,535200,535193,535203,535189,534320
2,535380,535413,535421,535409,534541
7,535630,535632,535640,535629,534761
3,535840,535852,535858,535849,534982
1,536080,536072,536077,536069,535202
4,536260,536291,536296,536290,535423
10,536510,536511,536514,536510,535643
6,536710,536730,536733,536730,535863
8,536960,536950,536951,536950,536084
5,537160,537169,537170,537170,536304
11,537390,537389,537389,537390,536525
12,537610,537608,537607,537610,536745
2,537840,537828,537826,537830,536965
9,538030,538047,538045,538051,537186
7,538320,538267,538263,538271,537406
1,538520,538487,538482,538491,537627
3,538670,538706,538700,538711,537847
4,538910,538926,538919,538931,538067
6,539130,539145,539138,539151,538288
10,539370,539365,539356,539371,538508
8,539590,539584,539575,539592,538729
11,540050,540001,540020,540002,539170
5,540240,540222,540239,540222,539390
2,540480,540442,540458,540443,539610
12,540660,540663,540676,540664,539831
7,540920,540884,540895,540885,540051
9,541090,541104,541114,541106,540272
3,541310,541325,541333,541327,540492
1,541570,541546,541552,541547,540712
6,541760,541766,541771,541768,540933
4,541950,541987,541990,541989,541153
8,542170,542207,542209,542210,541374
10,542380,542428,542427,542431,541594
5,542600,542649,542646,542652,541814
11,542880,542869,542865,542873,542035
12,543130,543090,543084,543093,542255
2,543370,543311,543303,543314,542476
9,543490,543531,543522,543535,542696
7,543760,543752,543741,543756,542917
3,543960,543973,543960,543977,543137
6,544180,544193,544178,544198,543357
1,544460,544414,544397,544418,543578
4,544660,544634,544616,544639,543798
10,544830,544855,544835,544860,544019
8,545090,545076,545054,545081,544239
11,545460,545492,545507,545498,544680
5,545700,545713,545727,545719,544900
2,545950,545934,545946,545940,545121
12,546160,546156,546165,546161,545341
7,546390,546377,546385,546382,545562
9,546640,546599,546604,546603,545782
6,546870,546820,546824,546824,546002
3,547050,547041,547043,547045,546223
4,547270,547263,547262,547266,546443
1,547500,547484,547482,547487,546664
8,547690,547705,547701,547708,546884
10,547910,547927,547920,547929,547104
11,548190,548148,548140,548150,547325
2,548340,548369,548359,548371,547545
5,548570,548591,548578,548592,547766
7,548800,548812,548798,548813,547986
12,549060,549034,549017,549034,548206
6,549210,549255,549237,549255,548427
9,549480,549476,549456,549476,548647
3,549670,549698,549675,549697,548868
1,549960,549919,549895,549918,549088
4,550120,550140,550114,550139,549309
10,550350,550362,550333,550360,549529
8,550610,550583,550553,550581,549749
2,550980,550988,551000,550988,550190
11,551170,551210,551220,551209,550411
7,551420,551431,551439,551430,550631
5,551640,551652,551659,551651,550851
6,551870,551873,551879,551872,551072
12,552110,552094,552098,552093,551292
3,552330,552315,552318,552314,551513
9,552560,552536,552538,552535,551733
4,552770,552758,552757,552757,551953
1,553000,552979,552977,552978,552174
8,553180,553200,553197,553199,552394
10,553410,553421,553416,553420,552615
11,553660,553642,553636,553641,552835
2,553850,553863,553856,553862,553056
5,554040,554084,554075,554083,553276
7,554320,554306,554295,554304,553496
12,554560,554527,554515,554525,553717
6,554720,554748,554734,554747,553937
9,554970,554969,554954,554968,554158
3,555240,555190,555174,555189,554378
4,555400,555411,555393,555410,554598
8,555620,555632,555613,555631,554819
1,555840,555854,555833,555852,555039
10,556070,556075,556052,556073,555260
2,556510,556491,556499,556487,555700
11,556700,556712,556719,556709,555921
7,556960,556933,556939,556930,556141
5,557140,557153,557159,557151,556362
6,557400,557374,557378,557373,556582
12,557630,557595,557598,557594,556803
3,557800,557816,557818,557815,557023
9,558070,558036,558038,558037,557243
8,558250,558257,558258,558258,557464
4,558470,558478,558478,558479,557684
10,558690,558699,558698,558701,557905
1,558940,558920,558918,558922,558125
2,559130,559140,559137,559143,558345
7,559390,559361,559357,559364,558566
11,559560,559582,559577,559586,558786
6,559790,559803,559797,559807,559007
5,560040,560023,560017,560028,559227
3,560240,560244,560237,560250,559448
12,560450,560465,560457,560471,559668
8,560660,560686,560677,560692,559888
9,560910,560906,560896,560914,560109
4,561130,561127,561116,561135,560329
1,561390,561348,561336,561356,560550
10,561530,561569,561556,561578,560770
7,562000,561987,562001,561992,561211
2,562230,562209,562221,562213,561431
6,562450,562430,562441,562434,561652
11,562670,562651,562661,562655,561872
3,562870,562873,562881,562876,562092
5,563070,563094,563101,563097,562313
8,563310,563315,563321,563318,562533
12,563510,563536,563541,563540,562754
4,563750,563758,563761,563761,562974
9,563990,563979,563981,563982,563195
10,564200,564200,564202,564203,563415
1,564440,564422,564422,564424,563635
2,564660,564643,564642,564645,563856
7,564890,564864,564862,564866,564076
11,565120,565086,565082,565087,564297
6,565320,565307,565302,565308,564517
5,565520,565528,565522,565530,564737
3,565710,565750,565742,565751,564958
12,565960,565971,565962,565972,565178
8,566180,566192,566182,566193,565399
9,566360,566414,566402,566414,565619
4,566650,566635,566622,566635,565839
10,566840,566856,566842,566856,566060
1,567130,567078,567062,567077,566280
7,567480,567483,567499,567489,566721
2,567710,567705,567719,567709,566942
6,567940,567926,567939,567930,567162
11,568170,568147,568159,568150,567382
3,568330,568368,568379,568371,567603
5,568540,568590,568599,568592,567823
8,568790,568811,568819,568812,568044
12,569060,569032,569039,569033,568264
4,569260,569253,569259,569254,568484
9,569440,569475,569479,569474,568705
1,569710,569696,569699,569695,568925
10,569920,569917,569919,569916,569146
7,570150,570138,570139,570136,569366
6,570370,570360,570359,570357,569586
2,570560,570581,570579,570577,569807
3,570810,570802,570799,570798,570027
11,571010,571023,571020,571019,570248
8,571250,571245,571240,571239,570468
5,571450,571466,571460,571460,570689
4,571670,571687,571680,571681,570909
12,571900,571908,571900,571901,571129
9,572110,572129,572120,572122,571350
10,572350,572351,572340,572342,571570
1,572640,572572,572560,572563,571791
6,573060,572979,572987,572963,572231
7,573210,573199,573206,573184,572452
3,573420,573418,573426,573405,572672
2,573640,573638,573646,573626,572893
8,573820,573857,573865,573847,573113
11,574100,574077,574085,574068,573334
4,574260,574296,574305,574289,573554
5,574490,574516,574524,574510,573774
9,574670,574736,574744,574731,573995
12,574960,574955,574963,574951,574215
1,575180,575175,575183,575172,574436
10,575390,575394,575403,575393,574656
7,575600,575614,575622,575614,574876
6,575830,575834,575842,575835,575097
2,576080,576053,576062,576056,575317
3,576300,576273,576281,576277,575538
11,576490,576492,576501,576498,575758
8,576730,576712,576721,576719,575978
5,576930,576932,576940,576940,576199
4,577140,577151,577160,577161,576419
9,577310,577371,577380,577382,576640
1,577610,577590,577599,577603,576860
12,577850,577810,577819,577823,577081
10,578020,578029,578038,578044,577301
6,578510,578464,578481,578466,577742
7,578710,578685,578700,578688,577962
3,578950,578906,578920,578909,578183
2,579210,579127,579140,579130,578403
8,579350,579347,579359,579351,578623
11,579560,579568,579579,579572,578844
4,579790,579789,579799,579793,579064
5,580030,580009,580018,580014,579285
1,580240,580230,580238,580236,579505
9,580400,580451,580458,580457,579725
10,580630,580672,580678,580678,579946
12,580890,580892,580897,580899,580166
6,581080,581113,581117,581120,580387
3,581350,581334,581337,581341,580607
7,581590,581555,581556,581562,580828
8,581810,581775,581776,581784,581048
2,582020,581996,581996,582005,581268
4,582220,582217,582216,582226,581489
11,582420,582437,582435,582447,581709
5,582670,582658,582655,582668,581930
9,582840,582879,582875,582889,582150
1,583070,583100,583094,583110,582370
12,583340,583320,583314,583332,582591
10,583550,583541,583534,583553,582811
3,583960,583963,583973,583957,583252
6,584190,584183,584192,584178,583472
8,584420,584403,584412,584399,583693
7,584640,584624,584632,584620,583913
4,584880,584844,584851,584841,584134
2,585100,585064,585071,585062,584354
5,585300,585285,585291,585283,584575
11,585540,585505,585511,585504,584795
1,585730,585726,585730,585725,585015
9,585880,585946,585950,585946,585236
10,586120,586166,586170,586167,585456
12,586400,586387,586389,586388,585677
6,586570,586607,586609,586609,585897
3,586830,586827,586829,586830,586117
7,587090,587048,587048,587051,586338
8,587280,587268,587268,587272,586558
2,587460,587489,587488,587493,586779
4,587680,587709,587707,587714,586999
5,587910,587929,587927,587935,587220
1,588150,588150,588147,588156,587440
11,588350,588370,588367,588377,587660
9,588570,588591,588586,588598,587881
12,588840,588811,588806,588819,588101
10,589080,589031,589026,589040,588322
3,589510,589460,589468,589457,588762
6,589720,589680,589688,589678,588983
8,589910,589901,589908,589899,589203
7,590130,590121,590127,590120,589424
4,590360,590341,590347,590341,589644
2,590580,590562,590567,590562,589864
1,590780,590782,590787,590783,590085
5,590980,591003,591007,591004,590305
9,591170,591223,591226,591224,590526
11,591430,591444,591446,591445,590746
10,591650,591664,591666,591666,590967
12,591930,591884,591886,591887,591187
3,592090,592105,592105,592108,591407
8,592330,592325,592325,592329,591628
6,592530,592546,592545,592550,591848
4,592770,592766,592765,592771,592069
7,593020,592987,592985,592992,592289
2,593190,593207,593204,593213,592509
5,593430,593427,593424,593434,592730
1,593660,593648,593644,593655,592950
9,593870,593868,593864,593876,593171
10,594040,594089,594083,594097,593391
11,594280,594309,594303,594318,593611
12,594590,594530,594523,594539,593832
8,594950,594950,594960,594941,594273
3,595190,595171,595180,595163,594493
4,595390,595391,595400,595384,594714
6,595630,595612,595620,595605,594934
2,595810,595832,595839,595826,595154
7,596040,596052,596059,596047,595375
1,596260,596273,596279,596269,595595
5,596440,596493,596499,596490,595816
10,596710,596714,596718,596711,596036
9,596940,596934,596938,596932,596256
12,597190,597155,597158,597154,596477
11,597420,597375,597378,597375,596697
3,597550,597595,597597,597596,596918
8,597840,597816,597817,597817,597138
6,598060,598036,598037,598038,597358
4,598250,598257,598256,598260,597579
2,598460,598477,598476,598481,597799
1,598720,598698,598696,598702,598020
7,598950,598918,598916,598923,598240
5,599150,599138,599135,599145,598461
9,599340,599359,599355,599366,598681
10,599570,599579,599575,599587,598901
11,599780,599800,599795,599808,599122
12,600010,600020,600014,600029,599342
8,600480,600450,600462,600451,599783
3,600720,600672,600682,600672,600003
4,600920,600893,600902,600894,600224
6,601110,601114,601122,601115,600444
1,601360,601335,601342,601336,600665
2,601550,601556,601562,601558,600885
5,601730,601777,601782,601779,601106
7,601970,601999,602002,602000,601326
10,602200,602220,602222,602222,601546
9,602460,602441,602442,602443,601767
12,602660,602662,602662,602665,601987
11,602870,602883,602882,602886,602208
8,603150,603105,603102,603107,602428
4,603340,603326,603322,603329,602648
3,603560,603547,603542,603550,602869
6,603740,603768,603762,603771,603089
2,603990,603989,603982,603993,603310
1,604210,604210,604202,604214,603530
5,604400,604432,604422,604436,603750
10,604610,604653,604642,604657,603971
7,604900,604874,604862,604878,604191
12,605090,605095,605081,605100,604412
9,605320,605316,605301,605321,604632
11,605580,605537,605521,605542,604853
4,605970,605960,605962,605948,605293
8,606210,606180,606182,606169,605514
6,606430,606400,606402,606391,605734
3,606650,606620,606622,606612,605955
1,606870,606840,606841,606833,606175
2,607110,607060,607061,607054,606395
10,607210,607281,607281,607275,606616
5,607470,607501,607501,607496,606836
12,607670,607721,607721,607718,607057
7,607890,607941,607941,607939,607277
11,608140,608161,608161,608160,607497
9,608330,608381,608381,608381,607718
8,608640,608601,608601,608602,607938
4,608860,608821,608821,608823,608159
6,609050,609041,609041,609045,608379
1,609300,609261,609261,609266,608600
3,609470,609482,609481,609487,608820
2,609740,609702,609701,609708,609040
5,609920,609922,609921,609929,609261
10,610100,610142,610141,610150,609481
7,610360,610362,610361,610372,609702
12,610560,610582,610581,610593,609922
9,610790,610802,610801,610814,610142
11,611060,611022,611021,611035,610363
4,611450,611450,611462,611451,610804
8,611710,611671,611682,611672,611024
1,611940,611892,611902,611893,611244
6,612140,612113,612122,612114,611465
2,612320,612334,612342,612335,611685
3,612510,612555,612562,612556,611906
10,612750,612776,612782,612777,612126
5,613000,612997,613002,612998,612347
12,613190,613218,613222,613219,612567
7,613430,613439,613442,613440,612787
11,613640,613660,613662,613661,613008
9,613870,613881,613882,613882,613228
4,614070,614102,614102,614103,613449
8,614340,614323,614323,614324,613669
6,614560,614544,614543,614545,613889
1,614820,614765,614763,614766,614110
2,614990,614986,614983,614987,614330
10,615190,615207,615203,615208,614551
3,615460,615428,615423,615429,614771
12,615640,615649,615643,615650,614992
5,615870,615870,615863,615871,615212
11,616080,616091,616083,616092,615432
7,616310,616312,616303,616313,615653
9,616540,616533,616523,616534,615873
8,616930,616950,616957,616941,616314
4,617150,617170,617177,617162,616534
1,617390,617391,617396,617382,616755
6,617620,617611,617616,617603,616975
10,617820,617831,617836,617824,617196
2,618030,618051,618056,618045,617416
12,618310,618271,618276,618266,617636
3,618460,618491,618496,618487,617857
11,618750,618711,618716,618707,618077
5,618940,618932,618935,618928,618298
9,619150,619152,619155,619149,618518
7,619330,619372,619375,619370,618739
8,619630,619592,619595,619591,618959
1,619840,619812,619815,619812,619179
4,620030,620032,620035,620033,619400
6,620240,620252,620255,620253,619620
2,620460,620472,620475,620474,619841
10,620660,620693,620694,620695,620061
3,620940,620913,620914,620916,620281
12,621120,621133,621134,621137,620502
5,621360,621353,621354,621358,620722
11,621560,621573,621574,621578,620943
7,621810,621793,621794,621799,621163
9,622000,622013,622014,622020,621383
1,622480,622441,622449,622433,621824
8,622680,622661,622668,622654,622045
6,622920,622881,622888,622875,622265
4,623130,623101,623108,623095,622486
10,623310,623321,623328,623316,622706
2,623540,623541,623547,623537,622926
12,623780,623761,623767,623758,623147
3,623960,623981,623987,623979,623367
11,624120,624201,624207,624200,623588
5,624370,624421,624426,624420,623808
9,624600,624641,624646,624641,624028
7,624880,624861,624866,624862,624249
8,625100,625081,625085,625083,624469
1,625350,625301,625305,625304,624690
6,625490,625521,625525,625525,624910
10,625740,625741,625745,625745,625130
4,626000,625961,625964,625966,625351
12,626220,626181,626184,626187,625571
2,626380,626401,626404,626408,625792
11,626610,626621,626624,626629,626012
3,626850,626841,626843,626850,626233
9,627040,627061,627063,627070,626453
5,627270,627281,627283,627291,626673
7,627520,627501,627503,627512,626894
1,627930,627925,627938,627919,627335
8,628160,628145,628157,628140,627555
10,628370,628366,628377,628361,627775
6,628620,628586,628597,628582,627996
12,628820,628807,628816,628803,628216
4,629040,629027,629036,629024,628437
11,629260,629248,629256,629245,628657
2,629450,629468,629475,629466,628878
9,629660,629689,629695,629687,629098
3,629890,629909,629915,629908,629318
7,630100,630129,630134,630129,629539
5,630330,630350,630354,630350,629759
1,630600,630570,630574,630570,629980
8,630770,630791,630793,630791,630200
6,630980,631011,631013,631012,630420
10,631210,631232,631232,631233,630641
4,631440,631452,631452,631454,630861
12,631650,631673,631672,631675,631082
2,631880,631893,631891,631896,631302
11,632130,632114,632111,632117,631522
3,632330,632334,632331,632338,631743
9,632570,632555,632550,632559,631963
5,632790,632775,632770,632780,632184
7,633060,632996,632990,633001,632404
8,633420,633419,633431,633414,632845
1,633670,633640,633650,633635,633065
10,633860,633861,633870,633857,633286
6,634070,634081,634090,634078,633506
12,634320,634302,634310,634299,633727
4,634470,634523,634529,634520,633947
11,634730,634744,634749,634741,634167
2,634970,634965,634969,634963,634388
9,635190,635185,635189,635184,634608
3,635410,635406,635408,635405,634829
7,635660,635627,635628,635626,635049
5,635850,635848,635848,635847,635269
1,636070,636069,636068,636069,635490
8,636290,636289,636287,636290,635710
10,636480,636510,636507,636511,635931
12,636760,636731,636727,636732,636151
6,636900,636952,636947,636953,636372
11,637180,637173,637166,637174,636592
4,637380,637393,637386,637396,636812
9,637590,637614,637606,637617,637033
2,637800,637835,637825,637838,637253
7,638110,638056,638045,638059,637474
3,638260,638277,638265,638280,637694
5,638550,638497,638485,638502,637914
8,638930,638918,638927,638916,638355
1,639160,639138,639147,639137,638576
12,639370,639359,639367,639358,638796
10,639520,639580,639587,639579,639016
11,639820,639801,639807,639800,639237
6,640030,640022,640027,640021,639457
9,640230,640243,640247,640242,639678
4,640490,640464,640467,640463,639898
7,640660,640685,640686,640684,640119
2,640880,640906,640906,640905,640339
5,641080,641127,641126,641126,640559
3,641310,641348,641346,641347,640780
8,641590,641569,641566,641568,641000
12,641800,641790,641786,641789,641221
1,642040,642010,642006,642010,641441
10,642230,642231,642226,642231,641661
6,642450,642452,642445,642452,641882
11,642670,642673,642665,642673,642102
4,642920,642894,642885,642894,642323
9,643130,643115,643105,643115,642543
2,643310,643336,643325,643336,642764
7,643550,643557,643545,643557,642984
3,643790,643778,643765,643778,643204
5,644010,643999,643985,643999,643425
12,644390,644417,644421,644409,643866
8,644650,644637,644641,644629,644086
10,644850,644857,644860,644850,644306
1,645110,645077,645080,645070,644527
11,645290,645297,645300,645291,644747
6,645540,645517,645520,645512,644968
9,645740,645737,645740,645732,645188
4,645970,645957,645959,645953,645408
7,646150,646177,646179,646174,645629
2,646360,646397,646399,646394,645849
5,646570,646617,646619,646615,646070
3,646820,646837,646839,646836,646290
12,647080,647057,647058,647056,646511
8,647280,647277,647278,647277,646731
1,647530,647497,647498,647497,646951
10,647720,647717,647718,647718,647172
11,647960,647937,647938,647939,647392
9,648120,648157,648157,648159,647613
6,648360,648377,648377,648380,647833
7,648590,648597,648597,648601,648053
4,648840,648817,648817,648821,648274
5,649070,649037,649036,649042,648494
2,649240,649257,649256,649263,648715
3,649470,649477,649476,649483,648935
8,649870,649893,649908,649892,649376
12,650100,650113,650127,650112,649596
10,650310,650334,650347,650332,649817
1,650550,650554,650567,650553,650037
9,650740,650775,650786,650773,650258
11,651020,650995,651006,650994,650478
7,651210,651216,651226,651214,650698
6,651450,651437,651445,651435,650919
5,651670,651657,651665,651655,651139
4,651890,651878,651884,651876,651360
3,652090,652098,652104,652096,651580
2,652320,652319,652324,652316,651800
12,652540,652539,652543,652537,652021
8,652800,652760,652763,652757,652241
10,652960,652980,652982,652978,652462
9,653160,653201,653202,653198,652682
1,653380,653421,653422,653419,652902
11,653630,653642,653641,653639,653123
6,653850,653862,653861,653860,653343
7,654140,654083,654081,654080,653564
4,654340,654303,654300,654300,653784
5,654550,654524,654520,654521,654005
2,654720,654744,654739,654741,654225
3,654950,654965,654959,654962,654445
8,655380,655373,655390,655370,654886
12,655580,655594,655609,655591,655107
9,655760,655814,655829,655811,655327
10,656030,656035,656048,656032,655547
11,656230,656255,656268,656252,655768
1,656480,656476,656487,656473,655988
7,656710,656696,656706,656693,656209
6,656920,656917,656926,656914,656429
5,657140,657137,657145,657134,656650
4,657380,657358,657365,657355,656870
3,657570,657579,657584,657575,657090
2,657780,657799,657804,657796,657311
8,658000,658020,658023,658016,657531
9,658200,658240,658243,658237,657752
12,658440,658461,658462,658457,657972
10,658660,658681,658682,658677,658192
1,658920,658902,658901,658898,658413
11,659110,659122,659120,659118,658633
7,659410,659343,659340,659339,658854
5,659580,659564,659559,659559,659074
6,659740,659784,659779,659780,659294
3,660030,660005,659998,660000,659515
4,660220,660225,660218,660221,659735
2,660470,660446,660437,660441,659956
9,660860,660853,660871,660851,660397
8,661050,661074,661090,661071,660617
10,661270,661294,661309,661292,660837
12,661530,661515,661529,661513,661058
11,661720,661736,661748,661733,661278
1,661960,661957,661968,661954,661499
5,662140,662177,662187,662175,661719
7,662420,662398,662406,662395,661939
3,662640,662619,662626,662616,662160
6,662820,662839,662845,662836,662380
2,663050,663060,663064,663057,662601
4,663260,663281,663284,663278,662821
8,663490,663501,663503,663498,663041
9,663700,663722,663723,663719,663262
12,663930,663943,663942,663939,663482
10,664160,664163,664161,664160,663703
11,664370,664384,664381,664381,663923
5,664610,664605,664600,664601,664144
1,664860,664825,664819,664822,664364
7,665040,665046,665039,665043,664584
6,665240,665267,665258,665263,664805
3,665520,665488,665478,665484,665025
4,665720,665708,665697,665704,665246
2,665950,665929,665916,665925,665466
9,666340,666340,666353,666337,665907
8,666570,666561,666573,666557,666127
10,666760,666781,666792,666778,666348
12,666990,667001,667012,666999,666568
5,667230,667222,667231,667219,666788
11,667440,667442,667450,667440,667009
7,667650,667663,667670,667661,667229
1,667870,667883,667889,667881,667450
3,668130,668104,668108,668102,667670
6,668320,668324,668328,668323,667891
2,668540,668545,668547,668543,668111
4,668790,668765,668767,668764,668331
9,668960,668985,668986,668984,668552
10,669190,669206,669205,669205,668772
8,669430,669426,669425,669426,668993
5,669680,669647,669644,669646,669213
12,669870,669867,669863,669867,669433
11,670050,670088,670083,670088,669654
1,670320,670308,670302,670308,669874
7,670530,670528,670522,670529,670095
3,670750,670749,670741,670750,670315
2,670960,670969,670960,670970,670536
6,671160,671190,671180,671191,670756
4,671450,671410,671399,671412,670976
10,671830,671818,671837,671815,671417
9,672020,672039,672057,672037,671638
5,672270,672260,672276,672258,671858
8,672490,672481,672496,672479,672078
11,672700,672702,672715,672700,672299
12,672920,672923,672935,672921,672519
7,673070,673145,673154,673142,672740
1,673380,673366,673374,673364,672960
2,673580,673587,673593,673585,673180
3,673790,673808,673812,673806,673401
4,674020,674029,674032,674027,673621
6,674210,674250,674251,674248,673842
9,674490,674472,674471,674469,674062
10,674670,674693,674690,674690,674283
8,674930,674914,674910,674912,674503
5,675150,675135,675129,675133,674723
12,675360,675356,675349,675354,674944
11,675600,675578,675568,675575,675164
7,675760,675799,675788,675796,675385
2,676030,676020,676007,676017,675605
1,676270,676241,676226,676239,675825
3,676440,676462,676446,676460,676046
6,676700,676683,676665,676681,676266
4,676930,676905,676885,676902,676487
10,677350,677327,677335,677326,676927
9,677580,677548,677555,677547,677148
5,677810,677769,677774,677768,677368
8,678020,677990,677994,677989,677589
11,678170,678210,678214,678211,677809
12,678410,678431,678434,678432,678030
2,678630,678652,678654,678653,678250
7,678880,678873,678873,678874,678470
3,679110,679094,679093,679096,678691
1,679340,679315,679313,679317,678911
4,679540,679535,679533,679538,679132
6,679750,679756,679752,679759,679352
10,679990,679977,679972,679981,679572
5,680230,680198,680192,680202,679793
9,680390,680419,680412,680423,680013
11,680640,680640,680631,680644,680234
8,680850,680861,680851,680866,680454
2,681050,681081,681071,681087,680674
12,681310,681302,681291,681308,680895
7,681560,681523,681511,681529,681115
1,681750,681744,681730,681751,681336
3,681960,681965,681950,681972,681556
6,682160,682186,682170,682193,681777
4,682400,682406,682390,682414,681997
5,682830,682817,682831,682819,682438
10,683030,683038,683051,683040,682658
11,683280,683259,683271,683261,682879
9,683450,683481,683490,683482,683099
2,683680,683702,683710,683703,683319
8,683900,683923,683930,683923,683540
7,684200,684144,684150,684144,683760
12,684380,684365,684370,684365,683981
3,684560,684586,684590,684586,684201
1,684790,684808,684810,684807,684422
4,684970,685029,685030,685028,684642
6,685200,685250,685250,685249,684862
10,685470,685471,685469,685470,685083
5,685720,685692,685689,685690,685303
9,685910,685914,685909,685911,685524
11,686150,686135,686129,686132,685744
8,686370,686356,686349,686353,685964
2,686580,686577,686569,686574,686185
12,686830,686798,686789,686795,686405
7,687070,687019,687009,687016,686626
3,687250,687241,687228,687237,686846
4,687420,687462,687448,687458,687066
1,687700,687683,687668,687678,687287
6,687880,687904,687888,687899,687507
5,688310,688310,688326,688306,687948
10,688530,688531,688546,688527,688169
11,688760,688752,688766,688748,688389
9,688940,688974,688986,688970,688609
2,689180,689195,689206,689191,688830
8,689400,689416,689426,689413,689050
7,689630,689637,689645,689634,689271
12,689900,689859,689865,689856,689491
4,690070,690080,690085,690077,689711
3,690280,690301,690305,690299,689932
6,690500,690523,690525,690520,690152
1,690780,690744,690745,690741,690373
5,690980,690965,690965,690963,690593
11,691160,691186,691185,691184,690813
10,691390,691408,691405,691406,691034
2,691610,691629,691625,691627,691254
9,691810,691850,691845,691849,691475
7,692070,692072,692064,692070,691695
8,692310,692293,692284,692291,691916
4,692520,692514,692504,692513,692136
12,692750,692735,692724,692734,692356
3,692930,692957,692944,692956,692577
1,693210,693178,693164,693177,692797
6,693430,693399,693384,693399,693018
11,693850,693817,693832,693819,693458
5,694110,694038,694052,694040,693679
2,694270,694260,694272,694262,693899
10,694460,694482,694492,694484,694120
7,694680,694704,694712,694705,694340
9,694930,694925,694933,694927,694561
4,695170,695147,695153,695149,694781
8,695350,695369,695373,695371,695001
3,695570,695591,695593,695592,695222
12,695770,695812,695813,695814,695442
6,695980,696034,696033,696036,695663
1,696260,696256,696254,696257,695883
5,696480,696478,696474,696479,696103
11,696720,696699,696694,696701,696324
10,696920,696921,696914,696923,696544
2,697140,697143,697134,697144,696765
9,697380,697365,697355,697366,696985
7,697600,697586,697575,697588,697205
8,697840,697808,697795,697809,697426
4,698060,698030,698015,698031,697646
12,698210,698252,698235,698253,697867
3,698480,698473,698455,698475,698087
6,698640,698695,698676,698696,698308
1,698970,698917,698896,698918,698528
11,699300,699327,699340,699326,698969
5,699510,699549,699560,699547,699189
2,699800,699771,699781,699769,699410
10,699960,699992,700001,699991,699630
7,700250,700214,700221,700213,699850
9,700440,700435,700442,700434,700071
4,700690,700657,700662,700656,700291
8,700890,700879,700882,700878,700512
3,701110,701100,701103,701099,700732
12,701310,701322,701323,701321,700952
1,701570,701544,701543,701543,701173
6,701760,701765,701764,701765,701393
11,701970,701987,701984,701986,701614
2,702230,702209,702204,702208,701834
5,702400,702430,702425,702430,702055
7,702670,702652,702645,702651,702275
10,702810,702873,702865,702873,702495
4,703110,703095,703086,703095,702716
9,703310,703317,703306,703317,702936
3,703530,703538,703526,703538,703157
8,703740,703760,703747,703760,703377
12,703990,703982,703967,703982,703597
6,704160,704203,704187,704203,703818
1,704500,704425,704408,704425,704038
2,704880,704842,704853,704842,704479
11,705050,705063,705073,705064,704699
7,705310,705285,705294,705286,704920
5,705540,705507,705514,705507,705140
4,705700,705728,705735,705729,705361
10,705930,705950,705955,705951,705581
3,706190,706171,706176,706172,705802
9,706370,706393,706396,706394,706022
12,706600,706614,706617,706615,706242
8,706850,706836,706837,706837,706463
1,707070,707057,707058,707059,706683
6,707290,707279,707278,707280,706904
11,707460,707501,707499,707502,707124
2,707720,707722,707719,707724,707344
5,707930,707944,707940,707945,707565
7,708200,708165,708160,708167,707785
10,708390,708387,708381,708389,708006
4,708620,708608,708601,708610,708226
9,708830,708830,708822,708832,708447
3,709050,709051,709042,709054,708667
12,709270,709273,709263,709275,708887
1,709500,709495,709483,709497,709108
8,709700,709716,709704,709719,709328
6,709940,709938,709924,709940,709549
2,710350,710352,710363,710349,709989
11,710560,710574,710583,710571,710210
7,710820,710795,710803,710792,710430
5,711050,711016,711024,711013,710651
4,711270,711237,711244,711235,710871
10,711440,711458,711465,711456,711091
3,711680,711679,711685,711678,711312
9,711920,711900,711906,711899,711532
1,712100,712121,712126,712120,711753
12,712310,712342,712346,712342,711973
6,712540,712563,712567,712563,712194
8,712790,712784,712787,712785,712414
2,713010,713005,713008,713006,712634
7,713250,713226,713228,713228,712855
11,713400,713447,713449,713449,713075
4,713660,713669,713669,713670,713296
5,713910,713890,713889,713892,713516
3,714110,714111,714110,714113,713736
10,714310,714332,714330,714335,713957
9,714580,714553,714551,714556,714177
12,714800,714774,714771,714777,714398
1,715000,714995,714992,714999,714618
8,715170,715216,715212,715220,714838
6,715460,715437,715432,715442,715059
7,715890,715852,715869,715848,715500
2,716100,716073,716090,716070,715720
4,716300,716295,716310,716292,715941
11,716490,716516,716530,716513,716161
3,716720,716738,716751,716735,716381
5,716920,716960,716971,716957,716602
9,717130,717181,717191,717179,716822
10,717400,717403,717412,717401,717043
1,717620,717624,717632,717623,717263
12,717850,717846,717853,717845,717483
6,718080,718067,718073,718067,717704
8,718350,718289,718293,718289,717924
2,718490,718510,718514,718511,718145
7,718800,718732,718734,718732,718365
11,718930,718953,718954,718954,718585
4,719180,719175,719175,719176,718806
5,719380,719397,719395,719398,719026
3,719610,719618,719615,719620,719247
9,719820,719840,719836,719842,719467
1,720070,720061,720056,720064,719688
10,720230,720283,720276,720286,719908
12,720500,720504,720497,720508,720128
8,720740,720726,720717,720730,720349
6,720990,720947,720938,720951,720569
7,721430,721374,721386,721372,721010
2,721650,721596,721607,721594,721230
4,721840,721818,721827,721817,721451
11,722040,722040,722048,722039,721671
3,722250,722261,722268,722261,721892
5,722460,722483,722489,722483,722112
1,722720,722705,722709,722706,722333
9,722870,722926,722930,722928,722553
12,723140,723148,723151,723150,722773
10,723330,723370,723371,723372,722994
6,723590,723591,723592,723595,723214
8,723840,723813,723812,723817,723435
7,724090,724035,724033,724039,723655
4,724300,724257,724254,724261,723875
2,724520,724478,724474,724484,724096
3,724730,724700,724695,724706,724316
11,724890,724922,724915,724928,724537
5,725130,725143,725136,725150,724757
9,725310,725365,725356,725373,724977
1,725610,725587,725577,725595,725198
12,725760,725808,725798,725817,725418
6,725990,726030,726018,726039,725639
10,726260,726252,726239,726261,725859
8,726520,726474,726459,726484,726080
4,726920,726893,726907,726902,726520
7,727140,727115,727128,727124,726741
3,727360,727338,727348,727345,726961
2,727580,727560,727569,727566,727182
5,727740,727782,727790,727788,727402
11,728020,728004,728011,728009,727622
1,728260,728226,728232,728231,727843
9,728390,728449,728452,728452,728063
6,728680,728671,728673,728674,728284
12,728890,728893,728894,728895,728504
8,729090,729115,729115,729117,728724
10,729340,729337,729336,729338,728945
7,729570,729560,729556,729560,729165
4,729770,729782,729777,729781,729386
2,729970,730004,729998,730003,729606
3,730200,730226,730219,730224,729827
5,730450,730448,730440,730446,730047
1,730660,730671,730660,730667,730267
11,730900,730893,730881,730889,730488
9,731060,731115,731102,731110,730708
12,731320,731337,731323,731332,730929
6,731590,731559,731544,731553,731149
10,731820,731782,731764,731775,731369
8,732060,732004,731985,731996,731590
4,732400,732407,732414,732396,732031
7,732630,732628,732634,732617,732251
3,732840,732849,732855,732838,732471
2,733050,733069,733075,733059,732692
1,733310,733290,733296,733281,732912
5,733500,733510,733516,733502,733133
9,733660,733731,733737,733723,733353
11,733920,733951,733957,733944,733574
6,734170,734172,734178,734166,733794
12,734410,734392,734398,734387,734014
8,734590,734613,734619,734608,734235
10,734890,734833,734839,734829,734455
4,735060,735054,735060,735051,734676
3,735300,735274,735280,735272,734896
7,735520,735495,735501,735493,735116
2,735700,735715,735721,735714,735337
5,735920,735936,735941,735936,735557
1,736150,736156,736162,736157,735778
9,736350,736377,736382,736378,735998
6,736560,736597,736603,736599,736219
11,736820,736818,736823,736821,736439
8,737050,737038,737044,737042,736659
12,737230,737259,737264,737263,736880
10,737530,737479,737485,737484,737100
3,737960,737905,737920,737902,737541
4,738170,738126,738140,738123,737761
2,738340,738347,738361,738345,737982
7,738570,738568,738581,738566,738202
1,738800,738789,738801,738788,738423
5,738990,739010,739022,739010,738643
6,739250,739231,739242,739231,738863
9,739420,739452,739462,739453,739084
8,739670,739673,739682,739674,739304
11,739880,739894,739903,739896,739525
10,740100,740115,740123,740117,739745
12,740350,740336,740343,740339,739966
4,740600,740557,740564,740560,740186
3,740780,740778,740784,740782,740406
2,740990,740999,741004,741003,740627
1,741230,741220,741225,741225,740847
7,741440,741441,741445,741447,741068
5,741650,741662,741665,741668,741288
9,741830,741883,741886,741890,741508
6,742080,742104,742106,742111,741729
11,742310,742325,742326,742333,741949
8,742560,742546,742546,742554,742170
12,742810,742767,742767,742776,742390
10,743010,742988,742987,742997,742610
3,743460,743415,743424,743411,743051
4,743650,743636,743644,743632,743272
1,743900,743856,743865,743853,743492
2,744110,744077,744085,744074,743713
5,744270,744297,744305,744295,743933
7,744490,744518,744525,744517,744153
6,744750,744738,744745,744738,744374
9,744940,744959,744966,744959,744594
8,745150,745180,745186,745180,744815
11,745410,745400,745406,745402,745035
10,745580,745621,745626,745623,745255
12,745870,745841,745846,745844,745476
3,746060,746062,746067,746065,745696
4,746310,746282,746287,746286,745917
2,746500,746503,746507,746508,746137
1,746740,746724,746727,746729,746357
5,746960,746944,746947,746950,746578
6,747140,747165,747168,747171,746798
7,747430,747385,747388,747392,747019
8,747640,747606,747608,747614,747239
9,747810,747826,747828,747835,747460
10,748030,748047,748048,748056,747680
11,748240,748268,748269,748277,747900
12,748470,748488,748489,748499,748121
4,748940,748920,748922,748903,748562
3,749150,749140,749142,749124,748782
1,749380,749359,749362,749346,749002
2,749630,749579,749582,749567,749223
6,749810,749798,749802,749788,749443
5,750020,750017,750022,750010,749664
8,750240,750237,750242,750231,749884
7,750480,750456,750462,750452,750105
10,750650,750676,750682,750673,750325
9,750900,750895,750901,750895,750545
12,751110,751115,751121,751116,750766
11,751310,751334,751341,751337,750986
4,751580,751553,751561,751559,751207
1,751820,751773,751781,751780,751427
3,752010,751992,752001,752001,751647
2,752210,752212,752221,752222,751868
5,752420,752431,752441,752444,752088
6,752650,752651,752661,752665,752309
7,752860,752870,752881,752886,752529
8,753080,753089,753101,753108,752749
9,753280,753309,753321,753329,752970
10,753500,753528,753541,753550,753190
11,753730,753748,753761,753771,753411
12,753990,753967,753980,753993,753631
1,754440,754406,754424,754408,754072
4,754660,754627,754644,754630,754292
2,754890,754849,754864,754851,754513
3,755050,755070,755084,755073,754733
6,755290,755292,755304,755295,754954
5,755520,755513,755524,755516,755174
8,755730,755735,755744,755738,755394
7,755950,755956,755964,755959,755615
10,756140,756178,756185,756181,755835
9,756380,756399,756405,756403,756056
12,756650,756621,756625,756624,756276
11,756870,756842,756845,756846,756496
4,757050,757064,757065,757067,756717
1,757310,757285,757285,757289,756937
2,757520,757507,757505,757511,757158
6,757700,757728,757725,757732,757378
3,757940,757950,757945,757954,757599
8,758190,758171,758165,758176,757819
5,758390,758392,758385,758397,758039
10,758570,758614,758605,758619,758260
7,758860,758835,758825,758840,758480
12,759050,759057,759045,759062,758701
9,759290,759278,759265,759284,758921
11,759520,759500,759486,759505,759141
1,759960,759929,759930,759920,759582
4,760180,760150,760151,760142,759803
6,760360,760370,760371,760363,760023
2,760590,760591,760591,760584,760243
8,760830,760811,760811,760806,760464
3,761050,761032,761031,761027,760684
10,761250,761252,761252,761249,760905
5,761470,761473,761472,761470,761125
12,761670,761693,761692,761691,761346
7,761860,761914,761912,761913,761566
11,762120,762134,762132,762134,761786
9,762350,762355,762353,762356,762007
1,762620,762575,762573,762577,762227
4,762840,762796,762793,762798,762448
2,763030,763016,763013,763020,762668
6,763220,763237,763233,763241,762888
3,763430,763457,763453,763463,763109
8,763700,763678,763674,763684,763329
5,763880,763898,763894,763905,763550
10,764080,764119,764114,764127,763770
7,764360,764339,764334,764348,763991
12,764550,764560,764554,764569,764211
9,764770,764780,764775,764791,764431
11,765020,765001,764995,765012,764652
4,765440,765427,765433,765420,765093
1,765670,765648,765654,765642,765313
6,765890,765869,765874,765863,765533
2,766120,766089,766094,766084,765754
8,766310,766310,766314,766305,765974
3,766490,766530,766534,766526,766195
10,766710,766751,766754,766747,766415
5,766920,766971,766975,766969,766635
12,767170,767192,767195,767190,766856
7,767380,767412,767415,767411,767076
11,767630,767633,767635,767632,767297
9,767880,767854,767855,767853,767517
1,768120,768074,768075,768074,767738
4,768270,768295,768296,768295,767958
6,768550,768515,768516,768517,768178
8,768780,768736,768736,768738,768399
2,768960,768956,768956,768959,768619
10,769160,769177,769176,769180,768840
3,769400,769397,769396,769401,769060
12,769610,769618,769616,769622,769280
5,769840,769839,769837,769844,769501
11,770040,770059,770057,770065,769721
7,770300,770280,770277,770286,769942
9,770490,770500,770497,770507,770162
4,770880,770923,770934,770916,770603
1,771120,771144,771154,771137,770823
8,771370,771364,771374,771359,771044
6,771590,771585,771594,771580,771264
10,771830,771806,771814,771801,771485
2,772010,772027,772034,772023,771705
12,772280,772248,772255,772244,771925
3,772450,772469,772475,772465,772146
11,772690,772690,772695,772687,772366
5,772910,772911,772915,772908,772587
9,773120,773132,773135,773130,772807
7,773360,773353,773355,773351,773027
4,773580,773574,773575,773572,773248
8,773810,773795,773795,773794,773468
1,774050,774016,774015,774015,773689
6,774220,774237,774236,774236,773909
2,774440,774457,774456,774458,774129
10,774650,774678,774676,774679,774350
3,774900,774899,774896,774901,774570
12,775090,775120,775116,775122,774791
5,775340,775341,775336,775343,775011
11,775520,775562,775556,775565,775232
7,775840,775783,775776,775786,775452
9,776030,776004,775996,776007,775672
8,776440,776431,776438,776428,776113
4,776690,776652,776658,776649,776334
6,776900,776873,776878,776870,776554
1,777110,777094,777098,777091,776774
10,777290,777314,777318,777312,776995
2,777520,777535,777538,777533,777215
12,777760,777756,777759,777754,777436
3,777960,777976,777979,777975,777656
11,778170,778197,778199,778196,777877
5,778390,778418,778419,778417,778097
9,778620,778638,778639,778638,778317
7,778890,778859,778859,778859,778538
8,779110,779080,779080,779081,778758
4,779300,779300,779300,779302,778979
1,779530,779521,779520,779523,779199
6,779700,779742,779740,779744,779419
10,779970,779962,779960,779965,779640
12,780170,780183,780180,780186,779860
2,780390,780404,780400,780407,780081
11,780640,780625,780621,780628,780301
3,780870,780845,780841,780849,780521
9,781050,781066,781061,781070,780742
5,781280,781287,781281,781291,780962
7,781530,781507,781501,781512,781183
4,781890,781926,781932,781916,781624
8,782170,782146,782151,782137,781844
6,782360,782366,782371,782357,782064
1,782570,782586,782591,782578,782285
12,782830,782806,782811,782798,782505
10,783010,783026,783031,783019,782726
11,783260,783245,783251,783240,782946
2,783460,783465,783471,783460,783166
9,783680,783685,783691,783681,783387
3,783880,783905,783910,783901,783607
7,784110,784125,784130,784122,783828
5,784320,784345,784350,784343,784048
8,784590,784565,784570,784563,784268
4,784760,784785,784790,784784,784489
6,785000,785005,785010,785004,784709
12,785260,785225,785230,785225,784930
1,785460,785445,785450,785446,785150
10,785700,785664,785669,785666,785371
2,785850,785884,785889,785887,785591
11,786100,786104,786109,786107,785811
3,786330,786324,786329,786328,786032
9,786520,786544,786549,786549,786252
5,786740,786764,786769,786769,786473
7,787020,786984,786989,786990,786693
4,787410,787406,787419,787403,787134
8,787620,787626,787639,787623,787354
12,787880,787846,787858,787844,787575
6,788070,788066,788078,788064,787795
10,788280,788287,788298,788284,788015
1,788510,788507,788517,788505,788236
11,788730,788727,788737,788725,788456
2,788940,788947,788957,788946,788677
9,789130,789168,789176,789166,788897
3,789370,789388,789396,789386,789118
7,789590,789608,789615,789607,789338
5,789810,789829,789835,789827,789558
4,790020,790049,790055,790048,789779
12,790280,790269,790274,790268,789999
8,790520,790489,790494,790489,790220
6,790680,790710,790714,790709,790440
1,790950,790930,790933,790929,790660
10,791120,791150,791153,791150,790881
11,791380,791370,791373,791370,791101
9,791620,791591,791592,791591,791322
2,791770,791811,791812,791811,791542
7,792060,792031,792032,792031,791763
3,792260,792251,792251,792252,791983
5,792500,792472,792471,792472,792203
12,792900,792883,792898,792874,792644
4,793060,793103,793118,793095,792865
6,793290,793323,793337,793315,793085
8,793540,793543,793557,793536,793305
10,793790,793764,793776,793757,793526
1,794010,793984,793995,793977,793746
9,794190,794204,794215,794198,793967
11,794410,794424,794434,794419,794187
7,794630,794645,794654,794639,794407
2,794860,794865,794873,794860,794628
5,795060,795085,795092,795081,794848
3,795280,795305,795312,795301,795069
4,795510,795526,795531,795522,795289
12,795770,795746,795750,795743,795510
8,795930,795966,795970,795963,795730
6,796150,796186,796189,796184,795950
10,796370,796407,796409,796405,796171
9,796650,796627,796628,796625,796391
1,796870,796847,796847,796846,796612
11,797060,797067,797067,797067,796832
2,797270,797288,797286,797287,797052
7,797550,797508,797505,797508,797273
3,797740,797728,797725,797729,797493
5,797990,797948,797944,797949,797714
12,798370,798368,798385,798365,798154
4,798600,798589,798604,798587,798375
6,798810,798810,798824,798808,798595
8,799050,799031,799043,799029,798816
9,799230,799252,799263,799250,799036
10,799460,799473,799482,799471,799257
11,799710,799694,799702,799692,799477
1,799910,799915,799921,799913,799697
7,800160,800136,800140,800134,799918
2,800350,800357,800360,800356,800138
5,800550,800578,800579,800577,800359
3,800750,800799,800799,800798,800579
12,800990,801019,801018,801019,800799
6,801240,801240,801238,801240,801020
4,801460,801461,801457,801461,801240
9,801670,801682,801677,801682,801461
8,801940,801903,801896,801903,801681
10,802080,802124,802116,802125,801901
1,802360,802345,802335,802346,802122
11,802590,802566,802555,802567,802342
7,802830,802787,802774,802788,802563
5,803040,803008,802994,803009,802783
2,803210,803229,803213,803230,803004
3,803440,803450,803433,803451,803224
6,803880,803868,803877,803868,803665
12,804090,804089,804096,804089,803885
9,804300,804309,804316,804309,804106
4,804540,804530,804536,804530,804326
10,804740,804751,804755,804751,804546
8,804980,804972,804975,804971,804767
11,805230,805192,805195,805192,804987
1,805420,805413,805414,805413,805208
5,805590,805634,805634,805633,805428
7,805830,805854,805854,805854,805649
3,806060,806075,806073,806074,805869
2,806290,806296,806293,806295,806089
12,806530,806516,806513,806516,806310
6,806710,806737,806732,806736,806530
4,807010,806958,806952,806957,806751
9,807170,807178,807172,807178,806971
8,807390,807399,807391,807398,807191
10,807580,807620,807611,807619,807412
11,807840,807840,807831,807840,807632
5,808060,808061,808050,808060,807853
1,808300,808282,808270,808281,808073
7,808520,808502,808490,808501,808293
2,808710,808723,808709,808722,808514
3,808960,808944,808929,808943,808734
6,809330,809354,809360,809343,809175
12,809590,809573,809580,809564,809396
9,809770,809793,809799,809784,809616
4,810020,810013,810018,810004,809836
10,810200,810232,810238,810225,810057
8,810470,810452,810457,810445,810277
5,810640,810672,810677,810665,810498
11,810920,810891,810896,810886,810718
7,811100,811111,811116,811106,810938
1,811360,811331,811335,811327,811159
3,811550,811551,811555,811547,811379
2,811800,811770,811774,811767,811600
6,811950,811990,811994,811988,811820
9,812200,812210,812213,812208,812040
12,812410,812429,812432,812428,812261
10,812620,812649,812652,812649,812481
4,812870,812869,812871,812869,812702
5,813080,813088,813091,813090,812922
8,813300,813308,813310,813310,813143
11,813520,813528,813530,813530,813363
1,813760,813748,813749,813751,813583
7,813990,813967,813969,813971,813804
2,814180,814187,814188,814191,814024
3,814430,814407,814408,814412,814245
9,814790,814819,814843,814826,814685
6,815060,815041,815062,815046,814906
10,815220,815262,815282,815267,815126
12,815500,815483,815501,815487,815347
5,815690,815705,815721,815708,815567
4,815930,815926,815940,815928,815787
11,816150,816147,816160,816149,816008
8,816360,816369,816379,816370,816228
7,816610,816590,816599,816590,816449
1,816810,816811,816818,816811,816669
3,817040,817032,817038,817031,816890
2,817270,817254,817257,817252,817110
6,817440,817475,817477,817472,817330
9,817650,817696,817696,817693,817551
12,817920,817918,817915,817914,817771
10,818100,818139,818135,818134,817992
4,818340,818360,818354,818355,818212
5,818560,818582,818574,818575,818432
8,818770,818803,818793,818796,818653
11,819030,819024,819013,819016,818873
7,819300,819246,819232,819237,819094
3,819490,819467,819452,819457,819314
1,819740,819688,819671,819678,819535
2,819920,819910,819891,819899,819755
9,820280,820308,820325,820301,820196
6,820490,820529,820545,820522,820416
10,820740,820750,820764,820743,820637
12,820990,820971,820984,820964,820857
5,821140,821192,821203,821185,821077
4,821400,821413,821423,821407,821298
11,821660,821634,821642,821628,821518
8,821880,821855,821861,821849,821739
3,822070,822076,822081,822070,821959
7,822290,822297,822300,822291,822179
2,822490,822518,822520,822512,822400
1,822700,822738,822739,822733,822620
9,822940,822959,822959,822954,822841
10,823180,823180,823178,823175,823061
6,823380,823401,823398,823397,823282
5,823630,823622,823617,823618,823502
12,823850,823843,823836,823839,823722
11,824090,824064,824056,824060,823943
4,824260,824285,824275,824281,824163
3,824480,824506,824495,824502,824384
8,824730,824727,824714,824723,824604
7,824990,824948,824934,824944,824824
1,825140,825169,825153,825165,825045
2,825450,825390,825373,825387,825265
10,825810,825802,825822,825809,825706
9,826070,826024,826042,826031,825926
5,826260,826246,826262,826252,826147
6,826440,826468,826482,826474,826367
11,826650,826690,826701,826695,826588
12,826910,826912,826921,826916,826808
3,827130,827134,827141,827138,827029
4,827360,827356,827361,827359,827249
7,827570,827579,827581,827581,827469
8,827820,827801,827801,827802,827690
2,827990,828023,828020,828023,827910
1,828220,828245,828240,828245,828131
9,828460,828467,828460,828466,828351
10,828690,828689,828680,828688,828571
6,828870,828911,828900,828909,828792
5,829130,829133,829120,829130,829012
12,829380,829355,829339,829352,829233
11,829560,829578,829559,829573,829453
4,829830,829800,829779,829795,829673
3,830040,830022,829999,830016,829894
8,830240,830244,830219,830237,830114
7,830490,830466,830439,830459,830335
2,830670,830688,830658,830680,830555
1,830940,830910,830878,830902,830776
10,831280,831314,831321,831307,831216
9,831530,831535,831541,831528,831437
5,831730,831755,831761,831749,831657
6,831940,831976,831981,831970,831878
11,832180,832197,832201,832192,832098
12,832420,832418,832420,832413,832318
3,832660,832639,832640,832634,832539
4,832900,832859,832860,832856,832759
7,833100,833080,833080,833077,832980
8,833340,833301,833300,833298,833200
1,833530,833522,833520,833519,833421
2,833810,833743,833740,833741,833641
10,833910,833963,833960,833962,833861
5,834170,834184,834180,834183,834082
9,834400,834405,834400,834404,834302
11,834620,834626,834620,834626,834523
6,834840,834847,834840,834847,834743
3,835040,835067,835060,835068,834963
12,835300,835288,835280,835289,835184
7,835550,835509,835500,835511,835404
4,835690,835730,835720,835732,835625
8,835930,835951,835940,835953,835845
2,836130,836171,836160,836175,836065
1,836430,836392,836380,836396,836286
5,836830,836809,836823,836812,836727
10,837020,837030,837043,837033,836947
11,837270,837252,837263,837254,837168
9,837470,837473,837484,837475,837388
3,837710,837694,837704,837697,837608
6,837880,837916,837924,837918,837829
7,838150,838137,838144,838139,838049
12,838400,838358,838364,838361,838270
8,838600,838580,838584,838582,838490
4,838770,838801,838804,838803,838710
1,839010,839022,839024,839024,838931
2,839260,839244,839244,839246,839151
10,839450,839465,839464,839467,839372
5,839680,839687,839684,839688,839592
9,839890,839908,839905,839909,839812
11,840120,840129,840125,840131,840033
6,840320,840351,840345,840352,840253
3,840570,840572,840565,840573,840474
12,840810,840793,840785,840794,840694
7,841080,841015,841005,841016,840915
8,841290,841236,841225,841237,841135
1,841500,841457,841445,841458,841355
4,841620,841679,841665,841680,841576
2,841850,841900,841885,841901,841796
5,842320,842309,842324,842307,842237
10,842530,842530,842544,842528,842457
11,842760,842751,842764,842749,842678
9,842970,842973,842984,842971,842898
3,843190,843194,843204,843192,843119
6,843390,843415,843424,843413,843339
7,843630,843636,843644,843635,843559
12,843870,843857,843864,843856,843780
1,844090,844079,844084,844077,844000
8,844290,844300,844304,844299,844221
2,844510,844521,844524,844520,844441
4,844750,844742,844744,844741,844662
5,844970,844963,844965,844963,844882
11,845160,845185,845185,845184,845102
10,845420,845406,845405,845405,845323
3,845620,845627,845625,845627,845543
9,845830,845848,845845,845848,845764
7,846100,846069,846065,846069,845984
6,846240,846291,846285,846291,846204
12,846490,846512,846505,846512,846425
8,846720,846733,846725,846733,846645
1,846990,846954,846945,846955,846866
4,847200,847176,847165,847176,847086
2,847410,847397,847385,847398,847307
11,847870,847811,847828,847816,847747
5,848010,848032,848048,848037,847968
3,848270,848254,848268,848258,848188
10,848460,848476,848489,848480,848409
7,848730,848697,848709,848701,848629
9,848910,848919,848929,848922,848849
12,849170,849141,849149,849144,849070
6,849330,849362,849369,849365,849290
1,849590,849584,849590,849586,849511
8,849810,849806,849810,849808,849731
2,849980,850028,850030,850029,849951
4,850230,850249,850250,850250,850172
5,850460,850471,850470,850471,850392
11,850690,850693,850691,850693,850613
10,850890,850914,850911,850914,850833
3,851090,851136,851131,851135,851054
9,851340,851358,851351,851357,851274
7,851640,851579,851571,851578,851494
12,851840,851801,851792,851799,851715
1,852030,852023,852012,852021,851935
6,852230,852245,852232,852242,852156
8,852470,852466,852452,852463,852376
4,852670,852688,852672,852685,852596
2,852950,852910,852893,852906,852817
11,853330,853316,853328,853314,853258
5,853540,853537,853548,853535,853478
3,853780,853758,853768,853756,853698
10,853990,853979,853988,853977,853919
7,854190,854200,854208,854198,854139
9,854420,854420,854429,854419,854360
1,854630,854641,854649,854640,854580
12,854830,854862,854869,854861,854801
8,855060,855083,855089,855082,855021
6,855280,855304,855309,855303,855241
2,855520,855525,855529,855524,855462
4,855780,855746,855749,855745,855682
11,855940,855967,855969,855965,855903
3,856180,856187,856189,856186,856123
5,856410,856408,856409,856407,856343
7,856650,856629,856629,856628,856564
10,856850,856850,856850,856849,856784
9,857070,857071,857070,857070,857005
12,857290,857292,857290,857291,857225
1,857520,857513,857510,857512,857445
8,857690,857733,857730,857733,857666
2,857970,857954,857950,857954,857886
6,858170,858175,858170,858175,858107
4,858430,858396,858390,858396,858327
3,858820,858809,858824,858808,858768
11,859040,859029,859044,859029,858988
7,859270,859250,859263,859249,859209
5,859500,859471,859483,859470,859429
9,859640,859691,859703,859691,859650
10,859920,859912,859923,859912,859870
1,860160,860133,860143,860133,860090
12,860360,860354,860363,860354,860311
2,860550,860574,860583,860575,860531
8,860760,860795,860803,860795,860752
4,861010,861016,861023,861016,860972
6,861250,861236,861243,861237,861193
11,861500,861457,861463,861458,861413
3,861670,861678,861683,861679,861633
5,861910,861899,861902,861900,861854
7,862120,862119,862122,862120,862074
9,862300,862340,862342,862341,862295
1,862570,862561,862562,862562,862515
10,862750,862781,862782,862783,862735
12,862950,863002,863002,863004,862956
8,863230,863223,863222,863225,863176
2,863450,863444,863442,863446,863397
6,863690,863664,863662,863666,863617
4,863920,863885,863882,863887,863837
3,864350,864295,864314,864294,864278
11,864470,864516,864534,864515,864499
7,864770,864737,864754,864736,864719
5,864950,864958,864974,864957,864940
1,865210,865179,865193,865178,865160
9,865370,865400,865413,865399,865380
12,865600,865621,865633,865620,865601
10,865820,865842,865853,865841,865821
2,866040,866063,866072,866062,866042
8,866260,866284,866292,866283,866262
4,866510,866504,866512,866504,866482
6,866690,866725,866732,866725,866703
3,866940,866946,866951,866946,866923
7,867200,867167,867171,867167,867144
11,867400,867388,867391,867388,867364
5,867630,867609,867611,867609,867584
9,867820,867830,867831,867830,867805
1,868070,868051,868050,868051,868025
12,868250,868272,868270,868272,868246
2,868490,868493,868490,868493,868466
10,868710,868714,868710,868714,868687
4,868970,868935,868929,868935,868907
8,869170,869156,869149,869156,869127
6,869360,869377,869369,869377,869348
7,869830,869789,869808,869792,869789
3,870010,870010,870028,870013,870009
5,870220,870231,870248,870234,870229
11,870460,870453,870467,870455,870450
1,870710,870674,870687,870676,870670
9,870890,870895,870907,870897,870891
2,871060,871117,871127,871118,871111
12,871320,871338,871347,871340,871331
4,871580,871559,871566,871561,871552
10,871770,871781,871786,871782,871772
6,871970,872002,872006,872003,871993
8,872220,872223,872226,872224,872213
3,872400,872445,872446,872445,872434
7,872690,872666,872665,872666,872654
5,872920,872887,872885,872887,872874
1,873130,873109,873105,873108,873095
11,873330,873330,873325,873329,873315
9,873530,873551,873545,873550,873536
12,873760,873773,873764,873771,873756
2,873990,873994,873984,873992,873976
10,874260,874215,874204,874213,874197
4,874440,874436,874424,874434,874417
8,874640,874658,874644,874655,874638
6,874890,874879,874863,874876,874858
7,875310,875285,875300,875276,875299
3,875460,875506,875520,875498,875519
1,875740,875727,875740,875720,875740
5,875940,875948,875960,875941,875960
9,876140,876169,876179,876163,876181
11,876390,876390,876399,876384,876401
2,876620,876611,876619,876606,876621
12,876850,876832,876839,876827,876842
4,877030,877053,877058,877049,877062
10,877280,877274,877278,877271,877283
6,877500,877494,877498,877492,877503
8,877750,877715,877718,877714,877723
7,877990,877936,877938,877935,877944
3,878110,878157,878157,878157,878164
5,878350,878378,878377,878379,878385
1,878610,878599,878597,878600,878605
9,878790,878820,878817,878822,878826
2,879030,879041,879036,879043,879046
11,879260,879262,879256,879265,879266
4,879480,879483,879476,879486,879487
12,879680,879704,879696,879708,879707
6,879900,879925,879916,879930,879928
10,880160,880146,880135,880151,880148
8,880420,880367,880355,880373,880368
3,880850,880790,880809,880801,880809
7,881090,881013,881029,881023,881030
1,881260,881235,881249,881244,881250
5,881440,881457,881470,881466,881470
2,881660,881680,881690,881688,881691
9,881850,881902,881910,881909,881911
4,882100,882124,882130,882131,882132
11,882320,882346,882351,882353,882352
6,882560,882569,882571,882574,882573
12,882800,882791,882791,882796,882793
8,882960,883013,883011,883018,883013
10,883210,883236,883231,883240,883234
3,883480,883458,883452,883461,883454
1,883710,883680,883672,883683,883675
7,883990,883903,883892,883905,883895
5,884170,884125,884112,884126,884115
9,884320,884347,884333,884348,884336
2,884600,884569,884553,884570,884556
11,884810,884792,884773,884791,884777
4,885010,885014,884993,885013,884997
12,885230,885236,885214,885235,885217
6,885440,885459,885434,885456,885438
10,885630,885681,885654,885678,885658
8,885920,885903,885874,885900,885879
1,886330,886310,886314,886308,886320
3,886510,886530,886535,886529,886540
5,886740,886751,886755,886750,886760
7,886990,886972,886975,886970,886981
2,887190,887192,887195,887191,887201
9,887400,887413,887416,887412,887422
4,887620,887634,887636,887633,887642
11,887930,887855,887856,887853,887862
6,888090,888075,888076,888074,888083
12,888300,888296,888297,888295,888303
8,888490,888517,888517,888516,888524
10,888750,888737,888737,888736,888744
3,888930,888958,888957,888957,888965
1,889170,889179,889178,889178,889185
5,889360,889400,889398,889399,889405
2,889600,889620,889618,889619,889626
7,889830,889841,889838,889840,889846
4,890040,890062,890058,890061,890067
9,890250,890282,890279,890281,890287
6,890510,890503,890499,890502,890507
11,890760,890724,890719,890723,890728
8,890930,890945,890939,890944,890948
12,891180,891165,891160,891164,891169
10,891420,891386,891380,891385,891389
1,891830,891795,891807,891790,891830
3,892010,892015,892026,892010,892050
2,892250,892235,892246,892231,892271
5,892430,892455,892466,892451,892491
4,892680,892675,892686,892672,892712
7,892870,892895,892906,892892,892932
6,893130,893115,893126,893113,893152
9,893300,893335,893345,893333,893373
8,893550,893555,893565,893553,893593
11,893740,893775,893785,893774,893814
10,893980,893996,894005,893994,894034
12,894230,894216,894225,894215,894254
1,894490,894436,894445,894435,894475
2,894690,894656,894665,894656,894695
3,894880,894876,894884,894876,894916
4,895120,895096,895104,895097,895136
5,895310,895316,895324,895317,895356
6,895470,895536,895544,895537,895577
7,895730,895756,895764,895758,895797
8,895980,895976,895984,895978,896018
9,896160,896196,896204,896199,896238
10,896410,896417,896423,896419,896459
11,896660,896637,896643,896640,896679
12,896900,896857,896863,896860,896899
1,897320,897277,897291,897266,897340
2,897570,897497,897510,897487,897561
3,897740,897717,897730,897708,897781
4,897950,897936,897949,897929,898001
5,898150,898156,898169,898150,898222
6,898340,898376,898388,898371,898442
7,898560,898595,898608,898592,898663
8,898820,898815,898827,898813,898883
9,899000,899035,899047,899033,899103
10,899210,899255,899266,899254,899324
11,899470,899474,899485,899475,899544
12,899680,899694,899705,899696,899765
1,899970,899914,899924,899917,899985
2,900190,900133,900144,900138,900206
3,900360,900353,900363,900359,900426
4,900570,900573,900583,900580,900646
5,900810,900793,900802,900801,900867
6,900970,901012,901022,901022,901087
7,901250,901232,901241,901243,901308
8,901430,901452,901461,901464,901528
9,901670,901671,901680,901684,901748
10,901890,901891,901900,901905,901969
11,902060,902111,902119,902126,902189
12,902380,902331,902339,902347,902410
1,902780,902751,902782,902768,902851
2,902990,902973,903001,902989,903071
3,903200,903196,903221,903210,903291
4,903410,903418,903441,903431,903512
5,903640,903640,903660,903651,903732
6,903860,903862,903880,903872,903953
7,904090,904085,904100,904093,904173
8,904320,904307,904319,904314,904393
9,904510,904529,904539,904535,904614
10,904710,904752,904759,904756,904834
11,904970,904974,904979,904977,905055
12,905210,905196,905198,905198,905275
1,905410,905419,905418,905419,905495
2,905600,905641,905638,905640,905716
3,905880,905863,905857,905861,905936
4,906060,906085,906077,906082,906157
5,906290,906308,906297,906302,906377
6,906520,906530,906516,906523,906598
7,906780,906752,906736,906744,906818
8,906970,906975,906956,906965,907038
9,907190,907197,907175,907186,907259
10,907440,907419,907395,907407,907479
11,907650,907641,907615,907628,907700
12,907920,907864,907835,907849,907920
