Bell No,Actual Time,Contest Model,HawkEar Model,RWP Model,Metronomic Model
1,101310,101310,101310,101603,101310
2,101630,101557,101557,101831,101531
3,101890,101803,101803,102060,101752
4,102160,102050,102050,102289,101972
5,102420,102296,102296,102518,102193
6,102650,102543,102543,102747,102414
7,102920,102789,102789,102976,102635
8,103180,103036,103036,103205,102856
9,103410,103282,103282,103434,103076
10,103690,103529,103529,103663,103297
11,104020,103775,103775,103892,103518
12,104130,104022,104022,104121,103739
1,104380,104268,104268,104349,103959
2,104620,104515,104515,104578,104180
3,104940,104761,104761,104807,104401
4,105120,105008,105008,105036,104622
5,105390,105254,105254,105265,104843
6,105610,105501,105501,105494,105063
7,105880,105747,105747,105723,105284
8,106070,105994,105994,105952,105505
9,106190,106240,106240,106181,105726
10,106450,106487,106487,106410,105947
11,106600,106733,106733,106639,106167
12,106980,106980,106980,106867,106388
1,107450,107462,107466,107392,106830
2,107690,107685,107688,107621,107051
3,107950,107908,107911,107850,107271
4,108110,108131,108134,108078,107492
5,108370,108354,108356,108307,107713
6,108590,108577,108579,108536,107934
7,108820,108799,108801,108765,108155
8,109040,109022,109024,108994,108375
9,109220,109245,109247,109223,108596
10,109400,109468,109469,109452,108817
11,109550,109691,109692,109681,109038
12,109910,109913,109914,109910,109258
1,110140,110136,110137,110139,109479
2,110350,110359,110360,110368,109700
3,110630,110582,110582,110596,109921
4,110830,110805,110805,110825,110142
5,111110,111028,111028,111054,110362
6,111310,111250,111250,111283,110583
7,111550,111473,111473,111512,110804
8,111670,111696,111695,111741,111025
9,111860,111919,111918,111970,111246
10,112050,112142,112141,112199,111466
11,112330,112364,112363,112428,111687
12,112650,112587,112586,112657,111908
1,113070,113056,113042,113028,112350
2,113320,113278,113265,113252,112570
3,113500,113500,113487,113477,112791
4,113690,113722,113710,113701,113012
5,113920,113944,113933,113925,113233
6,114160,114166,114156,114150,113453
7,114370,114388,114379,114374,113674
8,114600,114610,114602,114598,113895
9,114790,114832,114825,114822,114116
10,115020,115054,115048,115047,114337
11,115240,115276,115271,115271,114557
12,115520,115498,115493,115495,114778
1,115770,115720,115716,115720,114999
2,115960,115942,115939,115944,115220
3,116200,116164,116162,116168,115441
4,116420,116386,116385,116393,115661
5,116560,116608,116608,116617,115882
6,116870,116830,116831,116841,116103
7,117050,117052,117054,117065,116324
8,117260,117274,117277,117290,116545
9,117440,117496,117500,117514,116765
10,117710,117718,117722,117738,116986
11,117960,117940,117945,117963,117207
12,118180,118162,118168,118187,117428
1,118660,118616,118613,118594,117869
2,118860,118838,118835,118817,118090
3,119050,119060,119057,119041,118311
4,119270,119282,119279,119265,118532
5,119480,119504,119502,119489,118752
6,119720,119726,119724,119713,118973
7,119930,119948,119946,119937,119194
8,120130,120170,120168,120160,119415
9,120370,120392,120390,120384,119636
10,120580,120614,120612,120608,119856
11,120830,120836,120835,120832,120077
12,121060,121058,121057,121056,120298
1,121310,121280,121279,121279,120519
2,121510,121502,121501,121503,120740
3,121740,121724,121723,121727,120960
4,121950,121946,121945,121951,121181
5,122200,122167,122168,122175,121402
6,122400,122389,122390,122398,121623
7,122620,122611,122612,122622,121844
8,122820,122833,122834,122846,122064
9,122990,123055,123056,123070,122285
10,123270,123277,123278,123294,122506
11,123500,123499,123501,123518,122727
12,123770,123721,123723,123741,122947
1,124210,124177,124169,124157,123389
2,124420,124399,124392,124380,123610
3,124630,124621,124614,124604,123831
4,124830,124842,124836,124827,124051
5,125030,125064,125058,125051,124272
6,125280,125286,125281,125274,124493
7,125500,125508,125503,125498,124714
8,125730,125729,125725,125721,124935
9,125910,125951,125947,125945,125155
10,126150,126173,126170,126168,125376
11,126390,126395,126392,126392,125597
12,126610,126617,126614,126615,125818
1,126860,126838,126836,126839,126039
2,127060,127060,127058,127062,126259
3,127300,127282,127281,127286,126480
4,127500,127504,127503,127509,126701
5,127760,127725,127725,127733,126922
6,127920,127947,127947,127956,127142
7,128210,128169,128170,128180,127363
8,128410,128391,128392,128403,127584
9,128560,128613,128614,128627,127805
10,128850,128834,128836,128850,128026
11,129060,129056,129058,129074,128246
12,129270,129278,129281,129297,128467
1,129760,129731,129720,129705,128909
2,129970,129952,129943,129928,129130
3,130170,130173,130165,130151,129350
4,130380,130394,130387,130374,129571
5,130580,130615,130609,130598,129792
6,130830,130836,130831,130821,130013
7,131080,131057,131053,131044,130234
8,131270,131278,131275,131267,130454
9,131450,131499,131497,131490,130675
10,131710,131720,131719,131714,130896
11,131900,131941,131941,131937,131117
12,132170,132162,132163,132160,131337
1,132430,132383,132385,132383,131558
2,132610,132604,132607,132606,131779
3,132850,132825,132829,132830,132000
4,133040,133046,133051,133053,132221
5,133260,133267,133273,133276,132441
6,133490,133488,133496,133499,132662
7,133740,133709,133718,133723,132883
8,133950,133931,133940,133946,133104
9,134080,134152,134162,134169,133325
10,134390,134373,134384,134392,133545
11,134520,134594,134606,134615,133766
12,134890,134815,134828,134839,133987
1,135320,135273,135267,135249,134429
2,135530,135494,135489,135472,134649
3,135730,135715,135711,135695,134870
4,135930,135936,135933,135918,135091
5,136110,136158,136155,136142,135312
6,136380,136379,136377,136365,135533
7,136590,136600,136599,136588,135753
8,136790,136821,136821,136812,135974
9,137020,137042,137043,137035,136195
10,137270,137263,137264,137258,136416
11,137480,137484,137486,137482,136636
12,137720,137706,137708,137705,136857
1,137950,137927,137930,137928,137078
2,138140,138148,138152,138152,137299
3,138380,138369,138374,138375,137520
4,138600,138590,138596,138598,137740
5,138790,138811,138818,138822,137961
6,139000,139032,139040,139045,138182
7,139250,139254,139262,139268,138403
8,139440,139475,139483,139492,138624
9,139690,139696,139705,139715,138844
10,139950,139917,139927,139938,139065
11,140150,140138,140149,140161,139286
12,140390,140359,140371,140385,139507
1,140840,140816,140815,140800,139948
2,141060,141038,141037,141023,140169
3,141250,141259,141258,141247,140390
4,141480,141481,141480,141470,140611
5,141670,141703,141702,141693,140831
6,141910,141925,141924,141916,141052
7,142160,142147,142146,142139,141273
8,142330,142368,142368,142362,141494
9,142560,142590,142590,142585,141715
10,142800,142812,142812,142808,141935
11,143010,143034,143034,143032,142156
12,143280,143256,143256,143255,142377
1,143520,143477,143477,143478,142598
2,143720,143699,143699,143701,142819
3,143950,143921,143921,143924,143039
4,144120,144143,144143,144147,143260
5,144380,144365,144365,144370,143481
6,144600,144587,144587,144593,143702
7,144810,144808,144809,144817,143923
8,145010,145030,145031,145040,144143
9,145210,145252,145253,145263,144364
10,145460,145474,145475,145486,144585
11,145700,145696,145696,145709,144806
12,145960,145917,145918,145932,145026
1,146400,146365,146356,146336,145468
2,146610,146586,146578,146559,145689
3,146840,146806,146800,146782,145910
4,147050,147027,147021,147005,146130
5,147220,147248,147243,147228,146351
6,147450,147469,147465,147452,146572
7,147660,147690,147686,147675,146793
8,147880,147911,147908,147898,147014
9,148060,148131,148130,148121,147234
10,148290,148352,148352,148344,147455
11,148510,148573,148573,148567,147676
12,148800,148794,148795,148791,147897
1,149050,149015,149017,149014,148118
2,149260,149236,149238,149237,148338
3,149480,149457,149460,149460,148559
4,149700,149677,149682,149683,148780
5,149880,149898,149904,149906,149001
6,150110,150119,150125,150129,149222
7,150370,150340,150347,150353,149442
8,150550,150561,150569,150576,149663
9,150780,150782,150790,150799,149884
10,151010,151002,151012,151022,150105
11,151210,151223,151234,151245,150325
12,151480,151444,151456,151468,150546
1,151940,151900,151901,151881,150988
2,152140,152122,152123,152105,151209
3,152340,152344,152345,152328,151429
4,152560,152566,152567,152552,151650
5,152780,152788,152788,152776,151871
6,153020,153010,153010,152999,152092
7,153230,153232,153232,153223,152313
8,153430,153454,153454,153447,152533
9,153650,153676,153675,153670,152754
10,153860,153898,153897,153894,152975
11,154110,154120,154119,154117,153196
12,154340,154342,154341,154341,153417
1,154590,154564,154563,154565,153637
2,154790,154786,154784,154788,153858
3,155000,155008,155006,155012,154079
4,155210,155230,155228,155236,154300
5,155450,155452,155450,155459,154520
6,155660,155674,155672,155683,154741
7,155910,155896,155893,155906,154962
8,156090,156118,156115,156130,155183
9,156360,156340,156337,156354,155404
10,156590,156562,156559,156577,155624
11,156800,156783,156781,156801,155845
12,157020,157005,157002,157025,156066
1,157490,157459,157454,157441,156508
2,157710,157681,157676,157664,156728
3,157900,157903,157898,157888,156949
4,158110,158125,158120,158112,157170
5,158310,158347,158342,158335,157391
6,158550,158569,158564,158559,157612
7,158790,158791,158786,158782,157832
8,158990,159013,159008,159006,158053
9,159280,159235,159230,159230,158274
10,159470,159457,159452,159453,158495
11,159660,159679,159674,159677,158715
12,159880,159901,159896,159900,158936
1,160120,160124,160118,160124,159157
2,160350,160346,160340,160347,159378
3,160560,160568,160562,160571,159599
4,160760,160790,160784,160795,159819
5,160990,161012,161006,161018,160040
6,161230,161234,161228,161242,160261
7,161490,161456,161450,161465,160482
8,161680,161678,161672,161689,160703
9,161920,161900,161894,161913,160923
10,162140,162122,162116,162136,161144
11,162330,162344,162338,162360,161365
12,162580,162567,162560,162583,161586
1,163030,163013,163006,162985,162027
2,163240,163235,163228,163209,162248
3,163470,163456,163450,163433,162469
4,163670,163678,163672,163657,162690
5,163870,163900,163894,163881,162911
6,164090,164122,164117,164105,163131
7,164340,164344,164339,164329,163352
8,164560,164565,164561,164553,163573
9,164800,164787,164783,164777,163794
10,165000,165009,165005,165001,164014
11,165200,165231,165227,165225,164235
12,165440,165453,165449,165449,164456
1,165690,165674,165671,165673,164677
2,165910,165896,165893,165897,164898
3,166100,166118,166115,166121,165118
4,166330,166340,166337,166345,165339
5,166560,166562,166559,166569,165560
6,166750,166783,166782,166793,165781
7,167010,167005,167004,167017,166002
8,167240,167227,167226,167241,166222
9,167420,167449,167448,167465,166443
10,167690,167671,167670,167689,166664
11,167890,167893,167892,167913,166885
12,168170,168114,168114,168137,167106
1,168610,168574,168572,168556,167547
2,168830,168797,168795,168781,167768
3,169070,169020,169017,169005,167989
4,169260,169243,169240,169230,168209
5,169460,169466,169462,169455,168430
6,169690,169689,169685,169680,168651
7,169900,169912,169907,169904,168872
8,170120,170135,170130,170129,169093
9,170320,170358,170352,170354,169313
10,170530,170581,170575,170579,169534
11,170750,170805,170797,170804,169755
12,171030,171028,171020,171028,169976
1,171270,171251,171242,171253,170197
2,171470,171474,171465,171478,170417
3,171710,171697,171687,171703,170638
4,171910,171920,171910,171928,170859
5,172150,172143,172132,172152,171080
6,172350,172366,172355,172377,171301
7,172620,172589,172577,172602,171521
8,172810,172812,172800,172827,171742
9,173020,173035,173022,173052,171963
10,173250,173258,173245,173276,172184
11,173480,173481,173467,173501,172404
12,173770,173704,173690,173726,172625
2,174210,174165,174152,174152,173067
1,174400,174388,174375,174376,173288
4,174630,174611,174598,174600,173508
3,174850,174833,174821,174824,173729
6,175050,175056,175044,175048,173950
5,175270,175279,175267,175273,174171
8,175490,175502,175490,175497,174392
7,175760,175724,175713,175721,174612
10,175920,175947,175936,175945,174833
9,176180,176170,176159,176169,175054
12,176360,176393,176382,176393,175275
11,176590,176615,176605,176617,175496
1,176860,176838,176828,176841,175716
2,177090,177061,177051,177065,175937
4,177310,177284,177274,177289,176158
6,177540,177506,177497,177513,176379
3,177710,177729,177720,177738,176600
8,177920,177952,177943,177962,176820
5,178140,178175,178166,178186,177041
10,178340,178397,178389,178410,177262
7,178620,178620,178611,178634,177483
12,178850,178843,178834,178858,177703
9,179090,179066,179057,179082,177924
11,179320,179288,179280,179306,178145
2,179770,179734,179718,179704,178587
1,179960,179955,179941,179928,178807
6,180180,180176,180163,180151,179028
4,180420,180397,180386,180375,179249
8,180600,180618,180609,180598,179470
3,180830,180839,180831,180822,179691
10,181010,181060,181054,181045,179911
5,181250,181282,181277,181268,180132
12,181500,181503,181499,181492,180353
7,181680,181724,181722,181715,180574
11,181930,181945,181945,181939,180795
9,182150,182166,182167,182162,181015
2,182390,182387,182390,182386,181236
6,182630,182608,182613,182609,181457
1,182850,182829,182836,182833,181678
4,183050,183050,183058,183056,181898
3,183330,183271,183281,183280,182119
8,183500,183492,183504,183503,182340
5,183690,183714,183726,183727,182561
10,183860,183935,183949,183950,182782
7,184180,184156,184172,184174,183002
12,184370,184377,184394,184397,183223
9,184590,184598,184617,184621,183444
11,184860,184819,184840,184844,183665
6,185320,185272,185278,185260,184106
2,185510,185494,185501,185484,184327
4,185740,185717,185723,185707,184548
1,185950,185940,185946,185931,184769
8,186150,186163,186168,186155,184990
3,186360,186385,186391,186378,185210
10,186540,186608,186614,186602,185431
5,186770,186831,186836,186826,185652
12,187040,187054,187059,187049,185873
7,187250,187276,187281,187273,186093
11,187480,187499,187504,187497,186314
9,187700,187722,187726,187720,186535
6,187970,187945,187949,187944,186756
2,188170,188167,188171,188168,186977
1,188420,188390,188394,188391,187197
4,188620,188613,188616,188615,187418
8,188850,188836,188839,188839,187639
10,189020,189058,189061,189062,187860
3,189300,189281,189284,189286,188081
12,189500,189504,189506,189509,188301
5,189740,189727,189729,189733,188522
11,189960,189949,189951,189957,188743
7,190200,190172,190174,190180,188964
9,190410,190395,190396,190404,189185
2,190820,190835,190834,190814,189626
6,191050,191057,191056,191038,189847
4,191250,191279,191279,191261,190068
1,191490,191501,191501,191485,190289
10,191700,191723,191723,191708,190509
8,191960,191946,191946,191932,190730
12,192170,192168,192168,192156,190951
3,192390,192390,192390,192379,191172
11,192610,192612,192613,192603,191392
5,192870,192834,192835,192826,191613
9,193010,193056,193057,193050,191834
7,193280,193278,193280,193274,192055
6,193530,193500,193502,193497,192276
2,193740,193722,193724,193721,192496
4,193900,193944,193947,193944,192717
10,194170,194166,194169,194168,192938
1,194380,194388,194391,194392,193159
8,194550,194610,194614,194615,193380
3,194840,194832,194836,194839,193600
12,195050,195054,195058,195062,193821
5,195290,195276,195281,195286,194042
11,195480,195498,195503,195510,194263
7,195750,195720,195725,195733,194484
9,195970,195942,195948,195957,194704
2,196430,196388,196389,196368,195146
6,196620,196610,196611,196592,195367
10,196820,196832,196833,196815,195587
4,197040,197054,197055,197039,195808
8,197250,197276,197277,197263,196029
1,197480,197499,197500,197487,196250
12,197740,197721,197722,197710,196471
3,197910,197943,197944,197934,196691
11,198150,198165,198166,198158,196912
5,198380,198387,198389,198382,197133
9,198580,198609,198611,198606,197354
7,198880,198832,198833,198829,197575
2,199040,199054,199055,199053,197795
10,199250,199276,199278,199277,198016
6,199520,199498,199500,199501,198237
4,199740,199720,199722,199724,198458
1,199970,199943,199944,199948,198679
8,200100,200165,200167,200172,198899
12,200320,200387,200389,200396,199120
11,200680,200609,200611,200620,199341
3,200810,200831,200833,200843,199562
9,201040,201053,201055,201067,199782
5,201280,201276,201278,201291,200003
7,201560,201498,201500,201515,200224
10,201950,201942,201946,201932,200666
2,202190,202165,202168,202155,200886
4,202360,202388,202391,202379,201107
6,202630,202611,202613,202602,201328
8,202820,202834,202835,202826,201549
1,203040,203056,203058,203050,201770
11,203210,203279,203280,203273,201990
12,203480,203502,203502,203497,202211
9,203740,203725,203725,203720,202432
3,203980,203948,203947,203944,202653
7,204210,204170,204169,204168,202874
5,204410,204393,204391,204391,203094
2,204570,204616,204614,204615,203315
10,204810,204839,204836,204838,203536
6,205080,205062,205058,205062,203757
4,205270,205284,205281,205285,203978
8,205480,205507,205503,205509,204198
11,205740,205730,205725,205733,204419
1,205960,205953,205948,205956,204640
12,206120,206176,206170,206180,204861
3,206420,206398,206392,206403,205081
9,206630,206621,206615,206627,205302
5,206870,206844,206837,206851,205523
7,207100,207067,207059,207074,205744
10,207510,207502,207499,207490,206185
2,207720,207724,207721,207713,206406
4,207930,207946,207943,207936,206627
6,208160,208167,208165,208158,206848
11,208380,208389,208387,208381,207069
8,208590,208611,208609,208603,207289
12,208830,208833,208832,208826,207510
1,209040,209055,209054,209048,207731
9,209260,209277,209276,209271,207952
3,209520,209498,209498,209493,208173
7,209710,209720,209720,209716,208393
5,209920,209942,209942,209938,208614
10,210150,210164,210165,210161,208835
4,210390,210386,210387,210383,209056
2,210600,210607,210609,210606,209276
11,210860,210829,210831,210828,209497
6,211060,211051,211053,211051,209718
8,211250,211273,211276,211274,209939
1,211470,211495,211498,211496,210160
12,211700,211716,211720,211719,210380
9,211980,211938,211942,211941,210601
7,212160,212160,212164,212164,210822
3,212360,212382,212386,212386,211043
5,212640,212604,212609,212609,211264
4,213010,213029,213029,213008,211705
10,213210,213250,213250,213229,211926
11,213470,213470,213472,213451,212147
2,213700,213691,213693,213673,212368
8,213880,213911,213915,213895,212588
6,214100,214131,214136,214117,212809
12,214370,214352,214358,214339,213030
1,214570,214572,214579,214560,213251
7,214800,214793,214800,214782,213471
9,215040,215013,215022,215004,213692
5,215230,215233,215243,215226,213913
3,215400,215454,215465,215448,214134
10,215660,215674,215686,215670,214355
4,215900,215895,215908,215892,214575
2,216150,216115,216129,216113,214796
11,216280,216335,216351,216335,215017
6,216520,216556,216572,216557,215238
8,216740,216776,216794,216779,215459
12,216990,216997,217015,217001,215679
7,217260,217217,217237,217223,215900
1,217440,217438,217458,217444,216121
9,217680,217658,217680,217666,216342
3,217880,217878,217901,217888,216563
5,218130,218099,218123,218110,216783
4,218500,218529,218545,218518,217225
10,218700,218751,218766,218740,217446
11,219010,218972,218987,218962,217667
2,219210,219193,219208,219184,217887
8,219410,219415,219429,219406,218108
6,219630,219636,219650,219628,218329
7,219830,219857,219871,219850,218550
12,220050,220079,220092,220072,218770
9,220280,220300,220313,220294,218991
1,220530,220521,220534,220516,219212
5,220700,220743,220755,220738,219433
3,220920,220964,220976,220960,219654
4,221220,221185,221197,221182,219874
11,221410,221407,221418,221404,220095
10,221620,221628,221639,221626,220316
8,221860,221849,221860,221848,220537
2,222080,222071,222081,222070,220758
7,222330,222292,222302,222292,220978
6,222510,222513,222523,222514,221199
12,222680,222735,222744,222736,221420
1,222990,222956,222965,222958,221641
9,223190,223177,223186,223180,221862
3,223380,223399,223406,223402,222082
5,223660,223620,223627,223624,222303
11,224030,224047,224059,224029,222745
4,224260,224268,224280,224252,222965
8,224490,224489,224501,224474,223186
10,224690,224711,224721,224697,223407
7,224930,224932,224942,224920,223628
2,225150,225154,225163,225142,223849
12,225390,225375,225384,225365,224069
6,225610,225596,225604,225587,224290
9,225830,225818,225825,225810,224511
1,226040,226039,226046,226033,224732
5,226240,226261,226267,226255,224953
3,226390,226482,226487,226478,225173
4,226730,226703,226708,226700,225394
11,226830,226925,226929,226923,225615
10,227110,227146,227149,227146,225836
8,227380,227368,227370,227368,226057
2,227600,227589,227591,227591,226277
7,227830,227810,227812,227814,226498
6,228060,228032,228032,228036,226719
12,228260,228253,228253,228259,226940
9,228530,228475,228474,228481,227160
5,228700,228696,228695,228704,227381
1,228940,228917,228915,228927,227602
3,229120,229139,229136,229149,227823
11,229630,229577,229585,229568,228264
4,229830,229799,229806,229791,228485
8,230040,230021,230027,230013,228706
10,230190,230243,230248,230236,228927
7,230440,230465,230469,230459,229148
2,230660,230687,230690,230682,229368
12,230920,230909,230911,230905,229589
6,231110,231131,231132,231128,229810
5,231320,231353,231353,231351,230031
9,231610,231575,231574,231574,230252
3,231810,231797,231795,231797,230472
1,232020,232019,232016,232019,230693
11,232270,232241,232237,232242,230914
8,232450,232463,232458,232465,231135
4,232640,232685,232679,232688,231356
7,232970,232907,232900,232911,231576
10,233120,233129,233121,233134,231797
12,233360,233351,233342,233357,232018
2,233550,233573,233563,233580,232239
5,233740,233795,233784,233802,232459
6,233990,234017,234005,234025,232680
9,234250,234240,234226,234248,232901
1,234480,234462,234447,234471,233122
3,234740,234684,234668,234694,233343
8,235080,235110,235116,235100,233784
11,235300,235332,235337,235323,234005
7,235560,235554,235558,235545,234226
4,235770,235777,235779,235768,234447
12,235970,235999,236001,235991,234667
10,236230,236221,236222,236214,234888
5,236470,236443,236443,236437,235109
2,236680,236665,236664,236660,235330
9,236910,236888,236885,236883,235551
6,237130,237110,237107,237105,235771
3,237320,237332,237328,237328,235992
1,237550,237554,237549,237551,236213
11,237740,237776,237770,237774,236434
8,237980,237999,237992,237997,236654
4,238200,238221,238213,238220,236875
7,238440,238443,238434,238442,237096
10,238660,238665,238655,238665,237317
12,238880,238888,238876,238888,237538
2,239100,239110,239098,239111,237758
5,239290,239332,239319,239334,237979
6,239550,239554,239540,239557,238200
9,239800,239776,239761,239780,238421
3,240030,239999,239983,240002,238642
1,240260,240221,240204,240225,238862
8,240610,240645,240652,240635,239304
11,240850,240868,240874,240858,239525
7,241080,241090,241095,241082,239746
4,241290,241313,241317,241305,239966
12,241520,241535,241538,241528,240187
10,241780,241758,241760,241751,240408
5,241960,241981,241981,241974,240629
2,242220,242203,242203,242198,240849
9,242440,242426,242424,242421,241070
6,242640,242649,242646,242644,241291
1,242890,242871,242867,242867,241512
3,243060,243094,243089,243090,241733
8,243310,243316,243310,243314,241953
7,243560,243539,243532,243537,242174
11,243740,243762,243753,243760,242395
12,243980,243984,243974,243983,242616
4,244220,244207,244196,244207,242837
5,244410,244429,244417,244430,243057
10,244670,244652,244639,244653,243278
9,244900,244875,244860,244876,243499
2,245110,245097,245082,245099,243720
6,245290,245320,245303,245323,243941
3,245540,245543,245525,245546,244161
1,245780,245765,245746,245769,244382
7,246200,246196,246197,246185,244824
8,246440,246418,246419,246409,245045
12,246650,246640,246640,246632,245265
11,246880,246863,246862,246855,245486
5,247070,247085,247084,247078,245707
4,247320,247307,247305,247301,245928
9,247540,247529,247527,247524,246148
10,247770,247752,247749,247748,246369
6,248000,247974,247971,247971,246590
2,248170,248196,248192,248194,246811
1,248380,248418,248414,248417,247032
3,248580,248640,248636,248640,247252
8,248850,248863,248857,248863,247473
7,249100,249085,249079,249086,247694
11,249300,249307,249301,249310,247915
12,249500,249529,249522,249533,248136
4,249770,249752,249744,249756,248356
5,249970,249974,249966,249979,248577
10,250180,250196,250188,250202,248798
9,250400,250418,250409,250425,249019
6,250680,250640,250631,250648,249240
1,250890,250863,250853,250872,249460
2,251080,251085,251074,251095,249681
3,251320,251307,251296,251318,249902
7,251740,251729,251740,251730,250343
8,251970,251952,251961,251952,250564
12,252180,252174,252183,252175,250785
11,252350,252397,252405,252397,251006
5,252570,252620,252627,252620,251227
4,252870,252843,252848,252842,251447
9,253020,253066,253070,253065,251668
10,253290,253289,253292,253287,251889
1,253510,253511,253514,253510,252110
6,253750,253734,253736,253732,252331
3,253940,253957,253957,253955,252551
2,254190,254180,254179,254177,252772
7,254390,254403,254401,254400,252993
12,254620,254626,254623,254622,253214
8,254830,254849,254844,254845,253435
5,255040,255071,255066,255067,253655
11,255260,255294,255288,255290,253876
9,255520,255517,255510,255512,254097
4,255720,255740,255731,255735,254318
10,255980,255963,255953,255957,254538
6,256210,256186,256175,256180,254759
1,256440,256409,256397,256402,254980
2,256660,256631,256619,256625,255201
3,256870,256854,256840,256847,255422
12,257260,257268,257270,257251,255863
7,257450,257489,257491,257473,256084
5,257670,257710,257712,257695,256305
8,257920,257931,257934,257917,256526
9,258170,258152,258155,258140,256746
11,258370,258373,258377,258362,256967
10,258590,258594,258598,258584,257188
4,258820,258815,258819,258806,257409
1,259070,259036,259041,259028,257630
6,259290,259257,259262,259250,257850
3,259490,259478,259483,259472,258071
2,259730,259699,259705,259694,258292
7,259900,259920,259926,259916,258513
12,260110,260141,260148,260139,258734
8,260300,260362,260369,260361,258954
5,260520,260583,260590,260583,259175
11,260800,260804,260812,260805,259396
9,261060,261025,261033,261027,259617
10,261220,261245,261254,261249,259837
1,261490,261466,261476,261471,260058
4,261700,261687,261697,261693,260279
6,261900,261908,261919,261916,260500
2,262110,262129,262140,262138,260721
3,262390,262350,262361,262360,260941
12,262780,262766,262792,262769,261383
7,262940,262989,263013,262991,261604
5,263170,263211,263234,263213,261825
8,263420,263434,263455,263436,262045
9,263660,263657,263676,263658,262266
11,263910,263880,263897,263880,262487
1,264080,264102,264118,264102,262708
10,264310,264325,264339,264324,262929
6,264540,264548,264561,264546,263149
4,264780,264770,264782,264768,263370
3,264990,264993,265003,264990,263591
2,265200,265216,265224,265212,263812
12,265410,265439,265445,265434,264032
5,265620,265661,265666,265656,264253
7,265850,265884,265887,265879,264474
9,266100,266107,266108,266101,264695
8,266350,266329,266330,266323,264916
11,266560,266552,266551,266545,265136
10,266810,266775,266772,266767,265357
1,267010,266998,266993,266989,265578
6,267220,267220,267214,267211,265799
3,267460,267443,267435,267433,266020
4,267690,267666,267656,267655,266240
2,267900,267888,267877,267877,266461
5,268230,268292,268309,268283,266903
12,268490,268514,268529,268505,267124
9,268700,268736,268750,268727,267344
7,268980,268958,268971,268950,267565
11,269200,269180,269192,269172,267786
8,269390,269402,269413,269394,268007
1,269620,269624,269634,269617,268227
10,269820,269846,269855,269839,268448
3,270050,270068,270076,270061,268669
6,270290,270290,270297,270283,268890
2,270490,270512,270518,270506,269111
4,270730,270734,270738,270728,269331
12,270940,270956,270959,270950,269552
5,271190,271178,271180,271173,269773
7,271440,271400,271401,271395,269994
9,271610,271622,271622,271617,270215
11,271840,271844,271843,271840,270435
1,272040,272066,272064,272062,270656
8,272270,272288,272285,272284,270877
10,272530,272510,272506,272506,271098
6,272760,272732,272727,272729,271319
3,272940,272954,272947,272951,271539
4,273190,273176,273168,273173,271760
2,273400,273398,273389,273396,271981
5,273820,273812,273829,273808,272423
12,274030,274034,274050,274031,272643
9,274200,274257,274271,274253,272864
7,274470,274479,274492,274476,273085
1,274700,274701,274713,274698,273306
11,274950,274924,274934,274921,273526
10,275140,275146,275155,275143,273747
8,275410,275368,275376,275366,273968
3,275580,275591,275597,275589,274189
6,275800,275813,275818,275811,274410
2,276020,276035,276039,276034,274630
4,276230,276258,276260,276256,274851
5,276470,276480,276481,276479,275072
9,276740,276702,276701,276701,275293
12,276900,276925,276922,276924,275514
7,277140,277147,277143,277146,275734
11,277380,277369,277364,277369,275955
1,277590,277592,277585,277592,276176
10,277850,277814,277806,277814,276397
3,278060,278036,278027,278037,276618
8,278270,278259,278248,278259,276838
2,278450,278481,278469,278482,277059
6,278670,278703,278690,278704,277280
4,278950,278926,278911,278927,277501
9,279360,279340,279354,279340,277942
5,279570,279562,279575,279563,278163
7,279840,279785,279796,279785,278384
12,280020,280007,280017,280007,278605
1,280220,280229,280238,280229,278825
11,280410,280452,280460,280452,279046
3,280690,280674,280681,280674,279267
10,280900,280897,280902,280896,279488
2,281080,281119,281123,281118,279709
8,281310,281341,281344,281341,279929
4,281550,281564,281565,281563,280150
6,281770,281786,281786,281785,280371
5,281980,282008,282007,282007,280592
9,282200,282231,282228,282230,280813
7,282480,282453,282449,282452,281033
1,282650,282675,282670,282674,281254
12,282890,282898,282891,282896,281475
11,283110,283120,283112,283119,281696
10,283380,283342,283333,283341,281916
3,283560,283565,283554,283563,282137
8,283790,283787,283775,283785,282358
2,283980,284010,283996,284008,282579
6,284240,284232,284217,284230,282800
4,284530,284454,284438,284452,283020
9,284840,284859,284874,284858,283462
5,285030,285081,285095,285079,283683
1,285310,285303,285316,285301,283904
7,285510,285525,285537,285523,284124
11,285770,285747,285758,285745,284345
12,285970,285969,285979,285967,284566
3,286180,286191,286200,286189,284787
10,286400,286413,286421,286411,285008
2,286660,286635,286642,286633,285228
8,286840,286857,286863,286854,285449
4,287090,287080,287083,287076,285670
6,287280,287302,287304,287298,285891
9,287540,287524,287525,287520,286112
5,287730,287746,287746,287742,286332
7,288010,287968,287967,287964,286553
1,288180,288190,288188,288186,286774
11,288340,288412,288409,288408,286995
3,288640,288634,288630,288630,287215
12,288860,288856,288851,288851,287436
2,289000,289078,289072,289073,287657
10,289300,289300,289293,289295,287878
4,289580,289522,289514,289517,288099
8,289760,289744,289735,289739,288319
6,290000,289967,289956,289961,288540
5,290360,290371,290389,290368,288982
9,290560,290593,290609,290590,289203
1,290810,290815,290830,290812,289423
7,291080,291037,291051,291034,289644
3,291260,291258,291272,291256,289865
11,291510,291480,291492,291478,290086
2,291650,291702,291713,291699,290307
12,291900,291924,291934,291921,290527
4,292120,292146,292155,292143,290748
10,292370,292368,292375,292365,290969
6,292590,292590,292596,292587,291190
8,292820,292811,292817,292809,291410
5,293020,293033,293038,293031,291631
1,293250,293255,293258,293252,291852
9,293430,293477,293479,293474,292073
7,293700,293699,293700,293696,292294
11,293960,293921,293921,293918,292514
3,294130,294143,294141,294140,292735
12,294370,294364,294362,294362,292956
2,294590,294586,294583,294583,293177
10,294800,294808,294804,294805,293398
4,295010,295030,295024,295027,293618
8,295280,295252,295245,295249,293839
6,295500,295474,295466,295471,294060
1,295920,295883,295900,295876,294502
5,296080,296104,296120,296098,294722
7,296360,296326,296341,296320,294943
9,296520,296547,296562,296543,295164
3,296760,296769,296782,296765,295385
11,296960,296991,297003,296987,295605
2,297180,297212,297223,297209,295826
12,297450,297434,297444,297431,296047
4,297630,297656,297664,297653,296268
10,297860,297877,297885,297875,296489
6,298110,298099,298106,298097,296709
8,298370,298320,298326,298319,296930
5,298540,298542,298547,298541,297151
1,298780,298764,298767,298764,297372
7,299000,298985,298988,298986,297593
3,299210,299207,299209,299208,297813
9,299430,299429,299429,299430,298034
2,299640,299650,299650,299652,298255
11,299840,299872,299870,299874,298476
4,300070,300093,300091,300096,298697
12,300300,300315,300311,300318,298917
6,300570,300537,300532,300540,299138
10,300730,300758,300753,300763,299359
8,301020,300980,300973,300985,299580
1,301410,301392,301416,301400,300021
5,301610,301615,301637,301622,300242
3,301840,301838,301858,301844,300463
7,302110,302060,302079,302066,300684
2,302290,302283,302299,302288,300904
9,302480,302506,302520,302510,301125
4,302700,302729,302741,302733,301346
11,302880,302952,302961,302955,301567
6,303190,303175,303182,303177,301788
12,303390,303397,303403,303399,302008
8,303580,303620,303624,303621,302229
10,303860,303843,303844,303843,302450
1,304120,304066,304065,304065,302671
5,304320,304289,304286,304287,302892
7,304540,304512,304507,304509,303112
3,304690,304734,304727,304732,303333
9,304920,304957,304948,304954,303554
2,305180,305180,305169,305176,303775
11,305370,305403,305389,305398,303996
4,305600,305626,305610,305620,304216
12,305840,305849,305831,305842,304437
6,306090,306071,306052,306064,304658
10,306330,306294,306272,306286,304879
8,306560,306517,306493,306508,305099
5,306910,306918,306931,306913,305541
1,307120,307140,307152,307135,305762
3,307340,307362,307372,307357,305983
7,307600,307583,307593,307579,306203
2,307820,307805,307814,307801,306424
9,308010,308027,308034,308023,306645
4,308230,308248,308255,308245,306866
11,308460,308470,308476,308467,307087
6,308700,308692,308697,308689,307307
12,308940,308914,308917,308911,307528
8,309130,309135,309138,309133,307749
10,309370,309357,309359,309354,307970
1,309590,309579,309579,309576,308191
5,309800,309800,309800,309798,308411
3,310000,310022,310021,310020,308632
2,310240,310244,310241,310242,308853
7,310460,310465,310462,310464,309074
4,310690,310687,310683,310686,309294
9,310870,310909,310903,310908,309515
6,311100,311130,311124,311130,309736
11,311370,311352,311345,311352,309957
8,311570,311574,311565,311574,310178
12,311810,311795,311786,311796,310398
10,312040,312017,312007,312018,310619
5,312450,312429,312446,312428,311061
1,312650,312650,312666,312650,311282
2,312860,312872,312887,312872,311502
3,313080,313094,313107,313094,311723
4,313340,313316,313328,313316,311944
7,313580,313538,313549,313538,312165
6,313780,313760,313769,313760,312386
9,313960,313981,313990,313982,312606
8,314210,314203,314211,314204,312827
11,314400,314425,314431,314426,313048
10,314640,314647,314652,314647,313269
12,314890,314869,314873,314869,313490
5,315060,315091,315093,315091,313710
2,315280,315313,315314,315313,313931
1,315530,315534,315535,315535,314152
3,315760,315756,315755,315757,314373
7,315980,315978,315976,315979,314593
4,316180,316200,316196,316201,314814
9,316420,316422,316417,316423,315035
6,316660,316644,316638,316645,315256
11,316860,316865,316858,316867,315477
8,317070,317087,317079,317089,315697
12,317350,317309,317300,317311,315918
10,317540,317531,317520,317533,316139
2,317950,317945,317958,317943,316581
5,318140,318167,318179,318164,316801
3,318380,318388,318400,318386,317022
1,318620,318609,318620,318608,317243
4,318830,318831,318841,318830,317464
7,319080,319052,319061,319051,317685
6,319320,319273,319282,319273,317905
9,319520,319495,319502,319495,318126
8,319730,319716,319723,319716,318347
11,319940,319937,319943,319938,318568
10,320160,320159,320164,320160,318788
12,320410,320380,320385,320382,319009
2,320640,320601,320605,320603,319230
5,320820,320823,320826,320825,319451
1,321030,321044,321046,321047,319672
3,321180,321265,321267,321269,319892
4,321460,321487,321487,321490,320113
6,321680,321708,321708,321712,320334
7,321940,321929,321929,321934,320555
8,322160,322151,322149,322155,320776
9,322350,322372,322370,322377,320996
10,322590,322593,322590,322599,321217
11,322840,322815,322811,322821,321438
12,323050,323036,323031,323042,321659
5,323440,323452,323466,323439,322100
2,323710,323673,323687,323661,322321
3,323880,323894,323907,323884,322542
1,324120,324115,324127,324106,322763
6,324340,324336,324348,324328,322983
4,324560,324557,324568,324551,323204
8,324760,324779,324789,324773,323425
7,325020,325000,325009,324996,323646
10,325220,325221,325229,325218,323867
9,325420,325442,325450,325440,324087
12,325680,325663,325670,325663,324308
11,325890,325884,325891,325885,324529
2,326120,326105,326111,326107,324750
5,326340,326326,326331,326330,324971
3,326550,326548,326552,326552,325191
6,326780,326769,326772,326775,325412
1,327020,326990,326993,326997,325633
4,327210,327211,327213,327219,325854
7,327440,327432,327433,327442,326075
8,327660,327653,327654,327664,326295
9,327860,327874,327874,327887,326516
10,328030,328095,328095,328109,326737
11,328310,328316,328315,328331,326958
12,328550,328538,328535,328554,327179
5,329010,328977,328991,328976,327620
2,329260,329200,329212,329199,327841
6,329490,329422,329433,329422,328062
3,329680,329644,329653,329645,328282
4,329900,329866,329874,329868,328503
1,330110,330089,330095,330091,328724
8,330310,330311,330316,330314,328945
7,330520,330533,330537,330537,329166
10,330700,330755,330757,330760,329386
9,330940,330977,330978,330983,329607
12,331180,331200,331199,331206,329828
11,331410,331422,331420,331429,330049
5,331630,331644,331641,331652,330270
6,331910,331866,331861,331875,330490
2,332140,332089,332082,332098,330711
3,332320,332311,332303,332321,330932
1,332560,332533,332524,332545,331153
4,332760,332755,332745,332768,331374
8,332960,332977,332965,332991,331594
10,333210,333200,333186,333214,331815
7,333470,333422,333407,333437,332036
12,333610,333644,333628,333660,332257
9,333820,333866,333849,333883,332477
11,334080,334089,334069,334106,332698
6,334590,334520,334524,334517,333140
5,334780,334742,334746,334740,333361
3,334980,334964,334967,334962,333581
2,335190,335186,335188,335185,333802
4,335430,335408,335409,335408,334023
1,335620,335630,335630,335630,334244
10,335810,335852,335851,335853,334465
8,336040,336074,336073,336076,334685
12,336310,336296,336294,336298,334906
7,336550,336518,336515,336521,335127
11,336730,336740,336736,336744,335348
9,336980,336962,336957,336966,335569
5,337170,337184,337178,337189,335789
6,337440,337406,337400,337411,336010
2,337620,337628,337621,337634,336231
3,337820,337850,337842,337857,336452
4,338110,338073,338063,338079,336672
10,338310,338295,338284,338302,336893
1,338510,338517,338505,338525,337114
8,338690,338739,338727,338747,337335
7,338920,338961,338948,338970,337556
12,339210,339183,339169,339193,337776
9,339400,339405,339390,339415,337997
11,339650,339627,339611,339638,338218
6,340080,340054,340056,340047,338660
5,340280,340275,340278,340269,338880
3,340520,340497,340499,340492,339101
2,340760,340718,340720,340714,339322
10,340910,340940,340941,340936,339543
4,341190,341161,341163,341158,339764
8,341390,341383,341384,341381,339984
1,341570,341604,341605,341603,340205
12,341810,341826,341826,341825,340426
7,341990,342047,342048,342047,340647
11,342240,342269,342269,342270,340868
9,342530,342490,342490,342492,341088
6,342730,342712,342711,342714,341309
3,342970,342933,342933,342936,341530
5,343190,343155,343154,343159,341751
10,343370,343376,343375,343381,341971
2,343600,343598,343596,343603,342192
4,343830,343819,343817,343825,342413
1,344050,344041,344039,344047,342634
8,344220,344262,344260,344270,342855
12,344480,344484,344481,344492,343075
11,344650,344705,344702,344714,343296
7,344930,344927,344924,344936,343517
9,345180,345148,345145,345159,343738
3,345610,345576,345581,345563,344179
6,345830,345797,345802,345785,344400
10,346030,346018,346023,346008,344621
5,346240,346239,346244,346230,344842
4,346470,346460,346465,346452,345063
2,346670,346681,346686,346674,345283
8,346890,346902,346907,346896,345504
1,347090,347123,347128,347119,345725
11,347310,347344,347349,347341,345946
12,347540,347565,347570,347563,346166
9,347770,347786,347791,347785,346387
7,347970,348007,348012,348008,346608
6,348240,348228,348233,348230,346829
3,348500,348449,348454,348452,347050
5,348710,348670,348675,348674,347270
10,348900,348890,348896,348897,347491
2,349160,349111,349117,349119,347712
4,349360,349332,349338,349341,347933
8,349570,349553,349559,349563,348154
11,349780,349774,349780,349785,348374
1,349990,349995,350001,350008,348595
12,350160,350216,350223,350230,348816
7,350400,350437,350444,350452,349037
9,350660,350658,350665,350674,349258
3,351140,351097,351104,351087,349699
6,351360,351318,351325,351309,349920
10,351540,351539,351546,351532,350141
5,351750,351760,351767,351754,350361
4,351990,351981,351988,351976,350582
2,352200,352202,352209,352199,350803
11,352410,352423,352430,352421,351024
8,352650,352645,352651,352643,351245
12,352900,352866,352872,352866,351465
1,353080,353087,353092,353088,351686
9,353300,353308,353313,353310,351907
7,353520,353529,353534,353533,352128
3,353760,353750,353755,353755,352349
10,353990,353971,353976,353977,352569
6,354210,354192,354197,354200,352790
4,354430,354413,354418,354422,353011
5,354670,354635,354639,354644,353232
11,354840,354856,354860,354867,353453
2,355060,355077,355081,355089,353673
8,355260,355298,355302,355311,353894
1,355530,355519,355523,355534,354115
12,355700,355740,355744,355756,354336
7,355980,355961,355965,355978,354557
9,356180,356182,356185,356201,354777
10,356630,356618,356626,356607,355219
3,356860,356839,356847,356830,355440
4,357080,357060,357068,357052,355660
6,357300,357282,357288,357275,355881
11,357540,357503,357509,357497,356102
5,357770,357724,357730,357719,356323
8,357910,357946,357951,357942,356544
2,358160,358167,358172,358164,356764
12,358380,358388,358393,358387,356985
1,358570,358610,358614,358609,357206
9,358760,358831,358835,358831,357427
7,359050,359052,359055,359054,357648
3,359280,359273,359276,359276,357868
10,359510,359495,359497,359499,358089
6,359720,359716,359718,359721,358310
4,359990,359937,359939,359943,358531
5,360190,360159,360160,360166,358752
11,360390,360380,360381,360388,358972
2,360540,360601,360602,360611,359193
8,360820,360822,360823,360833,359414
12,361030,361044,361043,361055,359635
9,361230,361265,361264,361278,359855
1,361510,361486,361485,361500,360076
7,361740,361708,361706,361723,360297
10,362130,362140,362150,362137,360739
3,362370,362362,362371,362359,360959
4,362610,362584,362592,362581,361180
6,362850,362806,362813,362804,361401
11,363020,363028,363034,363026,361622
5,363250,363250,363255,363248,361843
8,363470,363472,363476,363470,362063
2,363680,363694,363697,363693,362284
9,363890,363916,363918,363915,362505
12,364150,364138,364139,364137,362726
7,364320,364360,364360,364360,362947
1,364580,364582,364581,364582,363167
10,364770,364803,364802,364804,363388
4,365070,365025,365023,365026,363609
3,365260,365247,365244,365249,363830
11,365450,365469,365465,365471,364050
6,365680,365691,365686,365693,364271
8,365910,365913,365907,365915,364492
5,366140,366135,366128,366138,364713
9,366320,366357,366349,366360,364934
2,366580,366579,366570,366582,365154
12,366780,366801,366791,366804,365375
1,367030,367023,367012,367027,365596
7,367320,367245,367233,367249,365817
4,367650,367667,367671,367653,366258
10,367870,367888,367892,367875,366479
11,368090,368109,368112,368097,366700
3,368340,368330,368333,368319,366921
8,368540,368551,368554,368541,367142
6,368740,368772,368775,368763,367362
9,368980,368993,368996,368986,367583
5,369250,369214,369217,369208,367804
12,369440,369435,369438,369430,368025
2,369630,369657,369659,369652,368246
7,369920,369878,369879,369874,368466
1,370110,370099,370100,370096,368687
10,370310,370320,370321,370318,368908
4,370560,370541,370542,370540,369129
3,370770,370762,370763,370762,369349
11,370980,370983,370984,370984,369570
6,371170,371204,371205,371206,369791
8,371440,371425,371426,371429,370012
5,371670,371646,371646,371651,370233
9,371880,371867,371867,371873,370453
2,372090,372088,372088,372095,370674
12,372290,372309,372309,372317,370895
7,372500,372530,372530,372539,371116
1,372750,372751,372751,372761,371337
4,373170,373183,373190,373170,371778
10,373420,373404,373410,373393,371999
11,373650,373625,373631,373615,372220
3,373880,373846,373852,373837,372441
8,374080,374067,374073,374059,372661
6,374330,374289,374294,374282,372882
9,374500,374510,374514,374504,373103
5,374720,374731,374735,374726,373324
12,374950,374952,374956,374949,373544
2,375120,375173,375177,375171,373765
1,375380,375394,375398,375393,373986
7,375560,375615,375618,375616,374207
4,375830,375836,375839,375838,374428
11,376060,376057,376060,376060,374648
10,376300,376278,376281,376282,374869
8,376520,376499,376502,376505,375090
3,376700,376721,376722,376727,375311
9,376950,376942,376943,376949,375532
6,377190,377163,377164,377172,375752
12,377380,377384,377385,377394,375973
5,377600,377605,377606,377616,376194
2,377820,377826,377826,377839,376415
7,378050,378047,378047,378061,376636
1,378280,378268,378268,378283,376856
11,378740,378697,378711,378688,377298
4,378930,378919,378932,378911,377519
8,379160,379141,379153,379134,377739
10,379340,379363,379374,379357,377960
9,379580,379586,379595,379580,378181
3,379820,379808,379816,379802,378402
12,380040,380030,380037,380025,378623
6,380260,380252,380257,380248,378843
2,380440,380474,380478,380471,379064
5,380620,380696,380699,380694,379285
1,380880,380919,380920,380917,379506
7,381160,381141,381141,381140,379727
4,381360,381363,381362,381363,379947
11,381530,381585,381583,381586,380168
10,381790,381807,381804,381808,380389
8,382030,382029,382025,382031,380610
3,382290,382251,382245,382254,380831
9,382490,382474,382466,382477,381051
6,382700,382696,382687,382700,381272
12,382930,382918,382908,382923,381493
2,383140,383140,383129,383146,381714
1,383370,383362,383350,383369,381935
5,383570,383584,383571,383592,382155
7,383860,383806,383792,383815,382376
11,384250,384234,384247,384235,382818
4,384440,384457,384469,384458,383038
8,384640,384681,384690,384681,383259
10,384890,384904,384911,384904,383480
9,385100,385127,385133,385127,383701
3,385330,385350,385354,385350,383922
12,385560,385573,385575,385573,384142
6,385860,385797,385797,385796,384363
1,386060,386020,386018,386020,384584
2,386250,386243,386239,386243,384805
7,386470,386466,386461,386466,385026
5,386690,386689,386682,386689,385246
11,386910,386913,386903,386912,385467
8,387160,387136,387125,387135,385688
4,387360,387359,387346,387358,385909
9,387550,387582,387568,387581,386130
10,387780,387805,387789,387804,386350
12,388030,388029,388010,388028,386571
3,388260,388252,388232,388251,386792
6,388490,388475,388453,388474,387013
2,388680,388698,388674,388697,387233
1,388930,388921,388896,388920,387454
5,389140,389145,389117,389143,387675
7,389380,389368,389338,389366,387896
8,389750,389785,389786,389775,388337
11,389990,390007,390007,389998,388558
9,390190,390229,390229,390220,388779
4,390470,390451,390450,390443,389000
12,390700,390673,390672,390666,389221
10,390920,390895,390893,390888,389441
6,391140,391117,391115,391111,389662
3,391340,391339,391336,391334,389883
1,391570,391561,391558,391556,390104
2,391770,391783,391780,391779,390325
7,392000,392005,392001,392002,390545
5,392220,392227,392223,392224,390766
11,392400,392449,392444,392447,390987
8,392650,392671,392666,392670,391208
4,392900,392893,392887,392893,391428
9,393120,393115,393109,393115,391649
10,393340,393338,393330,393338,391870
12,393540,393560,393552,393561,392091
6,393770,393782,393773,393783,392312
1,394020,394004,393995,394006,392532
3,394210,394226,394216,394229,392753
2,394500,394448,394438,394451,392974
5,394670,394670,394659,394674,393195
7,394880,394892,394881,394897,393416
8,395290,395311,395320,395303,393857
11,395530,395533,395541,395526,394078
9,395710,395755,395763,395749,394299
4,395980,395977,395984,395971,394520
12,396230,396199,396206,396194,394740
10,396450,396421,396427,396416,394961
1,396650,396643,396649,396639,395182
6,396890,396866,396870,396861,395403
2,397110,397088,397092,397084,395624
3,397270,397310,397313,397306,395844
7,397500,397532,397534,397529,396065
5,397710,397754,397756,397752,396286
8,397960,397976,397977,397974,396507
9,398170,398198,398199,398197,396727
11,398380,398420,398420,398419,396948
12,398660,398642,398642,398642,397169
4,398880,398864,398863,398864,397390
10,399100,399086,399085,399087,397611
6,399330,399309,399306,399310,397831
1,399550,399531,399528,399532,398052
2,399770,399753,399749,399755,398273
7,399990,399975,399970,399977,398494
3,400190,400197,400192,400200,398715
5,400410,400419,400413,400422,398935
9,400840,400842,400852,400837,399377
8,401070,401064,401073,401060,399598
12,401280,401286,401294,401282,399819
11,401470,401507,401516,401504,400039
10,401750,401729,401737,401726,400260
4,401940,401951,401958,401949,400481
1,402200,402173,402180,402171,400702
6,402430,402395,402401,402393,400922
7,402600,402617,402622,402615,401143
2,402860,402839,402844,402838,401364
5,403000,403061,403065,403060,401585
3,403290,403283,403286,403282,401806
8,403500,403505,403508,403504,402026
9,403700,403727,403729,403727,402247
11,403910,403949,403950,403949,402468
12,404180,404170,404172,404171,402689
10,404420,404392,404393,404393,402910
1,404680,404614,404614,404616,403130
4,404850,404836,404836,404838,403351
6,405050,405058,405057,405060,403572
2,405270,405280,405279,405282,403793
7,405520,405502,405500,405505,404014
3,405710,405724,405721,405727,404234
5,405920,405946,405943,405949,404455
9,406330,406366,406372,406352,404897
8,406580,406587,406593,406574,405118
12,406810,406808,406814,406796,405338
11,407020,407028,407035,407018,405559
1,407260,407249,407256,407240,405780
10,407470,407470,407477,407462,406001
6,407720,407691,407698,407684,406221
4,408000,407912,407919,407906,406442
7,408160,408132,408140,408128,406663
2,408330,408353,408361,408350,406884
5,408510,408574,408582,408572,407105
3,408800,408795,408803,408794,407325
9,408970,409016,409024,409016,407546
12,409220,409236,409245,409237,407767
8,409470,409457,409466,409459,407988
11,409670,409678,409687,409681,408209
10,409890,409899,409908,409903,408429
1,410130,410120,410129,410125,408650
6,410340,410340,410350,410347,408871
7,410620,410561,410571,410569,409092
4,410780,410782,410792,410791,409313
5,411000,411003,411013,411013,409533
2,411200,411224,411234,411235,409754
3,411430,411444,411455,411457,409975
12,411880,411869,411887,411871,410416
9,412030,412091,412108,412093,410637
11,412330,412312,412329,412314,410858
8,412550,412534,412550,412536,411079
1,412760,412756,412770,412757,411300
10,412980,412978,412991,412979,411520
7,413230,413199,413212,413200,411741
6,413460,413421,413433,413422,411962
5,413630,413643,413653,413643,412183
4,413860,413865,413874,413865,412404
3,414060,414086,414095,414086,412624
2,414270,414308,414316,414308,412845
9,414510,414530,414536,414530,413066
12,414730,414752,414757,414751,413287
11,414950,414973,414978,414973,413508
1,415220,415195,415199,415194,413728
8,415420,415417,415420,415416,413949
10,415650,415639,415640,415637,414170
6,415860,415860,415861,415859,414391
7,416100,416082,416082,416080,414611
4,416320,416304,416303,416302,414832
5,416550,416526,416523,416523,415053
2,416740,416747,416744,416745,415274
3,416960,416969,416965,416966,415495
12,417320,417378,417390,417369,415936
9,417550,417599,417610,417590,416157
1,417830,417819,417830,417811,416378
11,418020,418040,418051,418032,416599
10,418250,418260,418271,418253,416819
8,418490,418481,418491,418474,417040
7,418750,418701,418712,418695,417261
6,418950,418922,418932,418916,417482
5,419150,419143,419152,419137,417703
4,419340,419363,419373,419358,417923
3,419600,419584,419593,419579,418144
2,419830,419804,419813,419800,418365
12,419950,420025,420033,420021,418586
9,420250,420246,420254,420242,418807
11,420470,420466,420474,420463,419027
1,420670,420687,420694,420685,419248
10,420900,420907,420915,420906,419469
7,421130,421128,421135,421127,419690
8,421370,421349,421355,421348,419910
5,421540,421569,421576,421569,420131
6,421770,421790,421796,421790,420352
3,422020,422010,422016,422011,420573
4,422240,422231,422237,422232,420794
2,422470,422452,422457,422453,421014
9,422800,422864,422883,422860,421456
12,423080,423085,423103,423081,421677
1,423310,423306,423323,423302,421898
11,423530,423526,423543,423523,422118
7,423780,423747,423763,423744,422339
10,423990,423968,423983,423965,422560
5,424170,424189,424203,424186,422781
8,424380,424410,424423,424407,423002
3,424610,424631,424643,424628,423222
6,424850,424851,424863,424849,423443
2,425060,425072,425082,425069,423664
4,425300,425293,425302,425290,423885
9,425500,425514,425522,425511,424105
1,425750,425735,425742,425732,424326
12,425930,425956,425962,425953,424547
11,426140,426176,426182,426174,424768
10,426410,426397,426402,426395,424989
7,426670,426618,426622,426616,425209
8,426840,426839,426842,426837,425430
5,427070,427060,427062,427058,425651
6,427310,427281,427282,427279,425872
3,427490,427501,427502,427500,426093
4,427720,427722,427722,427721,426313
2,427930,427943,427942,427942,426534
1,428370,428354,428370,428342,426976
9,428560,428574,428590,428563,427197
11,428750,428795,428809,428785,427417
12,429000,429015,429029,429006,427638
7,429250,429236,429249,429227,427859
10,429450,429456,429468,429449,428080
5,429670,429677,429688,429670,428300
8,429920,429897,429908,429891,428521
3,430140,430118,430127,430112,428742
6,430350,430338,430347,430334,428963
2,430520,430559,430567,430555,429184
4,430740,430779,430787,430776,429404
9,430990,431000,431006,430998,429625
1,431220,431220,431226,431219,429846
11,431440,431440,431446,431440,430067
7,431670,431661,431665,431662,430288
12,431870,431881,431885,431883,430508
5,432140,432102,432105,432104,430729
10,432330,432322,432324,432326,430950
3,432520,432543,432544,432547,431171
8,432780,432763,432764,432768,431392
2,432970,432984,432983,432990,431612
6,433170,433204,433203,433211,431833
4,433470,433425,433423,433432,432054
1,433860,433838,433867,433848,432496
9,434040,434060,434087,434069,432716
7,434290,434283,434307,434291,432937
11,434490,434506,434527,434513,433158
5,434710,434728,434746,434734,433379
12,434940,434951,434966,434956,433599
3,435150,435174,435186,435177,433820
10,435410,435396,435406,435399,434041
2,435600,435619,435626,435621,434262
8,435810,435842,435846,435842,434483
4,436070,436064,436066,436064,434703
6,436290,436287,436286,436285,434924
1,436540,436510,436506,436507,435145
9,436720,436732,436726,436729,435366
11,436930,436955,436946,436950,435587
7,437130,437178,437166,437172,435807
12,437420,437400,437386,437394,436028
5,437600,437623,437606,437615,436249
10,437850,437846,437826,437837,436470
3,438090,438068,438046,438058,436691
8,438270,438291,438265,438280,436911
2,438520,438513,438485,438502,437132
6,438760,438736,438705,438723,437353
4,439020,438959,438925,438945,437574
9,439380,439358,439367,439349,438015
1,439600,439579,439587,439571,438236
7,439760,439800,439807,439792,438457
11,440000,440021,440027,440014,438678
5,440200,440243,440247,440235,438898
12,440460,440464,440467,440457,439119
3,440650,440685,440687,440679,439340
10,440880,440906,440907,440900,439561
2,441120,441127,441127,441122,439782
8,441350,441348,441347,441343,440002
4,441580,441569,441567,441565,440223
6,441820,441791,441787,441786,440444
1,442030,442012,442007,442008,440665
9,442230,442233,442227,442229,440886
7,442460,442454,442448,442451,441106
5,442660,442675,442668,442672,441327
11,442870,442896,442888,442894,441548
3,443090,443117,443108,443116,441769
12,443330,443339,443328,443337,441989
2,443570,443560,443548,443559,442210
10,443760,443781,443768,443780,442431
4,444060,444002,443988,444002,442652
8,444230,444223,444208,444223,442873
6,444440,444444,444428,444445,443093
9,444900,444853,444871,444852,443535
1,445090,445075,445091,445074,443756
5,445290,445297,445311,445295,443977
7,445520,445519,445531,445517,444197
3,445750,445740,445751,445739,444418
11,445960,445962,445972,445961,444639
2,446140,446184,446192,446183,444860
12,446390,446406,446412,446405,445081
4,446610,446628,446632,446626,445301
10,446870,446850,446852,446848,445522
6,446990,447071,447073,447070,445743
8,447290,447293,447293,447292,445964
9,447510,447515,447513,447514,446185
5,447700,447737,447733,447736,446405
1,447940,447959,447953,447958,446626
7,448160,448181,448174,448179,446847
11,448420,448402,448394,448401,447068
3,448650,448624,448614,448623,447288
12,448850,448846,448834,448845,447509
2,449070,449068,449054,449067,447730
10,449320,449290,449275,449289,447951
4,449550,449512,449495,449510,448172
8,449740,449733,449715,449732,448392
6,449960,449955,449935,449954,448613
5,450360,450371,450381,450365,449055
9,450570,450592,450601,450587,449276
7,450830,450813,450822,450809,449496
1,451050,451035,451042,451031,449717
3,451270,451256,451262,451253,449938
11,451530,451478,451483,451475,450159
2,451680,451699,451703,451697,450380
12,451920,451920,451923,451919,450600
4,452150,452142,452144,452141,450821
10,452360,452363,452364,452363,451042
6,452590,452585,452584,452585,451263
8,452830,452806,452805,452807,451483
5,453030,453027,453025,453029,451704
9,453250,453249,453246,453251,451925
1,453490,453470,453466,453473,452146
7,453690,453692,453686,453695,452367
3,453880,453913,453907,453917,452587
2,454110,454135,454127,454140,452808
11,454370,454356,454347,454362,453029
4,454600,454577,454568,454584,453250
12,454760,454799,454788,454806,453471
6,455000,455020,455009,455028,453691
10,455210,455242,455229,455250,453912
8,455510,455463,455449,455472,454133
9,455900,455874,455895,455879,454575
5,456100,456097,456116,456101,454795
7,456360,456319,456336,456323,455016
1,456560,456542,456557,456546,455237
2,456760,456765,456778,456768,455458
3,456940,456987,456998,456990,455678
4,457180,457210,457219,457212,455899
11,457410,457433,457439,457434,456120
6,457640,457655,457660,457656,456341
12,457880,457878,457881,457878,456562
8,458070,458101,458101,458101,456782
10,458340,458323,458322,458323,457003
5,458510,458546,458542,458545,457224
9,458770,458769,458763,458767,457445
7,459020,458991,458984,458989,457666
2,459200,459214,459204,459211,457886
1,459430,459437,459425,459433,458107
3,459630,459659,459645,459656,458328
11,459860,459882,459866,459878,458549
4,460090,460105,460087,460100,458770
12,460340,460327,460307,460322,458990
6,460580,460550,460528,460544,459211
10,460790,460773,460748,460766,459432
8,461050,460995,460969,460988,459653
9,461400,461406,461414,461400,460094
5,461620,461628,461635,461622,460315
2,461860,461849,461855,461844,460536
7,462090,462071,462076,462067,460757
3,462280,462292,462297,462289,460977
1,462520,462514,462518,462511,461198
4,462730,462736,462738,462733,461419
11,462950,462957,462959,462955,461640
6,463200,463179,463180,463177,461861
12,463420,463400,463401,463399,462081
8,463620,463622,463621,463621,462302
10,463860,463843,463842,463844,462523
9,464060,464065,464063,464066,462744
2,464290,464287,464283,464288,462965
5,464500,464508,464504,464510,463185
7,464770,464730,464725,464732,463406
1,464950,464951,464946,464954,463627
3,465130,465173,465166,465176,463848
4,465380,465394,465387,465398,464069
6,465620,465616,465608,465620,464289
11,465810,465838,465829,465843,464510
8,466050,466059,466049,466065,464731
12,466270,466281,466270,466287,464952
10,466530,466502,466491,466509,465172
2,466950,466917,466931,466912,465614
9,467100,467139,467152,467134,465835
7,467390,467360,467373,467356,466056
5,467600,467582,467594,467579,466276
3,467800,467804,467814,467801,466497
1,468040,468026,468035,468023,466718
6,468260,468248,468256,468246,466939
4,468460,468470,468477,468468,467160
8,468670,468692,468697,468690,467380
11,468890,468913,468918,468913,467601
10,469090,469135,469139,469135,467822
12,469370,469357,469360,469358,468043
9,469570,469579,469580,469580,468264
2,469820,469801,469801,469802,468484
5,470030,470023,470022,470025,468705
7,470260,470245,470243,470247,468926
3,470460,470466,470463,470469,469147
6,470700,470688,470684,470692,469367
1,470930,470910,470905,470914,469588
4,471120,471132,471126,471137,469809
11,471330,471354,471346,471359,470030
8,471580,471576,471567,471581,470251
12,471810,471798,471788,471804,470471
10,472020,472019,472009,472026,470692
2,472500,472444,472457,472442,471134
9,472700,472666,472678,472665,471355
7,472870,472888,472899,472887,471575
5,473100,473111,473120,473110,471796
6,473370,473333,473341,473333,472017
3,473560,473555,473561,473555,472238
4,473780,473777,473782,473778,472459
1,474000,473999,474003,474000,472679
8,474190,474221,474224,474223,472900
11,474450,474443,474445,474446,473121
10,474650,474665,474666,474668,473342
12,474910,474887,474887,474891,473563
2,475110,475109,475108,475113,473783
7,475300,475331,475329,475336,474004
9,475570,475554,475550,475559,474225
6,475780,475776,475771,475781,474446
5,476020,475998,475992,476004,474666
3,476230,476220,476213,476226,474887
1,476460,476442,476434,476449,475108
4,476670,476664,476655,476672,475329
8,476890,476886,476876,476894,475550
10,477080,477108,477096,477117,475770
11,477310,477330,477317,477339,475991
12,477550,477552,477538,477562,476212
7,477940,477973,477984,477968,476654
2,478220,478195,478205,478191,476874
6,478450,478417,478426,478413,477095
9,478650,478639,478647,478636,477316
3,478900,478861,478868,478858,477537
5,479090,479083,479089,479081,477758
4,479310,479305,479310,479303,477978
1,479540,479527,479531,479526,478199
10,479700,479749,479752,479749,478420
8,479960,479971,479973,479971,478641
12,480190,480193,480194,480194,478861
11,480410,480415,480415,480416,479082
2,480630,480637,480636,480639,479303
7,480870,480859,480857,480861,479524
9,481100,481081,481078,481084,479745
6,481310,481303,481299,481306,479965
5,481520,481524,481520,481529,480186
3,481750,481746,481741,481752,480407
4,481970,481968,481962,481974,480628
10,482200,482190,482183,482197,480849
1,482420,482412,482404,482419,481069
8,482580,482634,482625,482642,481290
11,482850,482856,482846,482864,481511
12,483100,483078,483068,483087,481732
7,483530,483501,483514,483498,482173
2,483760,483723,483735,483721,482394
6,483980,483945,483956,483944,482615
9,484150,484168,484177,484167,482836
3,484360,484390,484398,484389,483056
5,484600,484612,484620,484612,483277
10,484830,484835,484841,484835,483498
4,485040,485057,485062,485057,483719
8,485260,485280,485283,485280,483940
1,485460,485502,485504,485503,484160
12,485780,485724,485726,485726,484381
11,485950,485947,485947,485948,484602
7,486130,486169,486168,486171,484823
6,486410,486392,486389,486394,485044
2,486650,486614,486610,486616,485264
3,486840,486836,486832,486839,485485
9,487010,487059,487053,487062,485706
10,487310,487281,487274,487284,485927
5,487570,487503,487495,487507,486148
4,487750,487726,487716,487730,486368
1,487960,487948,487938,487953,486589
8,488110,488171,488159,488175,486810
11,488350,488393,488380,488398,487031
12,488640,488615,488601,488621,487252
6,489080,489037,489046,489031,487693
7,489270,489259,489267,489253,487914
3,489500,489481,489489,489476,488135
2,489710,489703,489710,489699,488355
10,489950,489925,489931,489922,488576
9,490100,490147,490152,490144,488797
4,490350,490369,490374,490367,489018
5,490600,490591,490595,490590,489239
8,490820,490814,490816,490813,489459
1,491020,491036,491037,491035,489680
12,491260,491258,491259,491258,489901
11,491460,491480,491480,491481,490122
7,491710,491702,491701,491703,490343
6,491940,491924,491923,491926,490563
2,492140,492146,492144,492149,490784
3,492350,492368,492365,492372,491005
9,492570,492590,492586,492594,491226
10,492820,492812,492808,492817,491447
5,493070,493034,493029,493040,491667
4,493230,493256,493250,493263,491888
8,493480,493478,493471,493485,492109
12,493710,493700,493693,493708,492330
1,493920,493922,493914,493931,492550
11,494150,494144,494135,494153,492771
6,494600,494574,494579,494568,493213
7,494810,494795,494800,494790,493434
3,495040,495017,495021,495012,493654
2,495310,495238,495243,495235,493875
10,495430,495460,495464,495457,494096
9,495700,495681,495685,495680,494317
4,495910,495903,495907,495902,494538
5,496120,496125,496128,496124,494758
12,496340,496346,496349,496347,494979
8,496540,496568,496570,496569,495200
11,496780,496789,496792,496791,495421
1,496990,497011,497013,497014,495642
6,497260,497232,497234,497236,495862
3,497460,497454,497456,497459,496083
7,497680,497676,497677,497681,496304
10,497910,497897,497898,497903,496525
2,498090,498119,498119,498126,496745
4,498370,498340,498341,498348,496966
9,498560,498562,498562,498570,497187
12,498760,498783,498783,498793,497408
5,498990,499005,499004,499015,497629
8,499210,499226,499226,499238,497849
1,499440,499448,499447,499460,498070
11,499700,499670,499668,499682,498291
3,500140,500098,500103,500088,498733
6,500350,500319,500324,500310,498953
10,500540,500540,500545,500532,499174
7,500780,500761,500766,500754,499395
4,500980,500981,500987,500976,499616
2,501200,501202,501208,501198,499837
12,501440,501423,501429,501420,500057
9,501640,501644,501650,501642,500278
8,501860,501865,501871,501863,500499
5,502050,502086,502092,502085,500720
11,502250,502306,502313,502307,500941
1,502490,502527,502534,502529,501161
6,502770,502748,502755,502751,501382
3,503000,502969,502976,502973,501603
7,503230,503190,503197,503195,501824
10,503440,503411,503418,503417,502044
2,503640,503631,503639,503638,502265
4,503840,503852,503860,503860,502486
9,504080,504073,504081,504082,502707
12,504310,504294,504302,504304,502928
5,504480,504515,504523,504526,503148
8,504720,504736,504744,504748,503369
11,504950,504957,504965,504970,503590
1,505180,505177,505186,505192,503811
3,505630,505605,505617,505601,504252
6,505850,505826,505838,505822,504473
10,506070,506047,506059,506044,504694
7,506290,506268,506280,506265,504915
4,506490,506489,506500,506487,505136
2,506730,506710,506721,506708,505356
12,506930,506931,506942,506930,505577
9,507150,507152,507162,507151,505798
8,507360,507373,507383,507373,506019
5,507570,507594,507604,507594,506239
1,507790,507815,507825,507816,506460
11,507960,508036,508045,508037,506681
3,508260,508257,508266,508259,506902
10,508480,508478,508487,508480,507123
6,508720,508699,508707,508702,507343
4,508960,508920,508928,508923,507564
7,509120,509141,509149,509145,507785
12,509360,509362,509369,509366,508006
2,509550,509583,509590,509588,508227
8,509810,509804,509811,509809,508447
9,509990,510025,510032,510031,508668
5,510240,510246,510252,510252,508889
11,510510,510467,510473,510474,509110
1,510730,510688,510694,510695,509331
10,511110,511109,511121,511097,509772
3,511360,511330,511341,511319,509993
4,511580,511550,511562,511540,510214
6,511770,511771,511782,511762,510434
12,512000,511991,512002,511983,510655
7,512160,512212,512223,512205,510876
8,512410,512432,512443,512426,511097
2,512660,512653,512663,512648,511318
5,512860,512874,512884,512869,511538
9,513070,513094,513104,513091,511759
1,513290,513315,513324,513312,511980
11,513500,513535,513545,513534,512201
3,513740,513756,513765,513755,512422
10,514010,513976,513985,513977,512642
6,514220,514197,514206,514198,512863
4,514490,514417,514426,514420,513084
7,514630,514638,514646,514641,513305
12,514860,514858,514866,514863,513526
2,515050,515079,515087,515084,513746
8,515280,515300,515307,515306,513967
5,515500,515520,515527,515527,514188
1,515740,515741,515748,515749,514409
9,515970,515961,515968,515970,514630
11,516210,516182,516188,516192,514850
10,516650,516610,516624,516602,515292
3,516830,516831,516845,516824,515513
4,517100,517052,517065,517046,515733
6,517280,517273,517285,517268,515954
12,517500,517494,517505,517489,516175
7,517700,517715,517725,517711,516396
8,517930,517936,517946,517933,516617
2,518110,518157,518166,518155,516837
1,518360,518378,518386,518377,517058
5,518550,518599,518606,518598,517279
11,518780,518820,518826,518820,517500
9,519050,519041,519047,519042,517721
10,519290,519262,519267,519264,517941
4,519500,519484,519487,519486,518162
3,519690,519705,519707,519707,518383
12,519990,519926,519928,519929,518604
6,520150,520147,520148,520151,518825
8,520360,520368,520368,520373,519045
7,520570,520589,520588,520595,519266
2,520830,520810,520808,520816,519487
5,521030,521031,521029,521038,519708
1,521260,521252,521249,521260,519928
9,521430,521473,521469,521482,520149
11,521730,521694,521689,521704,520370
4,522100,522118,522131,522115,520812
10,522340,522339,522351,522336,521032
12,522590,522561,522571,522558,521253
3,522760,522782,522792,522780,521474
8,523020,523004,523012,523001,521695
6,523260,523225,523232,523223,521916
2,523490,523446,523452,523445,522136
7,523660,523668,523673,523666,522357
1,523860,523889,523893,523888,522578
5,524070,524111,524113,524110,522799
11,524290,524332,524334,524331,523020
9,524550,524553,524554,524553,523240
10,524750,524775,524774,524775,523461
4,524990,524996,524994,524996,523682
3,525260,525218,525215,525218,523903
12,525420,525439,525435,525440,524123
6,525640,525660,525655,525661,524344
8,525890,525882,525876,525883,524565
2,526100,526103,526096,526105,524786
1,526340,526325,526316,526326,525007
7,526570,526546,526536,526548,525227
5,526780,526767,526757,526770,525448
9,527000,526989,526977,526991,525669
11,527200,527210,527197,527213,525890
4,527600,527625,527635,527616,526331
10,527810,527846,527856,527838,526552
12,528080,528067,528076,528059,526773
3,528270,528288,528296,528281,526994
8,528520,528509,528516,528503,527215
6,528750,528731,528737,528724,527435
1,528950,528952,528957,528946,527656
2,529180,529173,529177,529168,527877
5,529370,529394,529398,529390,528098
7,529600,529615,529618,529611,528319
11,529810,529837,529838,529833,528539
9,530050,530058,530058,530055,528760
4,530290,530279,530279,530276,528981
12,530500,530500,530499,530498,529202
10,530720,530721,530719,530720,529422
8,530970,530942,530939,530941,529643
3,531150,531164,531160,531163,529864
6,531370,531385,531380,531385,530085
2,531610,531606,531600,531606,530306
1,531830,531827,531821,531828,530526
5,532050,532048,532041,532050,530747
11,532280,532269,532261,532271,530968
7,532500,532491,532481,532493,531189
9,532710,532712,532702,532715,531410
12,533150,533140,533143,533131,531851
4,533350,533360,533363,533352,532072
8,533580,533581,533584,533574,532293
10,533830,533801,533804,533795,532514
6,534050,534022,534024,534017,532734
3,534290,534242,534245,534238,532955
1,534480,534463,534465,534460,533176
2,534690,534683,534685,534681,533397
11,534880,534904,534905,534902,533617
5,535140,535124,535126,535124,533838
9,535310,535345,535346,535345,534059
7,535530,535565,535566,535567,534280
4,535790,535786,535787,535788,534501
12,536000,536006,536007,536010,534721
10,536230,536227,536227,536231,534942
8,536470,536447,536447,536453,535163
6,536640,536668,536668,536674,535384
1,536890,536888,536888,536895,535605
3,537120,537109,537108,537117,535825
2,537310,537329,537329,537338,536046
5,537550,537550,537549,537560,536267
11,537760,537770,537769,537781,536488
7,538030,537991,537989,538003,536709
9,538190,538211,538210,538224,536929
12,538640,538630,538642,538620,537371
4,538860,538851,538862,538842,537592
8,539060,539072,539083,539063,537812
10,539310,539293,539303,539285,538033
1,539540,539513,539523,539506,538254
6,539740,539734,539743,539728,538475
2,539950,539955,539963,539949,538696
3,540120,540175,540183,540171,538916
11,540340,540396,540403,540392,539137
5,540550,540617,540623,540613,539358
9,540790,540838,540843,540835,539579
7,541100,541058,541063,541056,539800
12,541300,541279,541284,541278,540020
8,541510,541500,541504,541499,540241
4,541710,541720,541724,541721,540462
10,541950,541941,541944,541942,540683
6,542180,542162,542164,542164,540904
1,542440,542383,542384,542385,541124
2,542600,542603,542604,542607,541345
11,542840,542824,542824,542828,541566
3,543020,543045,543044,543050,541787
9,543280,543265,543264,543271,542008
5,543470,543486,543484,543492,542228
7,543710,543707,543705,543714,542449
8,544140,544137,544147,544129,542891
12,544350,544358,544367,544351,543111
10,544570,544579,544587,544573,543332
4,544830,544800,544807,544795,543553
1,545060,545021,545028,545016,543774
6,545250,545242,545248,545238,543995
11,545470,545463,545468,545460,544215
2,545690,545684,545688,545682,544436
9,545890,545905,545908,545904,544657
3,546120,546125,546128,546125,544878
7,546310,546346,546349,546347,545099
5,546540,546567,546569,546569,545319
12,546800,546788,546789,546791,545540
8,547050,547009,547009,547013,545761
10,547200,547230,547229,547235,545982
1,547490,547451,547449,547456,546203
4,547680,547672,547670,547678,546423
6,547940,547893,547890,547900,546644
2,548130,548114,548110,548122,546865
11,548290,548335,548330,548344,547086
3,548590,548556,548550,548565,547306
9,548740,548777,548770,548787,547527
5,548970,548998,548991,549009,547748
7,549220,549219,549211,549231,547969
8,549650,549643,549654,549639,548410
12,549840,549864,549874,549861,548631
1,550120,550085,550094,550082,548852
10,550300,550307,550314,550304,549073
6,550570,550528,550535,550525,549294
4,550780,550749,550755,550747,549514
11,550980,550971,550975,550969,549735
2,551170,551192,551195,551190,549956
9,551360,551413,551416,551412,550177
3,551600,551635,551636,551633,550398
7,551850,551856,551856,551855,550618
5,552100,552077,552077,552077,550839
8,552300,552298,552297,552298,551060
12,552500,552520,552517,552520,551281
10,552700,552741,552737,552742,551501
1,552970,552962,552958,552963,551722
6,553160,553184,553178,553185,551943
11,553430,553405,553398,553406,552164
4,553610,553626,553619,553628,552385
9,553850,553848,553839,553850,552605
2,554050,554069,554059,554071,552826
7,554320,554290,554279,554293,553047
3,554520,554511,554500,554514,553268
5,554770,554733,554720,554736,553489
12,555150,555148,555159,555145,553930
8,555380,555370,555379,555366,554151
1,555600,555591,555599,555587,554372
10,555740,555812,555820,555809,554593
11,556030,556033,556040,556030,554813
6,556250,556254,556260,556251,555034
9,556490,556476,556480,556473,555255
4,556700,556697,556701,556694,555476
7,556930,556918,556921,556915,555697
2,557160,557139,557141,557136,555917
5,557350,557360,557362,557358,556138
3,557570,557581,557582,557579,556359
12,557810,557803,557802,557800,556580
1,558020,558024,558022,558022,556800
8,558220,558245,558243,558243,557021
10,558410,558466,558463,558464,557242
6,558680,558687,558683,558685,557463
11,558860,558909,558904,558907,557684
4,559140,559130,559124,559128,557904
9,559390,559351,559344,559349,558125
2,559540,559572,559564,559571,558346
7,559830,559793,559785,559792,558567
3,560030,560014,560005,560013,558788
5,560270,560236,560225,560234,559008
1,560650,560645,560657,560639,559450
12,560830,560866,560877,560860,559671
10,561060,561087,561098,561081,559892
8,561320,561307,561318,561302,560112
11,561460,561528,561538,561523,560333
6,561720,561749,561758,561744,560554
9,561980,561970,561978,561965,560775
4,562210,562191,562198,562186,560995
7,562400,562412,562418,562407,561216
2,562630,562633,562638,562629,561437
5,562840,562854,562858,562850,561658
3,563060,563075,563078,563071,561879
12,563350,563295,563299,563292,562099
1,563540,563516,563519,563513,562320
10,563750,563737,563739,563734,562541
11,563940,563958,563959,563955,562762
8,564150,564179,564179,564176,562983
9,564410,564400,564399,564397,563203
6,564600,564621,564619,564618,563424
7,564890,564842,564839,564839,563645
4,565070,565063,565059,565060,563866
5,565300,565283,565280,565282,564087
2,565470,565504,565500,565503,564307
3,565720,565725,565720,565724,564528
1,566160,566141,566151,566136,564970
12,566340,566361,566371,566357,565190
11,566530,566581,566591,566578,565411
10,566820,566802,566811,566798,565632
9,567060,567022,567031,567019,565853
8,567270,567242,567251,567239,566074
7,567490,567463,567470,567460,566294
6,567650,567683,567690,567681,566515
5,567890,567903,567910,567901,566736
4,568110,568123,568130,568122,566957
3,568360,568344,568350,568342,567178
2,568540,568564,568570,568563,567398
1,568790,568784,568790,568784,567619
12,568980,569005,569010,569004,567840
10,569220,569225,569229,569225,568061
11,569450,569445,569449,569445,568282
8,569680,569665,569669,569666,568502
9,569880,569886,569889,569887,568723
6,570040,570106,570109,570107,568944
7,570380,570326,570329,570328,569165
4,570550,570547,570549,570548,569386
5,570750,570767,570769,570769,569606
2,570960,570987,570988,570990,569827
3,571260,571207,571208,571210,570048
12,571630,571616,571631,571608,570489
1,571810,571836,571850,571829,570710
11,572010,572056,572070,572049,570931
10,572280,572276,572289,572269,571152
9,572460,572495,572508,572489,571373
8,572720,572715,572728,572710,571593
7,572960,572935,572947,572930,571814
6,573170,573155,573167,573150,572035
5,573380,573375,573386,573370,572256
4,573600,573595,573606,573591,572477
3,573820,573814,573825,573811,572697
2,574030,574034,574044,574031,572918
1,574270,574254,574264,574251,573139
12,574450,574474,574483,574472,573360
11,574660,574694,574703,574692,573581
9,574880,574914,574922,574912,573801
10,575120,575133,575142,575132,574022
7,575360,575353,575361,575353,574243
8,575560,575573,575580,575573,574464
5,575780,575793,575800,575793,574684
6,576010,576013,576019,576013,574905
3,576260,576233,576239,576234,575126
4,576490,576452,576458,576454,575347
2,576680,576672,576678,576674,575568
12,577110,577086,577105,577079,576009
1,577300,577306,577324,577300,576230
9,577510,577526,577543,577521,576451
11,577720,577746,577762,577741,576672
7,577950,577966,577981,577962,576892
10,578220,578186,578200,578182,577113
5,578440,578406,578420,578403,577334
8,578600,578626,578639,578623,577555
3,578850,578847,578858,578844,577776
6,579050,579067,579077,579064,577996
2,579250,579287,579296,579285,578217
4,579480,579507,579515,579506,578438
12,579720,579727,579734,579726,578659
9,579940,579947,579954,579947,578879
1,580170,580167,580173,580167,579100
11,580390,580387,580392,580388,579321
10,580640,580607,580611,580608,579542
7,580850,580827,580830,580829,579763
8,581070,581047,581049,581049,579983
5,581280,581267,581268,581270,580204
6,581470,581487,581488,581491,580425
3,581710,581707,581707,581711,580646
4,581910,581927,581926,581932,580867
2,582150,582147,582145,582152,581087
9,582560,582561,582581,582559,581529
12,582750,582782,582801,582780,581750
11,582970,583003,583020,583001,581971
1,583230,583223,583239,583221,582191
7,583480,583444,583458,583442,582412
10,583680,583665,583677,583663,582633
5,583890,583886,583896,583884,582854
8,584130,584106,584115,584105,583075
3,584320,584327,584335,584326,583295
6,584550,584548,584554,584547,583516
2,584730,584769,584773,584767,583737
4,584980,584989,584992,584988,583958
9,585170,585210,585211,585209,584178
12,585430,585431,585430,585430,584399
1,585670,585652,585650,585651,584620
11,585860,585872,585869,585872,584841
7,586120,586093,586088,586093,585062
5,586310,586314,586307,586313,585282
10,586530,586534,586526,586534,585503
3,586790,586755,586745,586755,585724
8,586960,586976,586964,586976,585945
2,587190,587197,587184,587197,586166
6,587420,587417,587403,587418,586386
4,587650,587638,587622,587639,586607
12,588060,588044,588065,588046,587049
9,588260,588266,588284,588267,587270
11,588480,588487,588504,588488,587490
1,588700,588709,588723,588709,587711
5,588900,588930,588942,588930,587932
7,589100,589152,589162,589151,588153
3,589400,589373,589381,589372,588373
10,589630,589595,589600,589593,588594
2,589790,589816,589820,589815,588815
8,590010,590038,590039,590036,589036
4,590250,590259,590259,590257,589257
6,590450,590480,590478,590478,589477
9,590730,590702,590697,590699,589698
12,590950,590923,590917,590920,589919
11,591110,591145,591136,591141,590140
5,591360,591366,591356,591362,590361
1,591580,591588,591575,591583,590581
7,591790,591809,591794,591804,590802
10,592030,592031,592014,592025,591023
3,592220,592252,592233,592247,591244
8,592480,592474,592452,592468,591465
2,592700,592695,592672,592689,591685
6,592960,592916,592891,592910,591906
4,593180,593138,593111,593131,592127
12,593570,593546,593555,593542,592568
9,593780,593767,593774,593763,592789
5,593980,593988,593994,593984,593010
11,594190,594208,594214,594205,593231
7,594420,594429,594433,594426,593452
1,594630,594650,594653,594647,593672
3,594850,594870,594872,594868,593893
10,595090,595091,595092,595089,594114
2,595310,595312,595311,595310,594335
8,595530,595532,595531,595531,594556
4,595740,595753,595751,595752,594776
6,595980,595973,595970,595972,594997
12,596190,596194,596190,596193,595218
5,596450,596415,596409,596414,595439
9,596620,596635,596629,596635,595660
11,596860,596856,596849,596856,595880
1,597120,597077,597068,597077,596101
7,597300,597297,597288,597298,596322
3,597490,597518,597507,597519,596543
2,597730,597739,597727,597740,596764
10,597950,597959,597946,597961,596984
4,598230,598180,598166,598182,597205
8,598380,598401,598386,598402,597426
6,598600,598621,598605,598623,597647
5,599010,599026,599042,599027,598088
12,599220,599247,599261,599248,598309
11,599440,599468,599481,599468,598530
9,599700,599689,599700,599689,598751
7,599950,599910,599920,599909,598971
1,600130,600130,600139,600130,599192
2,600360,600351,600359,600350,599413
3,600510,600572,600579,600571,599634
4,600810,600793,600798,600791,599855
10,601030,601013,601018,601012,600075
6,601220,601234,601237,601233,600296
8,601460,601455,601457,601453,600517
12,601660,601676,601676,601674,600738
5,601920,601897,601896,601894,600959
9,602090,602117,602116,602115,601179
11,602320,602338,602335,602335,601400
7,602570,602559,602555,602556,601621
2,602780,602780,602774,602776,601842
1,603020,603001,602994,602997,602062
3,603190,603221,603213,603217,602283
10,603460,603442,603433,603438,602504
4,603650,603663,603653,603658,602725
8,603900,603884,603872,603879,602946
6,604120,604105,604092,604099,603166
5,604530,604512,604523,604504,603608
12,604710,604731,604742,604724,603829
11,604980,604951,604961,604945,604050
9,605160,605171,605181,605165,604270
2,605350,605391,605400,605386,604491
7,605580,605611,605619,605606,604712
3,605840,605831,605839,605826,604933
1,606060,606050,606058,606047,605154
4,606270,606270,606277,606267,605374
10,606530,606490,606497,606488,605595
6,606720,606710,606716,606708,605816
8,606970,606930,606936,606929,606037
5,607140,607150,607155,607149,606257
11,607370,607369,607374,607370,606478
12,607640,607589,607594,607590,606699
2,607790,607809,607813,607811,606920
9,607970,608029,608032,608031,607141
7,608230,608249,608252,608252,607361
1,608480,608469,608471,608472,607582
3,608640,608688,608690,608693,607803
4,608880,608908,608910,608913,608024
6,609120,609128,609129,609134,608245
10,609360,609348,609348,609354,608465
8,609620,609568,609568,609575,608686
11,610000,609978,610001,609973,609128
5,610170,610199,610220,610195,609349
2,610420,610420,610440,610416,609569
12,610640,610641,610659,610637,609790
7,610870,610862,610878,610858,610011
9,611060,611082,611097,611079,610232
3,611310,611303,611317,611301,610453
1,611510,611524,611536,611522,610673
6,611740,611745,611755,611743,610894
4,611980,611966,611975,611964,611115
8,612180,612187,612194,612186,611336
10,612400,612407,612413,612407,611556
5,612620,612628,612632,612628,611777
11,612790,612849,612852,612849,611998
12,613100,613070,613071,613071,612219
2,613320,613291,613290,613292,612440
9,613500,613511,613509,613513,612660
7,613780,613732,613729,613734,612881
3,613970,613953,613948,613956,613102
6,614180,614174,614167,614177,613323
1,614420,614395,614386,614398,613544
4,614590,614616,614606,614619,613764
10,614810,614836,614825,614840,613985
8,615060,615057,615044,615062,614206
11,615520,615481,615496,615483,614648
5,615700,615703,615715,615704,614868
2,615950,615924,615935,615926,615089
12,616190,616145,616155,616147,615310
7,616390,616366,616374,616369,615531
9,616590,616588,616594,616591,615751
6,616860,616809,616814,616812,615972
3,617030,617030,617033,617034,616193
4,617230,617252,617253,617255,616414
1,617470,617473,617473,617477,616635
8,617680,617694,617692,617698,616855
10,617860,617916,617912,617920,617076
11,618150,618137,618132,618141,617297
2,618340,618358,618351,618363,617518
5,618560,618579,618571,618584,617739
7,618790,618801,618791,618806,617959
12,619070,619022,619010,619027,618180
6,619250,619243,619230,619249,618401
9,619410,619465,619450,619470,618622
3,619700,619686,619669,619692,618843
1,619950,619907,619889,619913,619063
4,620120,620128,620109,620135,619284
10,620320,620350,620328,620356,619505
8,620600,620571,620548,620578,619726
2,620990,620985,620992,620979,620167
11,621210,621206,621212,621200,620388
7,621450,621426,621432,621421,620609
5,621690,621647,621652,621643,620830
6,621870,621868,621871,621864,621050
12,622130,622088,622091,622085,621271
3,622280,622309,622311,622306,621492
9,622460,622529,622531,622527,621713
4,622740,622750,622751,622749,621934
1,622980,622971,622970,622970,622154
8,623160,623191,623190,623191,622375
10,623380,623412,623410,623412,622596
11,623610,623633,623630,623634,622817
2,623870,623853,623850,623855,623038
5,624080,624074,624069,624076,623258
7,624320,624294,624289,624297,623479
12,624570,624515,624509,624518,623700
6,624760,624736,624729,624740,623921
9,624930,624956,624949,624961,624142
3,625190,625177,625168,625182,624362
4,625390,625398,625388,625403,624583
8,625620,625618,625608,625624,624804
1,625830,625839,625828,625846,625025
10,626040,626060,626048,626067,625245
2,626450,626480,626490,626480,625687
11,626680,626701,626710,626701,625908
7,626940,626922,626930,626922,626129
5,627160,627142,627150,627143,626349
6,627410,627363,627370,627364,626570
12,627650,627584,627590,627585,626791
3,627810,627805,627810,627806,627012
9,628020,628025,628030,628027,627233
8,628270,628246,628249,628248,627453
4,628500,628467,628469,628469,627674
10,628670,628688,628689,628689,627895
1,628900,628908,628909,628910,628116
2,629120,629129,629129,629131,628337
7,629310,629350,629349,629352,628557
11,629530,629571,629569,629573,628778
6,629770,629791,629789,629794,628999
5,630020,630012,630009,630015,629220
3,630250,630233,630229,630236,629440
12,630440,630454,630448,630457,629661
8,630640,630674,630668,630678,629882
9,630900,630895,630888,630899,630103
4,631140,631116,631108,631120,630324
1,631370,631337,631328,631341,630544
10,631550,631557,631548,631562,630765
7,631960,631968,631979,631956,631207
2,632210,632188,632199,632177,631428
6,632440,632408,632419,632399,631648
11,632630,632629,632638,632620,631869
3,632840,632849,632858,632841,632090
5,633050,633069,633078,633062,632311
8,633270,633289,633297,633283,632532
12,633530,633509,633517,633504,632752
4,633740,633730,633737,633725,632973
9,633920,633950,633956,633946,633194
10,634130,634170,634176,634167,633415
1,634380,634390,634396,634389,633635
2,634620,634610,634615,634610,633856
7,634830,634831,634835,634831,634077
11,635040,635051,635055,635052,634298
6,635280,635271,635275,635273,634519
5,635470,635491,635494,635494,634739
3,635720,635711,635714,635715,634960
12,635940,635932,635934,635936,635181
8,636150,636152,636153,636158,635402
9,636350,636372,636373,636379,635623
4,636570,636592,636593,636600,635843
10,636830,636812,636812,636821,636064
1,637080,637033,637032,637042,636285
7,637470,637454,637476,637459,636727
2,637720,637676,637696,637680,636947
6,637900,637898,637916,637902,637168
11,638090,638120,638136,638123,637389
3,638380,638341,638355,638345,637610
5,638540,638563,638575,638566,637831
8,638770,638785,638795,638788,638051
12,639030,639007,639015,639009,638272
4,639210,639228,639235,639231,638493
9,639400,639450,639455,639452,638714
1,639640,639672,639675,639674,638934
10,639870,639894,639895,639895,639155
7,640110,640115,640114,640117,639376
6,640390,640337,640334,640339,639597
2,640590,640559,640554,640560,639818
3,640840,640781,640774,640782,640038
11,641000,641003,640994,641003,640259
8,641220,641224,641214,641225,640480
5,641430,641446,641434,641446,640701
4,641660,641668,641654,641668,640922
12,641880,641890,641873,641889,641142
9,642100,642111,642093,642111,641363
10,642330,642333,642313,642332,641584
1,642580,642555,642533,642554,641805
6,642980,642971,642975,642961,642246
7,643170,643192,643194,643182,642467
3,643470,643412,643414,643404,642688
2,643690,643632,643634,643625,642909
8,643830,643852,643854,643846,643129
11,644030,644072,644074,644067,643350
4,644320,644293,644294,644288,643571
5,644520,644513,644514,644510,643792
9,644700,644733,644734,644731,644013
12,644960,644953,644954,644952,644233
1,645180,645174,645174,645173,644454
10,645400,645394,645394,645394,644675
7,645610,645614,645614,645616,644896
6,645870,645834,645833,645837,645117
2,646040,646055,646053,646058,645337
3,646280,646275,646273,646279,645558
11,646440,646495,646493,646500,645779
8,646730,646715,646713,646722,646000
5,646920,646935,646933,646943,646221
4,647150,647156,647153,647164,646441
9,647340,647376,647373,647385,646662
1,647610,647596,647593,647606,646883
12,647830,647816,647813,647828,647104
10,648050,648037,648033,648049,647324
6,648440,648453,648470,648452,647766
7,648670,648674,648690,648673,647987
3,648910,648895,648910,648894,648208
2,649140,649117,649130,649115,648428
8,649370,649338,649350,649337,648649
11,649580,649559,649569,649558,648870
4,649760,649780,649789,649779,649091
5,649970,650001,650009,650000,649312
1,650220,650222,650229,650222,649532
9,650420,650443,650449,650443,649753
10,650630,650664,650669,650664,649974
12,650900,650886,650889,650885,650195
6,651080,651107,651109,651106,650416
3,651320,651328,651329,651328,650636
7,651540,651549,651549,651549,650857
8,651760,651770,651768,651770,651078
2,652000,651991,651988,651991,651299
4,652230,652212,652208,652213,651520
11,652430,652433,652428,652434,651740
5,652660,652655,652648,652655,651961
9,652870,652876,652868,652876,652182
1,653100,653097,653088,653097,652403
12,653370,653318,653308,653319,652623
10,653530,653539,653528,653540,652844
3,653970,653958,653967,653955,653286
6,654200,654179,654187,654176,653507
8,654430,654400,654407,654397,653727
7,654610,654620,654627,654618,653948
4,654860,654841,654847,654839,654169
2,655080,655061,655067,655060,654390
5,655300,655282,655287,655281,654611
11,655500,655502,655507,655502,654831
1,655700,655723,655726,655723,655052
9,655900,655943,655946,655944,655273
10,656160,656164,656166,656164,655494
12,656420,656384,656386,656385,655715
6,656570,656605,656606,656606,655935
3,656840,656825,656826,656827,656156
7,657050,657046,657046,657048,656377
8,657250,657266,657266,657269,656598
2,657440,657487,657486,657490,656818
4,657690,657707,657705,657711,657039
5,657950,657928,657925,657932,657260
1,658120,658149,658145,658153,657481
11,658390,658369,658365,658374,657702
9,658600,658590,658585,658595,657922
12,658820,658810,658805,658815,658143
10,659050,659031,659025,659036,658364
3,659480,659448,659454,659436,658806
6,659690,659668,659673,659656,659026
8,659920,659887,659893,659877,659247
7,660120,660106,660112,660097,659468
4,660350,660326,660332,660318,659689
2,660530,660545,660551,660538,659910
1,660740,660764,660771,660759,660130
5,660960,660984,660990,660979,660351
9,661160,661203,661210,661200,660572
11,661380,661422,661430,661420,660793
10,661610,661642,661649,661641,661013
12,661870,661861,661869,661861,661234
3,662070,662080,662088,662081,661455
8,662320,662300,662308,662302,661676
6,662520,662519,662527,662522,661897
4,662790,662738,662747,662743,662117
7,662990,662958,662966,662963,662338
2,663190,663177,663186,663184,662559
5,663380,663396,663406,663404,662780
1,663620,663616,663625,663625,663001
9,663820,663835,663845,663845,663221
10,664030,664054,664064,664066,663442
11,664260,664274,664284,664286,663663
12,664510,664493,664503,664507,663884
8,664920,664921,664934,664913,664325
3,665160,665141,665153,665133,664546
4,665390,665361,665372,665354,664767
6,665590,665580,665591,665575,664988
2,665830,665800,665811,665795,665209
7,666040,666019,666030,666016,665429
1,666230,666239,666249,666236,665650
5,666420,666458,666469,666457,665871
10,666640,666678,666688,666678,666092
9,666910,666898,666907,666898,666312
12,667120,667117,667126,667119,666533
11,667350,667337,667346,667339,666754
3,667580,667556,667565,667560,666975
8,667770,667776,667784,667780,667196
6,668000,667995,668004,668001,667416
4,668270,668215,668223,668222,667637
2,668410,668435,668442,668442,667858
1,668670,668654,668661,668663,668079
7,668880,668874,668881,668883,668300
5,669100,669093,669100,669104,668520
9,669300,669313,669319,669325,668741
10,669510,669532,669539,669545,668962
11,669730,669752,669758,669766,669183
12,669970,669972,669977,669986,669404
8,670390,670397,670412,670387,669845
3,670640,670617,670631,670608,670066
4,670880,670837,670851,670829,670287
6,671050,671057,671070,671050,670507
1,671300,671277,671289,671272,670728
2,671490,671498,671508,671493,670949
5,671690,671718,671727,671714,671170
7,671900,671938,671947,671935,671391
10,672120,672158,672166,672156,671611
9,672380,672378,672385,672377,671832
12,672620,672599,672604,672598,672053
11,672810,672819,672824,672819,672274
8,673080,673039,673043,673041,672495
4,673280,673259,673262,673262,672715
3,673480,673479,673481,673483,672936
6,673700,673699,673700,673704,673157
2,673920,673920,673920,673925,673378
1,674150,674140,674139,674146,673599
5,674350,674360,674358,674367,673819
10,674580,674580,674577,674588,674040
7,674770,674800,674796,674810,674261
12,675020,675021,675016,675031,674482
9,675240,675241,675235,675252,674702
11,675480,675461,675454,675473,674923
4,675890,675895,675903,675887,675365
8,676140,676116,676123,676108,675586
6,676360,676336,676342,676330,675806
3,676620,676557,676562,676551,676027
1,676810,676777,676781,676773,676248
2,677020,676998,677001,676995,676469
10,677180,677219,677221,677216,676690
5,677460,677439,677440,677438,676910
12,677650,677660,677660,677660,677131
7,677850,677880,677879,677881,677352
11,678070,678101,678099,678103,677573
9,678330,678321,678318,678325,677794
8,678550,678542,678538,678546,678014
4,678750,678762,678757,678768,678235
6,679010,678983,678977,678990,678456
1,679250,679203,679196,679211,678677
3,679410,679424,679416,679433,678898
2,679620,679644,679635,679654,679118
5,679850,679865,679855,679876,679339
10,680080,680086,680074,680098,679560
7,680290,680306,680294,680319,679781
12,680550,680527,680513,680541,680001
9,680700,680747,680733,680763,680222
11,681010,680968,680952,680984,680443
4,681360,681395,681404,681395,680885
8,681630,681617,681624,681616,681105
1,681860,681838,681844,681838,681326
6,682110,682059,682064,682059,681547
2,682300,682281,682284,682281,681768
3,682510,682502,682504,682502,681989
10,682690,682723,682724,682723,682209
5,682930,682945,682944,682945,682430
12,683170,683166,683164,683166,682651
7,683340,683387,683384,683388,682872
11,683590,683609,683604,683609,683093
9,683840,683830,683824,683831,683313
4,684030,684051,684043,684052,683534
8,684250,684272,684263,684273,683755
6,684540,684494,684483,684495,683976
1,684760,684715,684703,684716,684196
2,684950,684936,684923,684938,684417
10,685130,685158,685143,685159,684638
3,685400,685379,685363,685381,684859
12,685600,685600,685583,685602,685080
5,685800,685822,685803,685823,685300
11,686040,686043,686023,686045,685521
7,686250,686264,686243,686266,685742
9,686510,686486,686463,686488,685963
8,686900,686911,686905,686894,686404
4,687160,687130,687124,687115,686625
1,687370,687350,687344,687336,686846
6,687590,687569,687564,687557,687067
10,687780,687789,687784,687778,687288
2,688000,688008,688004,687999,687508
12,688280,688228,688224,688220,687729
3,688420,688447,688444,688441,687950
11,688650,688667,688664,688662,688171
5,688860,688887,688884,688884,688392
9,689080,689106,689104,689105,688612
7,689290,689326,689324,689326,688833
8,689560,689545,689544,689547,689054
1,689800,689765,689764,689768,689275
4,690000,689984,689984,689989,689495
6,690240,690204,690204,690210,689716
2,690420,690423,690424,690431,689937
10,690640,690643,690644,690652,690158
3,690920,690862,690864,690873,690379
12,691090,691082,691084,691094,690599
5,691270,691301,691304,691316,690820
11,691490,691521,691523,691537,691041
7,691740,691740,691743,691758,691262
9,691920,691960,691963,691979,691483
1,692410,692387,692400,692384,691924
8,692630,692608,692620,692605,692145
6,692830,692829,692840,692826,692366
4,693080,693049,693060,693047,692587
10,693270,693270,693279,693268,692807
2,693480,693491,693499,693489,693028
12,693720,693711,693719,693710,693249
3,693950,693932,693939,693931,693470
11,694110,694153,694159,694152,693690
5,694310,694374,694379,694373,693911
9,694560,694594,694599,694594,694132
7,694810,694815,694819,694815,694353
8,695000,695036,695039,695036,694574
1,695290,695256,695258,695257,694794
6,695480,695477,695478,695478,695015
10,695690,695698,695698,695699,695236
4,695910,695918,695918,695920,695457
12,696180,696139,696138,696141,695678
2,696330,696360,696358,696362,695898
11,696560,696581,696578,696583,696119
3,696790,696801,696798,696804,696340
9,697040,697022,697018,697025,696561
5,697270,697243,697237,697246,696782
7,697510,697463,697457,697467,697002
1,697870,697882,697893,697872,697444
8,698090,698102,698113,698094,697665
10,698290,698323,698333,698315,697885
6,698560,698544,698553,698536,698106
12,698800,698765,698773,698758,698327
4,698970,698985,698992,698979,698548
11,699180,699206,699212,699200,698769
2,699410,699427,699432,699422,698989
9,699650,699647,699652,699643,699210
3,699830,699868,699872,699864,699431
7,700090,700089,700092,700086,699652
5,700340,700309,700311,700307,699873
1,700570,700530,700531,700528,700093
8,700750,700751,700751,700749,700314
6,700960,700971,700971,700971,700535
10,701170,701192,701191,701192,700756
4,701440,701413,701411,701413,700977
12,701630,701633,701630,701635,701197
2,701850,701854,701850,701856,701418
11,702040,702075,702070,702077,701639
3,702280,702295,702290,702299,701860
9,702490,702516,702510,702520,702081
5,702750,702737,702730,702741,702301
7,703010,702958,702949,702963,702522
8,703420,703386,703391,703375,702964
1,703630,703606,703611,703597,703184
10,703840,703826,703830,703818,703405
6,704080,704046,704050,704039,703626
12,704250,704267,704270,704261,703847
4,704500,704487,704490,704482,704068
11,704650,704707,704710,704703,704288
2,704940,704928,704930,704924,704509
9,705150,705148,705150,705146,704730
3,705330,705368,705370,705367,704951
7,705590,705589,705589,705588,705172
5,705800,705809,705809,705810,705392
1,706050,706029,706029,706031,705613
8,706260,706249,706249,706252,705834
10,706440,706470,706469,706474,706055
12,706710,706690,706689,706695,706276
6,706900,706910,706909,706916,706496
11,707130,707131,707129,707138,706717
4,707340,707351,707348,707359,706938
9,707580,707571,707568,707580,707159
2,707790,707791,707788,707802,707379
7,708020,708012,708008,708023,707600
3,708210,708232,708228,708244,707821
5,708480,708452,708448,708466,708042
8,708890,708877,708886,708871,708483
1,709100,709097,709106,709092,708704
12,709310,709318,709326,709313,708925
10,709500,709538,709546,709534,709146
11,709800,709759,709766,709755,709367
6,709990,709980,709985,709976,709587
9,710210,710200,710205,710197,709808
4,710390,710421,710425,710418,710029
7,710640,710641,710645,710639,710250
2,710880,710862,710865,710860,710471
5,711070,711082,711085,711081,710691
3,711270,711303,711305,711302,710912
8,711530,711524,711525,711523,711133
12,711760,711744,711744,711744,711354
1,712000,711965,711964,711965,711574
10,712130,712185,712184,712187,711795
6,712400,712406,712404,712408,712016
11,712590,712626,712624,712629,712237
4,712860,712847,712844,712850,712458
9,713070,713068,713064,713071,712678
2,713290,713288,713283,713292,712899
7,713530,713509,713503,713513,713120
3,713730,713729,713723,713734,713341
5,713970,713950,713943,713955,713562
12,714370,714370,714378,714362,714003
8,714580,714590,714598,714583,714224
10,714780,714810,714818,714804,714445
1,715040,715031,715037,715025,714666
11,715210,715251,715257,715246,714886
6,715500,715471,715477,715466,715107
9,715690,715691,715697,715687,715328
4,715940,715911,715916,715908,715549
7,716140,716132,716136,716129,715770
2,716390,716352,716356,716349,715990
5,716550,716572,716576,716570,716211
3,716710,716792,716795,716791,716432
12,717030,717013,717015,717012,716653
8,717240,717233,717235,717232,716873
1,717470,717453,717455,717453,717094
10,717680,717673,717674,717674,717315
11,717880,717894,717894,717895,717536
9,718090,718114,718114,718115,717757
6,718320,718334,718334,718336,717977
7,718600,718554,718553,718557,718198
4,718800,718775,718773,718778,718419
5,719010,718995,718993,718999,718640
2,719200,719215,719213,719219,718861
3,719410,719435,719432,719440,719081
8,719820,719856,719863,719847,719523
12,720050,720075,720082,720068,719744
10,720290,720295,720302,720288,719965
1,720520,720515,720521,720508,720185
9,720710,720734,720741,720729,720406
11,720960,720954,720960,720949,720627
7,721190,721174,721180,721169,720848
6,721420,721393,721399,721390,721068
5,721630,721613,721619,721610,721289
4,721860,721832,721838,721830,721510
3,722060,722052,722058,722050,721731
2,722290,722272,722277,722271,721952
12,722480,722491,722497,722491,722172
8,722740,722711,722717,722711,722393
10,722920,722931,722936,722932,722614
9,723140,723150,723156,723152,722835
1,723370,723370,723375,723372,723056
11,723560,723590,723595,723592,723276
6,723810,723809,723814,723813,723497
7,724030,724029,724034,724033,723718
4,724240,724249,724253,724253,723939
5,724470,724468,724473,724474,724160
2,724660,724688,724692,724694,724380
3,724920,724908,724912,724914,724601
8,725340,725326,725336,725310,725043
12,725520,725546,725555,725530,725263
9,725750,725765,725774,725751,725484
10,726000,725984,725994,725971,725705
11,726210,726203,726213,726192,725926
1,726410,726422,726432,726412,726147
7,726620,726641,726651,726633,726367
6,726890,726861,726870,726854,726588
5,727100,727080,727089,727074,726809
4,727310,727299,727308,727295,727030
3,727510,727518,727527,727515,727251
2,727720,727737,727746,727736,727471
8,727910,727957,727966,727956,727692
9,728190,728176,728185,728177,727913
12,728350,728395,728404,728397,728134
10,728620,728614,728623,728618,728355
1,728870,728833,728842,728838,728575
11,729040,729052,729061,729059,728796
7,729310,729272,729280,729279,729017
5,729470,729491,729499,729500,729238
6,729700,729710,729719,729720,729459
3,729930,729929,729938,729941,729679
4,730150,730148,730157,730161,729900
2,730380,730368,730376,730382,730121
9,730790,730794,730816,730793,730562
8,731010,731015,731035,731014,730783
10,731210,731236,731254,731235,731004
12,731540,731457,731473,731456,731225
11,731710,731678,731693,731677,731446
1,731890,731899,731912,731898,731666
5,732100,732120,732131,732120,731887
7,732310,732341,732350,732341,732108
3,732530,732562,732570,732562,732329
6,732740,732783,732789,732783,732550
2,732990,733004,733008,733004,732770
4,733200,733225,733227,733226,732991
8,733440,733446,733446,733447,733212
9,733640,733667,733666,733668,733433
12,733910,733889,733885,733889,733654
10,734120,734110,734104,734110,733874
11,734390,734331,734323,734332,734095
5,734610,734552,734543,734553,734316
1,734770,734773,734762,734774,734537
7,735000,734994,734981,734995,734757
6,735240,735215,735200,735216,734978
3,735440,735436,735420,735438,735199
4,735620,735657,735639,735659,735420
2,735870,735878,735858,735880,735641
9,736270,736295,736305,736287,736082
8,736530,736516,736525,736509,736303
10,736720,736737,736745,736730,736524
12,736980,736958,736964,736952,736745
5,737180,737179,737184,737173,736965
11,737390,737400,737403,737395,737186
7,737620,737621,737623,737616,737407
1,737820,737842,737842,737838,737628
3,738080,738063,738062,738060,737849
6,738310,738284,738281,738281,738069
2,738490,738505,738501,738503,738290
4,738700,738726,738721,738724,738511
9,738920,738947,738940,738946,738732
10,739150,739168,739160,739167,738952
8,739400,739389,739379,739389,739173
5,739610,739610,739599,739610,739394
12,739840,739831,739818,739832,739615
11,740070,740052,740038,740054,739836
1,740290,740273,740257,740275,740056
7,740470,740494,740477,740497,740277
3,740710,740715,740696,740718,740498
2,740930,740936,740916,740940,740719
6,741140,741157,741136,741161,740940
4,741420,741378,741355,741383,741160
10,741780,741796,741807,741792,741602
9,742040,742017,742027,742014,741823
5,742280,742239,742247,742236,742044
8,742480,742461,742467,742458,742264
11,742650,742682,742687,742680,742485
12,742880,742904,742907,742902,742706
7,743080,743126,743127,743123,742927
1,743330,743347,743347,743345,743148
2,743570,743569,743567,743567,743368
3,743740,743791,743787,743789,743589
4,744010,744012,744007,744011,743810
6,744230,744234,744227,744233,744031
9,744450,744456,744447,744455,744251
10,744660,744678,744667,744677,744472
8,744920,744899,744887,744898,744693
5,745160,745121,745107,745120,744914
12,745330,745343,745327,745342,745135
11,745610,745564,745547,745564,745355
7,745820,745786,745767,745786,745576
2,746020,746008,745987,746008,745797
1,746260,746229,746207,746230,746018
3,746380,746451,746427,746452,746239
6,746660,746673,746647,746673,746459
4,746910,746894,746866,746895,746680
10,747310,747312,747317,747302,747122
9,747530,747533,747538,747524,747343
5,747780,747755,747758,747746,747563
8,747990,747976,747978,747969,747784
11,748230,748198,748199,748191,748005
12,748430,748419,748419,748413,748226
2,748640,748641,748639,748635,748446
7,748850,748862,748860,748858,748667
3,749060,749083,749080,749080,748888
1,749280,749305,749300,749302,749109
4,749490,749526,749521,749524,749330
6,749710,749748,749741,749747,749550
10,749940,749969,749961,749969,749771
5,750210,750191,750182,750191,749992
9,750370,750412,750402,750414,750213
11,750660,750634,750622,750636,750434
8,750870,750855,750843,750858,750654
2,751110,751076,751063,751080,750875
12,751280,751298,751283,751303,751096
7,751570,751519,751504,751525,751317
1,751750,751741,751724,751747,751538
3,751930,751962,751944,751970,751758
6,752160,752184,752165,752192,751979
4,752440,752405,752385,752414,752200
5,752810,752822,752840,752831,752641
10,753050,753045,753061,753053,752862
11,753250,753268,753282,753275,753083
9,753450,753491,753503,753498,753304
2,753700,753715,753723,753720,753525
8,753920,753938,753944,753942,753745
7,754180,754161,754165,754164,753966
12,754430,754384,754386,754387,754187
3,754590,754607,754607,754609,754408
1,754830,754831,754828,754831,754629
4,755050,755054,755049,755054,754849
6,755280,755277,755269,755276,755070
10,755510,755500,755490,755498,755291
5,755730,755724,755711,755721,755512
9,755920,755947,755932,755943,755733
11,756160,756170,756153,756165,755953
8,756370,756393,756374,756387,756174
2,756610,756616,756594,756610,756395
12,756870,756840,756815,756832,756616
7,757080,757063,757036,757054,756837
3,757230,757286,757257,757277,757057
4,757530,757509,757478,757499,757278
1,757750,757733,757699,757721,757499
6,757990,757956,757920,757944,757720
5,758340,758359,758362,758351,758161
10,758540,758580,758583,758573,758382
11,758810,758802,758804,758795,758603
9,759010,759023,759025,759017,758824
2,759250,759245,759246,759239,759044
8,759480,759466,759467,759460,759265
7,759700,759688,759687,759682,759486
12,759950,759909,759908,759904,759707
4,760100,760131,760129,760126,759928
3,760300,760352,760350,760348,760148
6,760530,760574,760571,760569,760369
1,760820,760795,760792,760791,760590
5,761050,761017,761013,761013,760811
11,761230,761238,761234,761235,761032
10,761450,761460,761455,761457,761252
2,761680,761681,761676,761678,761473
9,761860,761903,761897,761900,761694
7,762120,762124,762118,762122,761915
8,762350,762346,762338,762344,762135
4,762570,762567,762559,762566,762356
12,762780,762789,762780,762787,762577
3,763000,763010,763001,763009,762798
1,763260,763232,763222,763231,763019
6,763470,763453,763443,763453,763239
11,763850,763865,763875,763855,763681
5,764090,764086,764096,764077,763902
2,764340,764307,764317,764298,764123
10,764530,764528,764537,764520,764343
7,764750,764749,764758,764742,764564
9,764920,764970,764979,764964,764785
4,765180,765191,765199,765186,765006
8,765410,765412,765420,765408,765227
3,765630,765633,765641,765630,765447
12,765860,765854,765861,765852,765668
6,766060,766075,766082,766073,765889
1,766300,766297,766303,766295,766110
5,766520,766518,766523,766517,766330
11,766760,766739,766744,766739,766551
10,766960,766960,766965,766961,766772
2,767220,767181,767185,767183,766993
9,767400,767402,767406,767405,767214
7,767610,767623,767627,767627,767434
8,767870,767844,767847,767848,767655
4,768040,768065,768068,768070,767876
12,768300,768286,768289,768292,768097
3,768480,768507,768509,768514,768318
6,768700,768728,768730,768736,768538
1,768970,768949,768951,768958,768759
11,769380,769371,769390,769370,769201
5,769620,769593,769611,769593,769422
2,769880,769815,769831,769815,769642
10,770070,770037,770052,770037,769863
7,770210,770259,770272,770259,770084
9,770480,770481,770493,770481,770305
4,770700,770703,770714,770703,770526
8,770900,770925,770934,770925,770746
3,771140,771146,771155,771148,770967
12,771370,771368,771376,771370,771188
1,771590,771590,771596,771592,771409
6,771810,771812,771817,771814,771629
11,772020,772034,772038,772036,771850
2,772270,772256,772258,772258,772071
5,772460,772478,772479,772480,772292
7,772660,772700,772699,772702,772513
10,772920,772921,772920,772925,772733
4,773170,773143,773141,773147,772954
9,773340,773365,773361,773369,773175
3,773610,773587,773582,773591,773396
8,773800,773809,773803,773813,773617
12,774040,774031,774023,774035,773837
6,774240,774253,774244,774257,774058
1,774520,774475,774465,774480,774279
2,774950,774894,774905,774889,774721
11,775090,775116,775126,775111,774941
7,775370,775337,775347,775333,775162
5,775560,775559,775567,775555,775383
4,775790,775780,775788,775777,775604
10,776020,776001,776009,775999,775824
3,776230,776223,776229,776221,776045
9,776430,776444,776450,776443,776266
12,776670,776666,776670,776665,776487
8,776880,776887,776891,776887,776708
1,777080,777109,777112,777109,776928
6,777310,777330,777332,777331,777149
11,777520,777552,777553,777553,777370
2,777770,777773,777774,777775,777591
5,777960,777994,777994,777997,777812
7,778210,778216,778215,778219,778032
10,778460,778437,778436,778441,778253
4,778690,778659,778656,778663,778474
9,778900,778880,778877,778885,778695
3,779110,779102,779097,779107,778916
12,779290,779323,779318,779329,779136
1,779540,779545,779539,779551,779357
8,779780,779766,779759,779773,779578
6,780000,779987,779980,779995,779799
2,780410,780402,780420,780399,780240
11,780610,780625,780641,780621,780461
7,780850,780847,780862,780843,780682
5,781090,781069,781082,781066,780903
4,781330,781291,781303,781288,781123
10,781520,781513,781524,781510,781344
3,781740,781735,781744,781733,781565
9,781970,781957,781965,781955,781786
1,782140,782179,782186,782178,782007
12,782370,782401,782406,782400,782227
6,782530,782624,782627,782622,782448
8,782820,782846,782848,782845,782669
2,783070,783068,783068,783067,782890
7,783320,783290,783289,783289,783111
11,783500,783512,783510,783512,783331
4,783740,783734,783730,783734,783552
5,783960,783956,783951,783957,783773
3,784170,784178,784172,784179,783994
10,784390,784401,784392,784401,784215
9,784630,784623,784613,784624,784435
12,784880,784845,784834,784846,784656
1,785080,785067,785054,785068,784877
8,785260,785289,785275,785291,785098
6,785560,785511,785496,785513,785318
7,785990,785939,785945,785926,785760
2,786230,786160,786165,786149,785981
4,786430,786382,786386,786372,786202
11,786590,786603,786607,786595,786422
3,786810,786825,786828,786818,786643
5,787010,787046,787049,787041,786864
9,787220,787268,787270,787264,787085
10,787470,787489,787491,787487,787306
1,787690,787711,787711,787710,787526
12,787950,787932,787932,787933,787747
6,788180,788154,788153,788156,787968
8,788420,788375,788374,788379,788189
2,788620,788597,788595,788601,788410
7,788840,788819,788816,788824,788630
11,789030,789040,789037,789047,788851
4,789290,789262,789257,789270,789072
5,789480,789483,789478,789493,789293
3,789690,789705,789699,789716,789513
9,789910,789926,789920,789939,789734
1,790120,790148,790141,790162,789955
10,790350,790369,790362,790385,790176
12,790550,790591,790583,790608,790397
8,790820,790812,790804,790831,790617
6,791070,791034,791024,791054,790838
7,791520,791468,791479,791470,791280
2,791740,791690,791700,791693,791501
4,791940,791913,791921,791916,791721
11,792180,792136,792142,792138,791942
3,792340,792358,792364,792361,792163
5,792560,792581,792585,792584,792384
1,792780,792803,792806,792806,792605
9,792990,793026,793027,793029,792825
12,793210,793248,793249,793252,793046
10,793440,793471,793470,793475,793267
6,793700,793693,793691,793697,793488
8,793940,793916,793912,793920,793708
7,794170,794138,794133,794143,793929
4,794430,794361,794355,794365,794150
2,794570,794584,794576,794588,794371
3,794800,794806,794797,794811,794592
11,795040,795029,795018,795033,794812
5,795230,795251,795240,795256,795033
9,795460,795474,795461,795479,795254
1,795710,795696,795682,795701,795475
12,795880,795919,795903,795924,795696
6,796140,796141,796125,796147,795916
10,796360,796364,796346,796369,796137
8,796620,796586,796567,796592,796358
4,797020,797004,797009,796998,796800
7,797230,797226,797231,797221,797020
3,797470,797448,797452,797443,797241
2,797730,797669,797673,797665,797462
5,797870,797891,797894,797887,797683
11,798120,798113,798116,798109,797904
1,798320,798335,798337,798331,798124
9,798560,798556,798558,798554,798345
6,798750,798778,798780,798776,798566
12,798980,799000,799001,798998,798787
8,799200,799222,799222,799220,799007
10,799450,799444,799443,799442,799228
7,799630,799665,799665,799664,799449
4,799850,799887,799886,799887,799670
2,800100,800109,800107,800109,799891
3,800300,800331,800328,800331,800111
5,800540,800552,800550,800553,800332
1,800750,800774,800771,800775,800553
11,800990,800996,800992,800997,800774
9,801230,801218,801213,801220,800995
12,801450,801440,801435,801442,801215
6,801660,801661,801656,801664,801436
10,801920,801883,801877,801886,801657
8,802160,802105,802098,802108,801878
4,802530,802521,802533,802514,802319
7,802740,802743,802754,802736,802540
3,802970,802965,802975,802958,802761
2,803190,803186,803196,803180,802982
1,803410,803408,803417,803402,803202
5,803610,803630,803638,803625,803423
9,803820,803851,803859,803847,803644
11,804050,804073,804080,804069,803865
6,804280,804295,804301,804291,804086
12,804520,804516,804522,804513,804306
8,804730,804738,804743,804735,804527
10,805020,804959,804965,804958,804748
4,805200,805181,805186,805180,804969
3,805410,805403,805407,805402,805190
7,805630,805624,805628,805624,805410
2,805830,805846,805849,805846,805631
5,806020,806068,806070,806069,805852
1,806260,806289,806291,806291,806073
9,806480,806511,806512,806513,806294
6,806750,806732,806733,806735,806514
11,806970,806954,806954,806957,806735
8,807150,807176,807175,807180,806956
12,807400,807397,807396,807402,807177
10,807680,807619,807617,807624,807397
3,808070,808047,808055,808037,807839
4,808280,808268,808275,808259,808060
2,808500,808490,808496,808482,808281
7,808710,808711,808717,808704,808501
1,808940,808932,808938,808926,808722
5,809170,809153,809159,809148,808943
6,809420,809374,809380,809370,809164
9,809590,809595,809601,809592,809385
8,809870,809816,809822,809815,809605
11,809990,810037,810043,810037,809826
10,810210,810258,810264,810259,810047
12,810480,810479,810484,810481,810268
4,810700,810700,810705,810703,810489
3,810920,810921,810926,810925,810709
2,811130,811142,811147,811147,810930
1,811350,811363,811368,811370,811151
7,811600,811584,811589,811592,811372
5,811800,811805,811810,811814,811593
9,812060,812026,812031,812036,811813
6,812250,812247,812252,812258,812034
11,812460,812468,812473,812480,812255
8,812670,812689,812693,812703,812476
12,812920,812910,812914,812925,812696
10,813120,813131,813135,813147,812917
3,813640,813569,813571,813555,813359
4,813830,813790,813792,813777,813580
1,814050,814010,814012,813999,813800
2,814240,814230,814233,814221,814021
5,814430,814450,814454,814443,814242
7,814650,814670,814674,814664,814463
6,814930,814890,814895,814886,814684
9,815140,815111,815116,815108,814904
8,815350,815331,815336,815330,815125
11,815520,815551,815557,815552,815346
10,815690,815771,815778,815774,815567
12,816010,815991,815998,815995,815788
3,816220,816211,816219,816217,816008
4,816450,816432,816440,816439,816229
2,816640,816652,816660,816661,816450
1,816870,816872,816881,816883,816671
5,817070,817092,817102,817104,816891
6,817290,817312,817322,817326,817112
7,817580,817532,817543,817548,817333
8,817780,817752,817764,817770,817554
9,817980,817973,817984,817992,817775
10,818170,818193,818205,818214,817995
11,818370,818413,818426,818435,818216
12,818650,818633,818646,818657,818437
4,819070,819074,819081,819060,818879
3,819370,819294,819302,819282,819099
1,819570,819515,819522,819504,819320
2,819790,819735,819742,819726,819541
6,819890,819955,819963,819948,819762
5,820120,820176,820183,820170,819983
8,820410,820396,820404,820392,820203
7,820650,820617,820624,820614,820424
10,820780,820837,820845,820836,820645
9,821030,821057,821065,821058,820866
12,821280,821278,821286,821280,821086
11,821550,821498,821506,821502,821307
4,821740,821719,821726,821723,821528
1,821990,821939,821947,821945,821749
3,822160,822159,822167,822167,821970
2,822400,822380,822388,822389,822190
5,822610,822600,822608,822611,822411
6,822790,822821,822829,822833,822632
7,823020,823041,823049,823055,822853
8,823260,823262,823269,823277,823074
9,823460,823482,823490,823499,823294
10,823650,823702,823710,823721,823515
11,823930,823923,823931,823943,823736
12,824180,824143,824151,824165,823957
1,824600,824581,824596,824577,824398
4,824820,824803,824816,824800,824619
2,825040,825025,825037,825022,824840
3,825230,825247,825257,825244,825061
6,825470,825468,825478,825466,825282
5,825730,825690,825698,825689,825502
8,825930,825912,825919,825911,825723
7,826130,826134,826140,826133,825944
10,826310,826356,826360,826356,826165
9,826580,826577,826581,826578,826385
12,826810,826799,826801,826800,826606
11,827030,827021,827022,827023,826827
4,827250,827243,827242,827245,827048
1,827470,827465,827463,827467,827269
2,827650,827686,827684,827690,827489
6,827880,827908,827904,827912,827710
3,828110,828130,828125,828134,827931
8,828350,828352,828345,828356,828152
5,828570,828573,828566,828579,828373
10,828760,828795,828786,828801,828593
7,829040,829017,829007,829023,828814
12,829240,829239,829228,829246,829035
9,829490,829461,829448,829468,829256
11,829720,829682,829669,829690,829477
1,830110,830112,830115,830103,829918
4,830350,830333,830336,830325,830139
6,830580,830555,830557,830547,830360
2,830830,830776,830777,830769,830580
8,830960,830997,830998,830991,830801
3,831200,831218,831219,831213,831022
10,831390,831440,831439,831435,831243
5,831640,831661,831660,831657,831464
12,831890,831882,831881,831879,831684
7,832080,832104,832102,832101,831905
11,832310,832325,832322,832324,832126
9,832580,832546,832543,832546,832347
1,832800,832768,832764,832768,832568
4,833000,832989,832985,832990,832788
2,833230,833210,833205,833212,833009
6,833440,833431,833426,833434,833230
3,833640,833653,833647,833656,833451
8,833860,833874,833868,833878,833672
5,834090,834095,834088,834100,833892
10,834250,834317,834309,834322,834113
7,834520,834538,834530,834545,834334
12,834800,834759,834751,834767,834555
9,834970,834981,834971,834989,834775
11,835240,835202,835192,835211,834996
4,835640,835631,835631,835617,835438
1,835860,835851,835852,835839,835659
6,836070,836072,836073,836061,835879
2,836310,836293,836294,836283,836100
8,836540,836513,836514,836505,836321
3,836720,836734,836735,836726,836542
10,836900,836955,836956,836948,836763
5,837160,837175,837176,837170,836983
12,837420,837396,837397,837392,837204
7,837590,837617,837618,837613,837425
11,837820,837837,837838,837835,837646
9,838050,838058,838059,838057,837867
1,838320,838279,838280,838279,838087
4,838530,838499,838500,838501,838308
6,838720,838720,838721,838722,838529
8,838900,838941,838942,838944,838750
2,839140,839161,839162,839166,838971
10,839380,839382,839383,839388,839191
3,839630,839603,839604,839610,839412
12,839830,839824,839824,839831,839633
5,840020,840044,840045,840053,839854
11,840280,840265,840266,840275,840074
7,840510,840486,840486,840497,840295
9,840690,840706,840707,840718,840516
4,841170,841138,841143,841124,840958
1,841390,841358,841364,841346,841178
8,841600,841579,841584,841568,841399
6,841820,841800,841805,841790,841620
10,841990,842020,842025,842011,841841
2,842190,842241,842246,842233,842062
12,842500,842462,842466,842455,842282
3,842650,842682,842687,842677,842503
11,842890,842903,842907,842899,842724
5,843120,843124,843128,843121,842945
9,843310,843344,843348,843343,843166
7,843570,843565,843569,843564,843386
4,843810,843786,843789,843786,843607
8,844010,844006,844010,844008,843828
1,844250,844227,844231,844230,844049
6,844430,844447,844451,844452,844269
2,844620,844668,844672,844674,844490
10,844870,844889,844892,844896,844711
3,845090,845109,845113,845117,844932
12,845310,845330,845333,845339,845153
5,845560,845551,845554,845561,845373
11,845790,845771,845774,845783,845594
7,846020,845992,845995,846005,845815
9,846250,846213,846215,846227,846036
8,846660,846645,846655,846638,846477
4,846890,846866,846876,846860,846698
6,847080,847088,847096,847082,846919
1,847340,847309,847317,847304,847140
10,847510,847530,847537,847526,847361
2,847740,847752,847758,847748,847581
12,847950,847973,847978,847969,847802
3,848130,848194,848199,848191,848023
11,848420,848415,848420,848413,848244
5,848650,848637,848640,848635,848464
9,848830,848858,848861,848857,848685
7,849100,849079,849081,849079,848906
8,849350,849300,849302,849301,849127
4,849540,849522,849522,849523,849348
1,849780,849743,849743,849745,849568
6,849960,849964,849963,849967,849789
10,850170,850186,850184,850189,850010
12,850400,850407,850404,850411,850231
2,850540,850628,850625,850632,850452
11,850870,850849,850845,850854,850672
3,851080,851071,851066,851076,850893
9,851260,851292,851286,851298,851114
5,851520,851513,851507,851520,851335
7,851790,851734,851727,851742,851556
4,852180,852162,852167,852154,851997
8,852400,852383,852387,852376,852218
6,852640,852604,852608,852597,852439
1,852830,852825,852828,852819,852660
12,853080,853045,853049,853040,852880
10,853230,853266,853269,853262,853101
11,853440,853487,853490,853483,853322
2,853660,853708,853710,853704,853543
9,853870,853929,853931,853926,853763
3,854120,854150,854151,854147,853984
7,854400,854370,854372,854369,854205
5,854600,854591,854592,854590,854426
8,854810,854812,854813,854812,854647
4,855030,855033,855033,855033,854867
6,855280,855254,855254,855254,855088
12,855480,855475,855474,855476,855309
1,855700,855696,855695,855697,855530
10,855940,855916,855915,855919,855751
2,856130,856137,856136,856140,855971
11,856360,856358,856356,856362,856192
3,856590,856579,856577,856583,856413
9,856750,856800,856797,856804,856634
5,857020,857021,857018,857026,856855
7,857280,857241,857238,857247,857075
4,857650,857662,857667,857650,857517
8,857880,857883,857888,857871,857738
12,858100,858103,858108,858091,857958
6,858280,858323,858328,858312,858179
10,858550,858543,858548,858533,858400
1,858780,858763,858768,858754,858621
11,858990,858983,858988,858975,858842
2,859200,859203,859209,859196,859062
9,859370,859423,859429,859417,859283
3,859620,859643,859649,859638,859504
7,859860,859863,859869,859859,859725
5,860080,860083,860089,860080,859946
4,860310,860303,860309,860301,860166
12,860500,860524,860530,860522,860387
8,860750,860744,860750,860743,860608
6,861000,860964,860970,860964,860829
1,861240,861184,861190,861185,861050
10,861440,861404,861410,861406,861270
11,861630,861624,861631,861627,861491
9,861840,861844,861851,861848,861712
2,862050,862064,862071,862069,861933
7,862240,862284,862291,862290,862153
3,862470,862504,862511,862511,862374
5,862750,862724,862731,862732,862595
12,863150,863151,863160,863136,863037
4,863380,863371,863380,863357,863257
6,863590,863591,863599,863579,863478
8,863840,863811,863819,863800,863699
10,864070,864031,864039,864021,863920
1,864280,864251,864259,864242,864141
9,864430,864471,864479,864463,864361
11,864710,864691,864699,864684,864582
7,864840,864910,864919,864906,864803
2,865120,865130,865138,865127,865024
5,865310,865350,865358,865348,865245
3,865540,865570,865578,865569,865465
4,865770,865790,865798,865790,865686
12,866000,866010,866018,866011,865907
8,866240,866230,866238,866232,866128
6,866460,866450,866457,866454,866349
10,866700,866669,866677,866675,866569
9,866910,866889,866897,866896,866790
1,867130,867109,867117,867117,867011
11,867360,867329,867337,867338,867232
2,867500,867549,867557,867559,867452
7,867790,867769,867776,867781,867673
3,867980,867989,867996,868002,867894
5,868210,868208,868216,868223,868115
12,868660,868641,868653,868634,868556
4,868860,868862,868873,868855,868777
6,869040,869082,869092,869076,868998
8,869340,869303,869312,869298,869219
9,869550,869523,869532,869519,869440
10,869770,869744,869752,869740,869660
11,869980,869964,869972,869961,869881
1,870150,870185,870191,870182,870102
7,870390,870405,870411,870404,870323
2,870620,870626,870631,870625,870544
5,870820,870846,870851,870846,870764
3,871020,871067,871071,871067,870985
12,871300,871287,871290,871289,871206
6,871530,871508,871510,871510,871427
4,871720,871728,871730,871731,871647
9,871960,871949,871950,871952,871868
8,872210,872169,872169,872173,872089
10,872370,872390,872389,872395,872310
1,872630,872610,872609,872616,872531
11,872850,872831,872829,872837,872751
7,873060,873051,873049,873058,872972
5,873260,873272,873268,873279,873193
2,873460,873492,873488,873501,873414
3,873720,873713,873708,873722,873635
6,874150,874139,874145,874131,874076
12,874350,874359,874365,874352,874297
9,874560,874579,874585,874573,874518
4,874820,874799,874804,874794,874739
10,874980,875019,875024,875014,874959
8,875240,875240,875244,875235,875180
11,875480,875460,875464,875456,875401
1,875680,875680,875683,875677,875622
5,875850,875900,875903,875897,875842
7,876060,876120,876123,876118,876063
3,876350,876340,876342,876339,876284
2,876570,876561,876562,876560,876505
12,876830,876781,876782,876780,876726
6,877030,877001,877002,877001,876946
4,877270,877221,877221,877222,877167
9,877440,877441,877441,877443,877388
8,877720,877662,877661,877663,877609
10,877820,877882,877881,877884,877830
11,878090,878102,878100,878105,878050
5,878330,878322,878320,878326,878271
1,878570,878542,878540,878546,878492
7,878750,878763,878760,878767,878713
2,878950,878983,878979,878988,878934
3,879190,879203,879199,879209,879154
6,879560,879621,879628,879605,879596
12,879830,879841,879848,879826,879817
9,880050,880060,880067,880047,880038
4,880320,880280,880287,880267,880258
10,880470,880500,880506,880488,880479
8,880740,880719,880726,880709,880700
5,880940,880939,880945,880930,880921
11,881200,881159,881165,881151,881141
7,881360,881379,881384,881372,881362
1,881570,881598,881604,881592,881583
3,881790,881818,881823,881813,881804
2,882040,882038,882043,882034,882025
6,882240,882257,882262,882255,882245
9,882500,882477,882482,882476,882466
12,882710,882697,882701,882697,882687
10,882920,882917,882921,882918,882908
4,883130,883136,883140,883138,883129
5,883320,883356,883360,883359,883349
8,883560,883576,883579,883580,883570
11,883800,883796,883799,883801,883791
1,884040,884015,884018,884022,884012
7,884240,884235,884237,884243,884233
2,884440,884455,884457,884464,884453
3,884700,884674,884676,884684,884674
9,885110,885098,885117,885096,885116
6,885350,885319,885337,885317,885336
10,885520,885541,885556,885539,885557
12,885790,885762,885776,885760,885778
5,885950,885983,885996,885981,885999
4,886200,886205,886215,886203,886220
11,886400,886426,886435,886424,886440
8,886660,886648,886655,886646,886661
7,886820,886869,886874,886867,886882
1,887050,887090,887094,887089,887103
3,887280,887312,887313,887310,887324
2,887550,887533,887533,887531,887544
6,887730,887754,887753,887753,887765
9,887980,887976,887972,887974,887986
12,888250,888197,888192,888196,888207
10,888410,888418,888412,888417,888428
4,888630,888640,888631,888638,888648
5,888860,888861,888851,888860,888869
8,889070,889082,889070,889081,889090
11,889290,889304,889290,889303,889311
7,889560,889525,889510,889524,889531
3,889740,889746,889729,889745,889752
1,890000,889968,889949,889967,889973
2,890210,890189,890168,890188,890194
9,890600,890600,890614,890595,890635
6,890790,890822,890834,890817,890856
10,891000,891043,891054,891039,891077
12,891280,891265,891274,891260,891298
5,891490,891487,891493,891482,891519
4,891710,891708,891713,891704,891739
11,891900,891930,891933,891925,891960
8,892130,892151,892153,892147,892181
3,892380,892373,892373,892369,892402
7,892580,892595,892593,892590,892623
2,892790,892816,892813,892812,892843
1,893000,893038,893033,893034,893064
9,893270,893260,893253,893255,893285
10,893480,893481,893473,893477,893506
6,893700,893703,893692,893699,893727
5,893960,893925,893912,893920,893947
12,894140,894146,894132,894142,894168
11,894360,894368,894352,894364,894389
4,894610,894590,894572,894586,894610
3,894820,894811,894792,894807,894830
8,895020,895033,895012,895029,895051
7,895260,895254,895232,895251,895272
1,895480,895476,895452,895472,895493
2,895720,895698,895671,895694,895714
10,896090,896111,896119,896102,896155
9,896340,896333,896340,896324,896376
5,896570,896554,896560,896546,896597
6,896780,896776,896780,896768,896818
11,896990,896997,897000,896990,897038
12,897220,897219,897220,897212,897259
3,897420,897440,897441,897434,897480
4,897690,897662,897661,897657,897701
7,897850,897883,897881,897879,897922
8,898120,898104,898101,898101,898142
2,898280,898326,898321,898323,898363
1,898510,898547,898542,898545,898584
9,898780,898769,898762,898767,898805
10,898990,898990,898982,898989,899025
6,899190,899212,899202,899211,899246
5,899430,899433,899422,899433,899467
12,899680,899655,899643,899655,899688
11,899830,899876,899863,899877,899909
4,900100,900098,900083,900099,900129
3,900340,900319,900303,900321,900350
8,900550,900541,900523,900543,900571
7,900780,900762,900743,900765,900792
2,900970,900984,900964,900988,901013
1,901240,901205,901184,901210,901233
10,901610,901628,901635,901620,901675
9,901860,901850,901855,901843,901896
5,902100,902071,902076,902065,902117
6,902270,902293,902296,902287,902337
11,902500,902514,902517,902510,902558
12,902750,902736,902737,902732,902779
3,902950,902957,902958,902954,903000
4,903200,903179,903178,903177,903220
7,903430,903401,903399,903399,903441
8,903620,903622,903619,903621,903662
1,903840,903844,903840,903844,903883
2,904080,904065,904060,904066,904104
10,904280,904287,904281,904288,904324
5,904540,904508,904501,904511,904545
9,904690,904730,904722,904733,904766
11,904960,904951,904942,904955,904987
6,905200,905173,905163,905178,905208
3,905370,905395,905383,905400,905428
12,905600,905616,905604,905622,905649
7,905830,905838,905824,905845,905870
4,906070,906059,906045,906067,906091
8,906300,906281,906265,906289,906312
2,906470,906502,906486,906512,906532
1,906730,906724,906706,906734,906753
5,907150,907143,907157,907144,907195
10,907340,907365,907378,907366,907416
11,907580,907588,907599,907589,907636
9,907800,907810,907820,907811,907857
3,908060,908033,908040,908034,908078
6,908280,908256,908261,908256,908299
7,908440,908478,908482,908478,908519
12,908690,908701,908703,908701,908740
8,908910,908923,908924,908923,908961
4,909140,909146,909145,909146,909182
1,909380,909369,909366,909368,909403
2,909560,909591,909586,909590,909623
10,909800,909814,909807,909813,909844
5,910050,910037,910028,910035,910065
9,910280,910259,910249,910258,910286
11,910510,910482,910470,910480,910507
6,910700,910704,910691,910703,910727
3,910930,910927,910912,910925,910948
12,911110,911150,911132,911147,911169
7,911360,911372,911353,911370,911390
8,911620,911595,911574,911592,911611
1,911870,911817,911795,911815,911831
4,912040,912040,912016,912037,912052
2,912240,912263,912237,912259,912273
5,912690,912679,912683,912673,912714
10,912890,912900,912904,912895,912935
11,913130,913122,913125,913117,913156
9,913310,913344,913346,913339,913377
3,913600,913565,913567,913561,913598
6,913800,913787,913788,913783,913818
7,913990,914009,914009,914005,914039
12,914240,914230,914230,914228,914260
1,914480,914452,914451,914450,914481
8,914680,914674,914672,914672,914702
2,914850,914895,914893,914894,914922
4,915100,915117,915114,915116,915143
5,915330,915339,915335,915338,915364
11,915550,915560,915556,915560,915585
10,915790,915782,915777,915782,915806
3,916020,916003,915998,916004,916026
9,916190,916225,916219,916227,916247
7,916470,916447,916440,916449,916468
6,916660,916668,916661,916671,916689
12,916890,916890,916882,916893,916909
8,917100,917112,917103,917115,917130
1,917380,917333,917324,917337,917351
4,917550,917555,917545,917559,917572
2,917760,917777,917766,917781,917793
11,918180,918190,918202,918183,918234
5,918420,918412,918423,918405,918455
3,918640,918633,918643,918627,918676
10,918880,918855,918864,918849,918897
7,919060,919076,919085,919071,919117
9,919290,919298,919306,919293,919338
12,919540,919519,919527,919515,919559
6,919670,919741,919748,919737,919780
1,919960,919963,919969,919959,920001
8,920160,920184,920189,920181,920221
2,920380,920406,920410,920403,920442
4,920610,920627,920631,920625,920663
5,920860,920849,920852,920847,920884
11,921100,921070,921073,921069,921105
10,921280,921292,921294,921291,921325
3,921530,921513,921515,921513,921546
9,921750,921735,921735,921735,921767
7,921970,921956,921956,921957,921988
12,922190,922178,922177,922179,922208
1,922420,922399,922398,922401,922429
6,922590,922621,922619,922623,922650
8,922830,922842,922840,922845,922871
4,923060,923064,923061,923067,923092
2,923300,923285,923281,923289,923312
11,923740,923705,923720,923706,923754
5,923930,923927,923941,923928,923975
3,924140,924149,924161,924150,924196
10,924390,924371,924382,924371,924416
7,924610,924592,924603,924593,924637
9,924810,924814,924824,924815,924858
1,925030,925036,925045,925036,925079
12,925270,925257,925265,925258,925300
8,925450,925479,925486,925480,925520
6,925710,925701,925707,925702,925741
2,925910,925923,925928,925923,925962
4,926120,926144,926148,926145,926183
11,926350,926366,926369,926367,926403
3,926580,926588,926590,926588,926624
5,926780,926810,926811,926810,926845
7,927050,927031,927032,927032,927066
10,927270,927253,927252,927254,927287
9,927450,927475,927473,927475,927507
12,927710,927697,927694,927697,927728
1,927930,927918,927915,927919,927949
8,928110,928140,928136,928140,928170
2,928350,928362,928356,928362,928391
6,928600,928583,928577,928584,928611
4,928850,928805,928798,928806,928832
3,929250,929212,929226,929206,929274
11,929400,929433,929447,929427,929495
7,929640,929654,929667,929649,929715
5,929870,929875,929888,929870,929936
9,930070,930096,930108,930091,930157
10,930320,930317,930329,930313,930378
1,930530,930538,930549,930534,930598
12,930790,930759,930770,930755,930819
2,930930,930981,930990,930977,931040
8,931170,931202,931211,931198,931261
4,931440,931423,931431,931419,931482
6,931630,931644,931651,931641,931702
11,931870,931865,931872,931862,931923
3,932110,932086,932092,932083,932144
5,932320,932307,932313,932305,932365
7,932490,932529,932533,932526,932586
9,932720,932750,932754,932747,932806
1,932970,932971,932974,932969,933027
10,933160,933192,933195,933190,933248
12,933410,933413,933415,933411,933469
8,933610,933634,933636,933633,933690
2,933860,933855,933856,933854,933910
6,934110,934076,934077,934075,934131
4,934360,934298,934297,934297,934352
3,934760,934711,934728,934704,934794
11,934970,934932,934948,934926,935014
7,935110,935153,935168,935147,935235
5,935390,935374,935388,935369,935456
1,935610,935595,935609,935590,935677
9,935760,935816,935829,935812,935897
12,936040,936037,936049,936033,936118
10,936250,936258,936269,936255,936339
2,936460,936479,936489,936477,936560
8,936710,936700,936710,936698,936781
4,936930,936921,936930,936920,937001
6,937140,937142,937150,937141,937222
3,937320,937363,937370,937363,937443
7,937560,937584,937590,937584,937664
11,937810,937806,937811,937806,937885
5,938020,938027,938031,938028,938105
9,938220,938248,938251,938249,938326
1,938460,938469,938471,938471,938547
12,938690,938690,938691,938692,938768
2,938900,938911,938912,938914,938989
10,939110,939132,939132,939135,939209
4,939410,939353,939352,939357,939430
8,939580,939574,939572,939578,939651
6,939840,939795,939793,939800,939872
7,940230,940204,940230,940207,940313
3,940400,940426,940451,940429,940534
5,940600,940649,940671,940651,940755
11,940860,940871,940891,940873,940976
1,941100,941093,941111,941095,941196
9,941310,941316,941332,941317,941417
2,941540,941538,941552,941538,941638
12,941770,941761,941772,941760,941859
4,941970,941983,941992,941982,942080
10,942200,942205,942212,942204,942300
6,942430,942428,942433,942426,942521
8,942640,942650,942653,942648,942742
3,942880,942872,942873,942870,942963
7,943100,943095,943093,943092,943184
5,943310,943317,943314,943313,943404
1,943540,943539,943534,943535,943625
11,943730,943762,943754,943757,943846
9,943960,943984,943974,943979,944067
12,944190,944206,944195,944201,944287
2,944430,944429,944415,944423,944508
10,944640,944651,944635,944645,944729
4,944880,944874,944855,944867,944950
8,945120,945096,945076,945088,945171
6,945380,945318,945296,945310,945391
7,945770,945725,945740,945720,945833
3,945990,945947,945960,945942,946054
1,946180,946169,946181,946165,946275
5,946360,946391,946401,946387,946495
9,946570,946613,946621,946609,946716
11,946830,946835,946842,946831,946937
2,947020,947057,947062,947053,947158
12,947250,947278,947283,947276,947379
4,947470,947500,947503,947498,947599
10,947700,947722,947723,947720,947820
6,947960,947944,947944,947942,948041
8,948190,948166,948164,948164,948262
7,948410,948388,948385,948387,948483
3,948590,948610,948605,948609,948703
5,948820,948832,948826,948831,948924
1,949030,949054,949046,949053,949145
9,949280,949276,949266,949275,949366
2,949490,949498,949487,949498,949586
11,949730,949719,949707,949720,949807
4,949960,949941,949928,949942,950028
12,950150,950163,950148,950164,950249
6,950370,950385,950368,950386,950470
10,950630,950607,950589,950609,950690
8,950860,950829,950809,950831,950911
3,951250,951240,951257,951241,951353
7,951500,951463,951478,951463,951574
1,951680,951685,951698,951686,951794
5,951880,951908,951919,951908,952015
2,952130,952130,952140,952130,952236
9,952350,952352,952360,952353,952457
4,952570,952575,952581,952575,952678
11,952780,952797,952802,952797,952898
6,953020,953020,953022,953020,953119
12,953250,953242,953243,953242,953340
8,953440,953465,953464,953464,953561
10,953700,953687,953684,953687,953781
3,953900,953910,953905,953909,954002
1,954140,954132,954126,954131,954223
7,954380,954354,954346,954354,954444
5,954540,954577,954567,954576,954665
9,954790,954799,954788,954798,954885
2,955000,955022,955008,955021,955106
11,955240,955244,955229,955243,955327
4,955430,955467,955450,955465,955548
12,955710,955689,955670,955688,955769
6,955950,955912,955891,955910,955989
10,956140,956134,956112,956133,956210
8,956380,956356,956332,956355,956431
1,956780,956769,956779,956762,956873
3,956980,956991,957000,956985,957093
5,957230,957213,957221,957207,957314
7,957460,957435,957442,957430,957535
2,957650,957656,957662,957653,957756
9,957900,957878,957883,957875,957976
4,958090,958100,958104,958098,958197
11,958320,958322,958325,958320,958418
6,958530,958544,958546,958543,958639
12,958780,958766,958767,958765,958860
8,959000,958988,958987,958988,959080
10,959200,959210,959208,959210,959301
3,959410,959432,959429,959433,959522
1,959660,959654,959650,959655,959743
5,959870,959876,959871,959878,959964
2,960080,960098,960092,960101,960184
7,960300,960320,960313,960323,960405
4,960510,960542,960533,960546,960626
9,960770,960764,960754,960768,960847
6,960990,960986,960975,960991,961068
11,961230,961208,961196,961213,961288
8,961460,961430,961417,961436,961509
12,961650,961652,961638,961658,961730
10,961870,961874,961858,961881,961951
1,962330,962297,962307,962296,962392
3,962540,962519,962529,962518,962613
2,962770,962741,962750,962741,962834
5,962960,962963,962971,962963,963055
4,963190,963185,963192,963186,963275
7,963380,963407,963413,963408,963496
6,963640,963629,963634,963631,963717
9,963870,963852,963855,963853,963938
8,964110,964074,964076,964076,964159
11,964270,964296,964297,964298,964379
10,964500,964518,964518,964521,964600
12,964740,964740,964739,964743,964821
1,964980,964962,964960,964966,965042
2,965200,965185,965181,965188,965263
3,965400,965407,965402,965411,965483
4,965650,965629,965623,965633,965704
5,965840,965851,965845,965856,965925
6,966040,966073,966066,966078,966146
7,966270,966295,966287,966301,966367
8,966530,966517,966508,966523,966587
9,966740,966740,966729,966746,966808
10,966940,966962,966950,966968,967029
11,967180,967184,967171,967191,967250
12,967440,967406,967392,967413,967470
1,967830,967822,967834,967820,967912
2,968060,968044,968055,968042,968133
3,968240,968266,968276,968265,968354
4,968490,968488,968497,968487,968574
5,968730,968710,968718,968709,968795
6,968920,968932,968939,968931,969016
7,969180,969154,969160,969153,969237
8,969360,969376,969381,969376,969458
9,969590,969598,969602,969598,969678
10,969790,969820,969824,969820,969899
11,970030,970042,970045,970042,970120
12,970310,970264,970266,970264,970341
1,970510,970486,970487,970487,970562
2,970730,970708,970708,970709,970782
3,970930,970930,970929,970931,971003
4,971170,971152,971150,971153,971224
5,971340,971374,971371,971375,971445
6,971560,971596,971592,971597,971665
7,971810,971818,971813,971820,971886
8,972010,972040,972034,972042,972107
9,972280,972262,972255,972264,972328
10,972490,972484,972476,972486,972549
11,972710,972706,972698,972708,972769
12,972940,972928,972919,972931,972990
1,973340,973337,973356,973338,973432
2,973590,973559,973577,973560,973653
3,973790,973782,973798,973783,973873
4,974020,974004,974019,974005,974094
5,974210,974227,974240,974227,974315
6,974430,974449,974461,974449,974536
7,974620,974672,974683,974671,974757
8,974850,974894,974904,974893,974977
9,975130,975117,975125,975116,975198
10,975330,975339,975346,975338,975419
11,975590,975562,975567,975560,975640
12,975800,975784,975788,975782,975861
1,976030,976007,976009,976004,976081
2,976220,976229,976230,976227,976302
3,976420,976452,976451,976449,976523
4,976640,976674,976672,976671,976744
5,976850,976897,976893,976893,976964
6,977090,977119,977114,977115,977185
7,977310,977341,977335,977338,977406
8,977540,977564,977556,977560,977627
9,977830,977786,977777,977782,977848
10,978040,978009,977998,978004,978068
11,978260,978231,978219,978226,978289
12,978510,978454,978440,978449,978510
